Patch_Name,X,Y
patch_1.png,0,0
patch_2.png,256,0
patch_3.png,512,0
patch_4.png,768,0
patch_5.png,1024,0
patch_6.png,1280,0
patch_7.png,1536,0
patch_8.png,1792,0
patch_9.png,2048,0
patch_10.png,2304,0
patch_11.png,2560,0
patch_12.png,2816,0
patch_13.png,3072,0
patch_14.png,3328,0
patch_15.png,3584,0
patch_16.png,3840,0
patch_17.png,4096,0
patch_18.png,4352,0
patch_19.png,4608,0
patch_20.png,4864,0
patch_21.png,5120,0
patch_22.png,5376,0
patch_23.png,5632,0
patch_24.png,5888,0
patch_25.png,6144,0
patch_26.png,6400,0
patch_27.png,6656,0
patch_28.png,6912,0
patch_29.png,7168,0
patch_30.png,7424,0
patch_31.png,7680,0
patch_32.png,7936,0
patch_33.png,8192,0
patch_34.png,8448,0
patch_35.png,8704,0
patch_36.png,8960,0
patch_37.png,9216,0
patch_38.png,9472,0
patch_39.png,9728,0
patch_40.png,9984,0
patch_41.png,10240,0
patch_42.png,10496,0
patch_43.png,10752,0
patch_44.png,11008,0
patch_45.png,11264,0
patch_46.png,11520,0
patch_47.png,11776,0
patch_48.png,12032,0
patch_49.png,12288,0
patch_50.png,12544,0
patch_51.png,12800,0
patch_52.png,13056,0
patch_53.png,13312,0
patch_54.png,13568,0
patch_55.png,13824,0
patch_56.png,14080,0
patch_57.png,14336,0
patch_58.png,14592,0
patch_59.png,14848,0
patch_60.png,15104,0
patch_61.png,15360,0
patch_62.png,15616,0
patch_63.png,15872,0
patch_64.png,16128,0
patch_65.png,16384,0
patch_66.png,16640,0
patch_67.png,16896,0
patch_68.png,17152,0
patch_69.png,17408,0
patch_70.png,17664,0
patch_71.png,17920,0
patch_72.png,18176,0
patch_73.png,18432,0
patch_74.png,18688,0
patch_75.png,18944,0
patch_76.png,19200,0
patch_77.png,19456,0
patch_78.png,19712,0
patch_79.png,19968,0
patch_80.png,20224,0
patch_81.png,20480,0
patch_82.png,20736,0
patch_83.png,20992,0
patch_84.png,21248,0
patch_85.png,21504,0
patch_86.png,21760,0
patch_87.png,22016,0
patch_88.png,22272,0
patch_89.png,22528,0
patch_90.png,22784,0
patch_91.png,23040,0
patch_92.png,23296,0
patch_93.png,23552,0
patch_94.png,23808,0
patch_95.png,24064,0
patch_96.png,24320,0
patch_97.png,24576,0
patch_98.png,24832,0
patch_99.png,25088,0
patch_100.png,25344,0
patch_101.png,25600,0
patch_102.png,25856,0
patch_103.png,26112,0
patch_104.png,26368,0
patch_105.png,26624,0
patch_106.png,26880,0
patch_107.png,27136,0
patch_108.png,27392,0
patch_109.png,27648,0
patch_110.png,27904,0
patch_111.png,28160,0
patch_112.png,28416,0
patch_113.png,28672,0
patch_114.png,28928,0
patch_115.png,29184,0
patch_116.png,29440,0
patch_117.png,29696,0
patch_118.png,29952,0
patch_119.png,30208,0
patch_120.png,30464,0
patch_121.png,30720,0
patch_122.png,30976,0
patch_123.png,31232,0
patch_124.png,31488,0
patch_125.png,31744,0
patch_126.png,32000,0
patch_127.png,32256,0
patch_128.png,32512,0
patch_129.png,32768,0
patch_130.png,33024,0
patch_131.png,33280,0
patch_132.png,33536,0
patch_133.png,33792,0
patch_134.png,34048,0
patch_135.png,34304,0
patch_136.png,34560,0
patch_137.png,34816,0
patch_138.png,35072,0
patch_139.png,35328,0
patch_140.png,35584,0
patch_141.png,35840,0
patch_142.png,36096,0
patch_143.png,36352,0
patch_144.png,36608,0
patch_145.png,36864,0
patch_146.png,37120,0
patch_147.png,37376,0
patch_148.png,37632,0
patch_149.png,37888,0
patch_150.png,38144,0
patch_151.png,38400,0
patch_152.png,38656,0
patch_153.png,38912,0
patch_154.png,39168,0
patch_155.png,39424,0
patch_156.png,39680,0
patch_157.png,39936,0
patch_158.png,40192,0
patch_159.png,40448,0
patch_160.png,40704,0
patch_161.png,40960,0
patch_162.png,41216,0
patch_163.png,41472,0
patch_164.png,41728,0
patch_165.png,41984,0
patch_166.png,42240,0
patch_167.png,42496,0
patch_168.png,42752,0
patch_169.png,43008,0
patch_170.png,43264,0
patch_171.png,43520,0
patch_172.png,43776,0
patch_173.png,44032,0
patch_174.png,44288,0
patch_175.png,44544,0
patch_176.png,44800,0
patch_177.png,45056,0
patch_178.png,45312,0
patch_179.png,45568,0
patch_180.png,45824,0
patch_181.png,0,256
patch_182.png,256,256
patch_183.png,512,256
patch_184.png,768,256
patch_185.png,1024,256
patch_186.png,1280,256
patch_187.png,1536,256
patch_188.png,1792,256
patch_189.png,2048,256
patch_190.png,2304,256
patch_191.png,2560,256
patch_192.png,2816,256
patch_193.png,3072,256
patch_194.png,3328,256
patch_195.png,3584,256
patch_196.png,3840,256
patch_197.png,4096,256
patch_198.png,4352,256
patch_199.png,4608,256
patch_200.png,4864,256
patch_201.png,5120,256
patch_202.png,5376,256
patch_203.png,5632,256
patch_204.png,5888,256
patch_205.png,6144,256
patch_206.png,6400,256
patch_207.png,6656,256
patch_208.png,6912,256
patch_209.png,7168,256
patch_210.png,7424,256
patch_211.png,7680,256
patch_212.png,7936,256
patch_213.png,8192,256
patch_214.png,8448,256
patch_215.png,8704,256
patch_216.png,8960,256
patch_217.png,9216,256
patch_218.png,9472,256
patch_219.png,9728,256
patch_220.png,9984,256
patch_221.png,10240,256
patch_222.png,10496,256
patch_223.png,10752,256
patch_224.png,11008,256
patch_225.png,11264,256
patch_226.png,11520,256
patch_227.png,11776,256
patch_228.png,12032,256
patch_229.png,12288,256
patch_230.png,12544,256
patch_231.png,12800,256
patch_232.png,13056,256
patch_233.png,13312,256
patch_234.png,13568,256
patch_235.png,13824,256
patch_236.png,14080,256
patch_237.png,14336,256
patch_238.png,14592,256
patch_239.png,14848,256
patch_240.png,15104,256
patch_241.png,15360,256
patch_242.png,15616,256
patch_243.png,15872,256
patch_244.png,16128,256
patch_245.png,16384,256
patch_246.png,16640,256
patch_247.png,16896,256
patch_248.png,17152,256
patch_249.png,17408,256
patch_250.png,17664,256
patch_251.png,17920,256
patch_252.png,18176,256
patch_253.png,18432,256
patch_254.png,18688,256
patch_255.png,18944,256
patch_256.png,19200,256
patch_257.png,19456,256
patch_258.png,19712,256
patch_259.png,19968,256
patch_260.png,20224,256
patch_261.png,20480,256
patch_262.png,20736,256
patch_263.png,20992,256
patch_264.png,21248,256
patch_265.png,21504,256
patch_266.png,21760,256
patch_267.png,22016,256
patch_268.png,22272,256
patch_269.png,22528,256
patch_270.png,22784,256
patch_271.png,23040,256
patch_272.png,23296,256
patch_273.png,23552,256
patch_274.png,23808,256
patch_275.png,24064,256
patch_276.png,24320,256
patch_277.png,24576,256
patch_278.png,24832,256
patch_279.png,25088,256
patch_280.png,25344,256
patch_281.png,25600,256
patch_282.png,25856,256
patch_283.png,26112,256
patch_284.png,26368,256
patch_285.png,26624,256
patch_286.png,26880,256
patch_287.png,27136,256
patch_288.png,27392,256
patch_289.png,27648,256
patch_290.png,27904,256
patch_291.png,28160,256
patch_292.png,28416,256
patch_293.png,28672,256
patch_294.png,28928,256
patch_295.png,29184,256
patch_296.png,29440,256
patch_297.png,29696,256
patch_298.png,29952,256
patch_299.png,30208,256
patch_300.png,30464,256
patch_301.png,30720,256
patch_302.png,30976,256
patch_303.png,31232,256
patch_304.png,31488,256
patch_305.png,31744,256
patch_306.png,32000,256
patch_307.png,32256,256
patch_308.png,32512,256
patch_309.png,32768,256
patch_310.png,33024,256
patch_311.png,33280,256
patch_312.png,33536,256
patch_313.png,33792,256
patch_314.png,34048,256
patch_315.png,34304,256
patch_316.png,34560,256
patch_317.png,34816,256
patch_318.png,35072,256
patch_319.png,35328,256
patch_320.png,35584,256
patch_321.png,35840,256
patch_322.png,36096,256
patch_323.png,36352,256
patch_324.png,36608,256
patch_325.png,36864,256
patch_326.png,37120,256
patch_327.png,37376,256
patch_328.png,37632,256
patch_329.png,37888,256
patch_330.png,38144,256
patch_331.png,38400,256
patch_332.png,38656,256
patch_333.png,38912,256
patch_334.png,39168,256
patch_335.png,39424,256
patch_336.png,39680,256
patch_337.png,39936,256
patch_338.png,40192,256
patch_339.png,40448,256
patch_340.png,40704,256
patch_341.png,40960,256
patch_342.png,41216,256
patch_343.png,41472,256
patch_344.png,41728,256
patch_345.png,41984,256
patch_346.png,42240,256
patch_347.png,42496,256
patch_348.png,42752,256
patch_349.png,43008,256
patch_350.png,43264,256
patch_351.png,43520,256
patch_352.png,43776,256
patch_353.png,44032,256
patch_354.png,44288,256
patch_355.png,44544,256
patch_356.png,44800,256
patch_357.png,45056,256
patch_358.png,45312,256
patch_359.png,45568,256
patch_360.png,45824,256
patch_361.png,0,512
patch_362.png,256,512
patch_363.png,512,512
patch_364.png,768,512
patch_365.png,1024,512
patch_366.png,1280,512
patch_367.png,1536,512
patch_368.png,1792,512
patch_369.png,2048,512
patch_370.png,2304,512
patch_371.png,2560,512
patch_372.png,2816,512
patch_373.png,3072,512
patch_374.png,3328,512
patch_375.png,3584,512
patch_376.png,3840,512
patch_377.png,4096,512
patch_378.png,4352,512
patch_379.png,4608,512
patch_380.png,4864,512
patch_381.png,5120,512
patch_382.png,5376,512
patch_383.png,5632,512
patch_384.png,5888,512
patch_385.png,6144,512
patch_386.png,6400,512
patch_387.png,6656,512
patch_388.png,6912,512
patch_389.png,7168,512
patch_390.png,7424,512
patch_391.png,7680,512
patch_392.png,7936,512
patch_393.png,8192,512
patch_394.png,8448,512
patch_395.png,8704,512
patch_396.png,8960,512
patch_397.png,9216,512
patch_398.png,9472,512
patch_399.png,9728,512
patch_400.png,9984,512
patch_401.png,10240,512
patch_402.png,10496,512
patch_403.png,10752,512
patch_404.png,11008,512
patch_405.png,11264,512
patch_406.png,11520,512
patch_407.png,11776,512
patch_408.png,12032,512
patch_409.png,12288,512
patch_410.png,12544,512
patch_411.png,12800,512
patch_412.png,13056,512
patch_413.png,13312,512
patch_414.png,13568,512
patch_415.png,13824,512
patch_416.png,14080,512
patch_417.png,14336,512
patch_418.png,14592,512
patch_419.png,14848,512
patch_420.png,15104,512
patch_421.png,15360,512
patch_422.png,15616,512
patch_423.png,15872,512
patch_424.png,16128,512
patch_425.png,16384,512
patch_426.png,16640,512
patch_427.png,16896,512
patch_428.png,17152,512
patch_429.png,17408,512
patch_430.png,17664,512
patch_431.png,17920,512
patch_432.png,18176,512
patch_433.png,18432,512
patch_434.png,18688,512
patch_435.png,18944,512
patch_436.png,19200,512
patch_437.png,19456,512
patch_438.png,19712,512
patch_439.png,19968,512
patch_440.png,20224,512
patch_441.png,20480,512
patch_442.png,20736,512
patch_443.png,20992,512
patch_444.png,21248,512
patch_445.png,21504,512
patch_446.png,21760,512
patch_447.png,22016,512
patch_448.png,22272,512
patch_449.png,22528,512
patch_450.png,22784,512
patch_451.png,23040,512
patch_452.png,23296,512
patch_453.png,23552,512
patch_454.png,23808,512
patch_455.png,24064,512
patch_456.png,24320,512
patch_457.png,24576,512
patch_458.png,24832,512
patch_459.png,25088,512
patch_460.png,25344,512
patch_461.png,25600,512
patch_462.png,25856,512
patch_463.png,26112,512
patch_464.png,26368,512
patch_465.png,26624,512
patch_466.png,26880,512
patch_467.png,27136,512
patch_468.png,27392,512
patch_469.png,27648,512
patch_470.png,27904,512
patch_471.png,28160,512
patch_472.png,28416,512
patch_473.png,28672,512
patch_474.png,28928,512
patch_475.png,29184,512
patch_476.png,29440,512
patch_477.png,29696,512
patch_478.png,29952,512
patch_479.png,30208,512
patch_480.png,30464,512
patch_481.png,30720,512
patch_482.png,30976,512
patch_483.png,31232,512
patch_484.png,31488,512
patch_485.png,31744,512
patch_486.png,32000,512
patch_487.png,32256,512
patch_488.png,32512,512
patch_489.png,32768,512
patch_490.png,33024,512
patch_491.png,33280,512
patch_492.png,33536,512
patch_493.png,33792,512
patch_494.png,34048,512
patch_495.png,34304,512
patch_496.png,34560,512
patch_497.png,34816,512
patch_498.png,35072,512
patch_499.png,35328,512
patch_500.png,35584,512
patch_501.png,35840,512
patch_502.png,36096,512
patch_503.png,36352,512
patch_504.png,36608,512
patch_505.png,36864,512
patch_506.png,37120,512
patch_507.png,37376,512
patch_508.png,37632,512
patch_509.png,37888,512
patch_510.png,38144,512
patch_511.png,38400,512
patch_512.png,38656,512
patch_513.png,38912,512
patch_514.png,39168,512
patch_515.png,39424,512
patch_516.png,39680,512
patch_517.png,39936,512
patch_518.png,40192,512
patch_519.png,40448,512
patch_520.png,40704,512
patch_521.png,40960,512
patch_522.png,41216,512
patch_523.png,41472,512
patch_524.png,41728,512
patch_525.png,41984,512
patch_526.png,42240,512
patch_527.png,42496,512
patch_528.png,42752,512
patch_529.png,43008,512
patch_530.png,43264,512
patch_531.png,43520,512
patch_532.png,43776,512
patch_533.png,44032,512
patch_534.png,44288,512
patch_535.png,44544,512
patch_536.png,44800,512
patch_537.png,45056,512
patch_538.png,45312,512
patch_539.png,45568,512
patch_540.png,45824,512
patch_541.png,0,768
patch_542.png,256,768
patch_543.png,512,768
patch_544.png,768,768
patch_545.png,1024,768
patch_546.png,1280,768
patch_547.png,1536,768
patch_548.png,1792,768
patch_549.png,2048,768
patch_550.png,2304,768
patch_551.png,2560,768
patch_552.png,2816,768
patch_553.png,3072,768
patch_554.png,3328,768
patch_555.png,3584,768
patch_556.png,3840,768
patch_557.png,4096,768
patch_558.png,4352,768
patch_559.png,4608,768
patch_560.png,4864,768
patch_561.png,5120,768
patch_562.png,5376,768
patch_563.png,5632,768
patch_564.png,5888,768
patch_565.png,6144,768
patch_566.png,6400,768
patch_567.png,6656,768
patch_568.png,6912,768
patch_569.png,7168,768
patch_570.png,7424,768
patch_571.png,7680,768
patch_572.png,7936,768
patch_573.png,8192,768
patch_574.png,8448,768
patch_575.png,8704,768
patch_576.png,8960,768
patch_577.png,9216,768
patch_578.png,9472,768
patch_579.png,9728,768
patch_580.png,9984,768
patch_581.png,10240,768
patch_582.png,10496,768
patch_583.png,10752,768
patch_584.png,11008,768
patch_585.png,11264,768
patch_586.png,11520,768
patch_587.png,11776,768
patch_588.png,12032,768
patch_589.png,12288,768
patch_590.png,12544,768
patch_591.png,12800,768
patch_592.png,13056,768
patch_593.png,13312,768
patch_594.png,13568,768
patch_595.png,13824,768
patch_596.png,14080,768
patch_597.png,14336,768
patch_598.png,14592,768
patch_599.png,14848,768
patch_600.png,15104,768
patch_601.png,15360,768
patch_602.png,15616,768
patch_603.png,15872,768
patch_604.png,16128,768
patch_605.png,16384,768
patch_606.png,16640,768
patch_607.png,16896,768
patch_608.png,17152,768
patch_609.png,17408,768
patch_610.png,17664,768
patch_611.png,17920,768
patch_612.png,18176,768
patch_613.png,18432,768
patch_614.png,18688,768
patch_615.png,18944,768
patch_616.png,19200,768
patch_617.png,19456,768
patch_618.png,19712,768
patch_619.png,19968,768
patch_620.png,20224,768
patch_621.png,20480,768
patch_622.png,20736,768
patch_623.png,20992,768
patch_624.png,21248,768
patch_625.png,21504,768
patch_626.png,21760,768
patch_627.png,22016,768
patch_628.png,22272,768
patch_629.png,22528,768
patch_630.png,22784,768
patch_631.png,23040,768
patch_632.png,23296,768
patch_633.png,23552,768
patch_634.png,23808,768
patch_635.png,24064,768
patch_636.png,24320,768
patch_637.png,24576,768
patch_638.png,24832,768
patch_639.png,25088,768
patch_640.png,25344,768
patch_641.png,25600,768
patch_642.png,25856,768
patch_643.png,26112,768
patch_644.png,26368,768
patch_645.png,26624,768
patch_646.png,26880,768
patch_647.png,27136,768
patch_648.png,27392,768
patch_649.png,27648,768
patch_650.png,27904,768
patch_651.png,28160,768
patch_652.png,28416,768
patch_653.png,28672,768
patch_654.png,28928,768
patch_655.png,29184,768
patch_656.png,29440,768
patch_657.png,29696,768
patch_658.png,29952,768
patch_659.png,30208,768
patch_660.png,30464,768
patch_661.png,30720,768
patch_662.png,30976,768
patch_663.png,31232,768
patch_664.png,31488,768
patch_665.png,31744,768
patch_666.png,32000,768
patch_667.png,32256,768
patch_668.png,32512,768
patch_669.png,32768,768
patch_670.png,33024,768
patch_671.png,33280,768
patch_672.png,33536,768
patch_673.png,33792,768
patch_674.png,34048,768
patch_675.png,34304,768
patch_676.png,34560,768
patch_677.png,34816,768
patch_678.png,35072,768
patch_679.png,35328,768
patch_680.png,35584,768
patch_681.png,35840,768
patch_682.png,36096,768
patch_683.png,36352,768
patch_684.png,36608,768
patch_685.png,36864,768
patch_686.png,37120,768
patch_687.png,37376,768
patch_688.png,37632,768
patch_689.png,37888,768
patch_690.png,38144,768
patch_691.png,38400,768
patch_692.png,38656,768
patch_693.png,38912,768
patch_694.png,39168,768
patch_695.png,39424,768
patch_696.png,39680,768
patch_697.png,39936,768
patch_698.png,40192,768
patch_699.png,40448,768
patch_700.png,40704,768
patch_701.png,40960,768
patch_702.png,41216,768
patch_703.png,41472,768
patch_704.png,41728,768
patch_705.png,41984,768
patch_706.png,42240,768
patch_707.png,42496,768
patch_708.png,42752,768
patch_709.png,43008,768
patch_710.png,43264,768
patch_711.png,43520,768
patch_712.png,43776,768
patch_713.png,44032,768
patch_714.png,44288,768
patch_715.png,44544,768
patch_716.png,44800,768
patch_717.png,45056,768
patch_718.png,45312,768
patch_719.png,45568,768
patch_720.png,45824,768
patch_721.png,0,1024
patch_722.png,256,1024
patch_723.png,512,1024
patch_724.png,768,1024
patch_725.png,1024,1024
patch_726.png,1280,1024
patch_727.png,1536,1024
patch_728.png,1792,1024
patch_729.png,2048,1024
patch_730.png,2304,1024
patch_731.png,2560,1024
patch_732.png,2816,1024
patch_733.png,3072,1024
patch_734.png,3328,1024
patch_735.png,3584,1024
patch_736.png,3840,1024
patch_737.png,4096,1024
patch_738.png,4352,1024
patch_739.png,4608,1024
patch_740.png,4864,1024
patch_741.png,5120,1024
patch_742.png,5376,1024
patch_743.png,5632,1024
patch_744.png,5888,1024
patch_745.png,6144,1024
patch_746.png,6400,1024
patch_747.png,6656,1024
patch_748.png,6912,1024
patch_749.png,7168,1024
patch_750.png,7424,1024
patch_751.png,7680,1024
patch_752.png,7936,1024
patch_753.png,8192,1024
patch_754.png,8448,1024
patch_755.png,8704,1024
patch_756.png,8960,1024
patch_757.png,9216,1024
patch_758.png,9472,1024
patch_759.png,9728,1024
patch_760.png,9984,1024
patch_761.png,10240,1024
patch_762.png,10496,1024
patch_763.png,10752,1024
patch_764.png,11008,1024
patch_765.png,11264,1024
patch_766.png,11520,1024
patch_767.png,11776,1024
patch_768.png,12032,1024
patch_769.png,12288,1024
patch_770.png,12544,1024
patch_771.png,12800,1024
patch_772.png,13056,1024
patch_773.png,13312,1024
patch_774.png,13568,1024
patch_775.png,13824,1024
patch_776.png,14080,1024
patch_777.png,14336,1024
patch_778.png,14592,1024
patch_779.png,14848,1024
patch_780.png,15104,1024
patch_781.png,15360,1024
patch_782.png,15616,1024
patch_783.png,15872,1024
patch_784.png,16128,1024
patch_785.png,16384,1024
patch_786.png,16640,1024
patch_787.png,16896,1024
patch_788.png,17152,1024
patch_789.png,17408,1024
patch_790.png,17664,1024
patch_791.png,17920,1024
patch_792.png,18176,1024
patch_793.png,18432,1024
patch_794.png,18688,1024
patch_795.png,18944,1024
patch_796.png,19200,1024
patch_797.png,19456,1024
patch_798.png,19712,1024
patch_799.png,19968,1024
patch_800.png,20224,1024
patch_801.png,20480,1024
patch_802.png,20736,1024
patch_803.png,20992,1024
patch_804.png,21248,1024
patch_805.png,21504,1024
patch_806.png,21760,1024
patch_807.png,22016,1024
patch_808.png,22272,1024
patch_809.png,22528,1024
patch_810.png,22784,1024
patch_811.png,23040,1024
patch_812.png,23296,1024
patch_813.png,23552,1024
patch_814.png,23808,1024
patch_815.png,24064,1024
patch_816.png,24320,1024
patch_817.png,24576,1024
patch_818.png,24832,1024
patch_819.png,25088,1024
patch_820.png,25344,1024
patch_821.png,25600,1024
patch_822.png,25856,1024
patch_823.png,26112,1024
patch_824.png,26368,1024
patch_825.png,26624,1024
patch_826.png,26880,1024
patch_827.png,27136,1024
patch_828.png,27392,1024
patch_829.png,27648,1024
patch_830.png,27904,1024
patch_831.png,28160,1024
patch_832.png,28416,1024
patch_833.png,28672,1024
patch_834.png,28928,1024
patch_835.png,29184,1024
patch_836.png,29440,1024
patch_837.png,29696,1024
patch_838.png,29952,1024
patch_839.png,30208,1024
patch_840.png,30464,1024
patch_841.png,30720,1024
patch_842.png,30976,1024
patch_843.png,31232,1024
patch_844.png,31488,1024
patch_845.png,31744,1024
patch_846.png,32000,1024
patch_847.png,32256,1024
patch_848.png,32512,1024
patch_849.png,32768,1024
patch_850.png,33024,1024
patch_851.png,33280,1024
patch_852.png,33536,1024
patch_853.png,33792,1024
patch_854.png,34048,1024
patch_855.png,34304,1024
patch_856.png,34560,1024
patch_857.png,34816,1024
patch_858.png,35072,1024
patch_859.png,35328,1024
patch_860.png,35584,1024
patch_861.png,35840,1024
patch_862.png,36096,1024
patch_863.png,36352,1024
patch_864.png,36608,1024
patch_865.png,36864,1024
patch_866.png,37120,1024
patch_867.png,37376,1024
patch_868.png,37632,1024
patch_869.png,37888,1024
patch_870.png,38144,1024
patch_871.png,38400,1024
patch_872.png,38656,1024
patch_873.png,38912,1024
patch_874.png,39168,1024
patch_875.png,39424,1024
patch_876.png,39680,1024
patch_877.png,39936,1024
patch_878.png,40192,1024
patch_879.png,40448,1024
patch_880.png,40704,1024
patch_881.png,40960,1024
patch_882.png,41216,1024
patch_883.png,41472,1024
patch_884.png,41728,1024
patch_885.png,41984,1024
patch_886.png,42240,1024
patch_887.png,42496,1024
patch_888.png,42752,1024
patch_889.png,43008,1024
patch_890.png,43264,1024
patch_891.png,43520,1024
patch_892.png,43776,1024
patch_893.png,44032,1024
patch_894.png,44288,1024
patch_895.png,44544,1024
patch_896.png,44800,1024
patch_897.png,45056,1024
patch_898.png,45312,1024
patch_899.png,45568,1024
patch_900.png,45824,1024
patch_901.png,0,1280
patch_902.png,256,1280
patch_903.png,512,1280
patch_904.png,768,1280
patch_905.png,1024,1280
patch_906.png,1280,1280
patch_907.png,1536,1280
patch_908.png,1792,1280
patch_909.png,2048,1280
patch_910.png,2304,1280
patch_911.png,2560,1280
patch_912.png,2816,1280
patch_913.png,3072,1280
patch_914.png,3328,1280
patch_915.png,3584,1280
patch_916.png,3840,1280
patch_917.png,4096,1280
patch_918.png,4352,1280
patch_919.png,4608,1280
patch_920.png,4864,1280
patch_921.png,5120,1280
patch_922.png,5376,1280
patch_923.png,5632,1280
patch_924.png,5888,1280
patch_925.png,6144,1280
patch_926.png,6400,1280
patch_927.png,6656,1280
patch_928.png,6912,1280
patch_929.png,7168,1280
patch_930.png,7424,1280
patch_931.png,7680,1280
patch_932.png,7936,1280
patch_933.png,8192,1280
patch_934.png,8448,1280
patch_935.png,8704,1280
patch_936.png,8960,1280
patch_937.png,9216,1280
patch_938.png,9472,1280
patch_939.png,9728,1280
patch_940.png,9984,1280
patch_941.png,10240,1280
patch_942.png,10496,1280
patch_943.png,10752,1280
patch_944.png,11008,1280
patch_945.png,11264,1280
patch_946.png,11520,1280
patch_947.png,11776,1280
patch_948.png,12032,1280
patch_949.png,12288,1280
patch_950.png,12544,1280
patch_951.png,12800,1280
patch_952.png,13056,1280
patch_953.png,13312,1280
patch_954.png,13568,1280
patch_955.png,13824,1280
patch_956.png,14080,1280
patch_957.png,14336,1280
patch_958.png,14592,1280
patch_959.png,14848,1280
patch_960.png,15104,1280
patch_961.png,15360,1280
patch_962.png,15616,1280
patch_963.png,15872,1280
patch_964.png,16128,1280
patch_965.png,16384,1280
patch_966.png,16640,1280
patch_967.png,16896,1280
patch_968.png,17152,1280
patch_969.png,17408,1280
patch_970.png,17664,1280
patch_971.png,17920,1280
patch_972.png,18176,1280
patch_973.png,18432,1280
patch_974.png,18688,1280
patch_975.png,18944,1280
patch_976.png,19200,1280
patch_977.png,19456,1280
patch_978.png,19712,1280
patch_979.png,19968,1280
patch_980.png,20224,1280
patch_981.png,20480,1280
patch_982.png,20736,1280
patch_983.png,20992,1280
patch_984.png,21248,1280
patch_985.png,21504,1280
patch_986.png,21760,1280
patch_987.png,22016,1280
patch_988.png,22272,1280
patch_989.png,22528,1280
patch_990.png,22784,1280
patch_991.png,23040,1280
patch_992.png,23296,1280
patch_993.png,23552,1280
patch_994.png,23808,1280
patch_995.png,24064,1280
patch_996.png,24320,1280
patch_997.png,24576,1280
patch_998.png,24832,1280
patch_999.png,25088,1280
patch_1000.png,25344,1280
patch_1001.png,25600,1280
patch_1002.png,25856,1280
patch_1003.png,26112,1280
patch_1004.png,26368,1280
patch_1005.png,26624,1280
patch_1006.png,26880,1280
patch_1007.png,27136,1280
patch_1008.png,27392,1280
patch_1009.png,27648,1280
patch_1010.png,27904,1280
patch_1011.png,28160,1280
patch_1012.png,28416,1280
patch_1013.png,28672,1280
patch_1014.png,28928,1280
patch_1015.png,29184,1280
patch_1016.png,29440,1280
patch_1017.png,29696,1280
patch_1018.png,29952,1280
patch_1019.png,30208,1280
patch_1020.png,30464,1280
patch_1021.png,30720,1280
patch_1022.png,30976,1280
patch_1023.png,31232,1280
patch_1024.png,31488,1280
patch_1025.png,31744,1280
patch_1026.png,32000,1280
patch_1027.png,32256,1280
patch_1028.png,32512,1280
patch_1029.png,32768,1280
patch_1030.png,33024,1280
patch_1031.png,33280,1280
patch_1032.png,33536,1280
patch_1033.png,33792,1280
patch_1034.png,34048,1280
patch_1035.png,34304,1280
patch_1036.png,34560,1280
patch_1037.png,34816,1280
patch_1038.png,35072,1280
patch_1039.png,35328,1280
patch_1040.png,35584,1280
patch_1041.png,35840,1280
patch_1042.png,36096,1280
patch_1043.png,36352,1280
patch_1044.png,36608,1280
patch_1045.png,36864,1280
patch_1046.png,37120,1280
patch_1047.png,37376,1280
patch_1048.png,37632,1280
patch_1049.png,37888,1280
patch_1050.png,38144,1280
patch_1051.png,38400,1280
patch_1052.png,38656,1280
patch_1053.png,38912,1280
patch_1054.png,39168,1280
patch_1055.png,39424,1280
patch_1056.png,39680,1280
patch_1057.png,39936,1280
patch_1058.png,40192,1280
patch_1059.png,40448,1280
patch_1060.png,40704,1280
patch_1061.png,40960,1280
patch_1062.png,41216,1280
patch_1063.png,41472,1280
patch_1064.png,41728,1280
patch_1065.png,41984,1280
patch_1066.png,42240,1280
patch_1067.png,42496,1280
patch_1068.png,42752,1280
patch_1069.png,43008,1280
patch_1070.png,43264,1280
patch_1071.png,43520,1280
patch_1072.png,43776,1280
patch_1073.png,44032,1280
patch_1074.png,44288,1280
patch_1075.png,44544,1280
patch_1076.png,44800,1280
patch_1077.png,45056,1280
patch_1078.png,45312,1280
patch_1079.png,45568,1280
patch_1080.png,45824,1280
patch_1081.png,0,1536
patch_1082.png,256,1536
patch_1083.png,512,1536
patch_1084.png,768,1536
patch_1085.png,1024,1536
patch_1086.png,1280,1536
patch_1087.png,1536,1536
patch_1088.png,1792,1536
patch_1089.png,2048,1536
patch_1090.png,2304,1536
patch_1091.png,2560,1536
patch_1092.png,2816,1536
patch_1093.png,3072,1536
patch_1094.png,3328,1536
patch_1095.png,3584,1536
patch_1096.png,3840,1536
patch_1097.png,4096,1536
patch_1098.png,4352,1536
patch_1099.png,4608,1536
patch_1100.png,4864,1536
patch_1101.png,5120,1536
patch_1102.png,5376,1536
patch_1103.png,5632,1536
patch_1104.png,5888,1536
patch_1105.png,6144,1536
patch_1106.png,6400,1536
patch_1107.png,6656,1536
patch_1108.png,6912,1536
patch_1109.png,7168,1536
patch_1110.png,7424,1536
patch_1111.png,7680,1536
patch_1112.png,7936,1536
patch_1113.png,8192,1536
patch_1114.png,8448,1536
patch_1115.png,8704,1536
patch_1116.png,8960,1536
patch_1117.png,9216,1536
patch_1118.png,9472,1536
patch_1119.png,9728,1536
patch_1120.png,9984,1536
patch_1121.png,10240,1536
patch_1122.png,10496,1536
patch_1123.png,10752,1536
patch_1124.png,11008,1536
patch_1125.png,11264,1536
patch_1126.png,11520,1536
patch_1127.png,11776,1536
patch_1128.png,12032,1536
patch_1129.png,12288,1536
patch_1130.png,12544,1536
patch_1131.png,12800,1536
patch_1132.png,13056,1536
patch_1133.png,13312,1536
patch_1134.png,13568,1536
patch_1135.png,13824,1536
patch_1136.png,14080,1536
patch_1137.png,14336,1536
patch_1138.png,14592,1536
patch_1139.png,14848,1536
patch_1140.png,15104,1536
patch_1141.png,15360,1536
patch_1142.png,15616,1536
patch_1143.png,15872,1536
patch_1144.png,16128,1536
patch_1145.png,16384,1536
patch_1146.png,16640,1536
patch_1147.png,16896,1536
patch_1148.png,17152,1536
patch_1149.png,17408,1536
patch_1150.png,17664,1536
patch_1151.png,17920,1536
patch_1152.png,18176,1536
patch_1153.png,18432,1536
patch_1154.png,18688,1536
patch_1155.png,18944,1536
patch_1156.png,19200,1536
patch_1157.png,19456,1536
patch_1158.png,19712,1536
patch_1159.png,19968,1536
patch_1160.png,20224,1536
patch_1161.png,20480,1536
patch_1162.png,20736,1536
patch_1163.png,20992,1536
patch_1164.png,21248,1536
patch_1165.png,21504,1536
patch_1166.png,21760,1536
patch_1167.png,22016,1536
patch_1168.png,22272,1536
patch_1169.png,22528,1536
patch_1170.png,22784,1536
patch_1171.png,23040,1536
patch_1172.png,23296,1536
patch_1173.png,23552,1536
patch_1174.png,23808,1536
patch_1175.png,24064,1536
patch_1176.png,24320,1536
patch_1177.png,24576,1536
patch_1178.png,24832,1536
patch_1179.png,25088,1536
patch_1180.png,25344,1536
patch_1181.png,25600,1536
patch_1182.png,25856,1536
patch_1183.png,26112,1536
patch_1184.png,26368,1536
patch_1185.png,26624,1536
patch_1186.png,26880,1536
patch_1187.png,27136,1536
patch_1188.png,27392,1536
patch_1189.png,27648,1536
patch_1190.png,27904,1536
patch_1191.png,28160,1536
patch_1192.png,28416,1536
patch_1193.png,28672,1536
patch_1194.png,28928,1536
patch_1195.png,29184,1536
patch_1196.png,29440,1536
patch_1197.png,29696,1536
patch_1198.png,29952,1536
patch_1199.png,30208,1536
patch_1200.png,30464,1536
patch_1201.png,30720,1536
patch_1202.png,30976,1536
patch_1203.png,31232,1536
patch_1204.png,31488,1536
patch_1205.png,31744,1536
patch_1206.png,32000,1536
patch_1207.png,32256,1536
patch_1208.png,32512,1536
patch_1209.png,32768,1536
patch_1210.png,33024,1536
patch_1211.png,33280,1536
patch_1212.png,33536,1536
patch_1213.png,33792,1536
patch_1214.png,34048,1536
patch_1215.png,34304,1536
patch_1216.png,34560,1536
patch_1217.png,34816,1536
patch_1218.png,35072,1536
patch_1219.png,35328,1536
patch_1220.png,35584,1536
patch_1221.png,35840,1536
patch_1222.png,36096,1536
patch_1223.png,36352,1536
patch_1224.png,36608,1536
patch_1225.png,36864,1536
patch_1226.png,37120,1536
patch_1227.png,37376,1536
patch_1228.png,37632,1536
patch_1229.png,37888,1536
patch_1230.png,38144,1536
patch_1231.png,38400,1536
patch_1232.png,38656,1536
patch_1233.png,38912,1536
patch_1234.png,39168,1536
patch_1235.png,39424,1536
patch_1236.png,39680,1536
patch_1237.png,39936,1536
patch_1238.png,40192,1536
patch_1239.png,40448,1536
patch_1240.png,40704,1536
patch_1241.png,40960,1536
patch_1242.png,41216,1536
patch_1243.png,41472,1536
patch_1244.png,41728,1536
patch_1245.png,41984,1536
patch_1246.png,42240,1536
patch_1247.png,42496,1536
patch_1248.png,42752,1536
patch_1249.png,43008,1536
patch_1250.png,43264,1536
patch_1251.png,43520,1536
patch_1252.png,43776,1536
patch_1253.png,44032,1536
patch_1254.png,44288,1536
patch_1255.png,44544,1536
patch_1256.png,44800,1536
patch_1257.png,45056,1536
patch_1258.png,45312,1536
patch_1259.png,45568,1536
patch_1260.png,45824,1536
patch_1261.png,0,1792
patch_1262.png,256,1792
patch_1263.png,512,1792
patch_1264.png,768,1792
patch_1265.png,1024,1792
patch_1266.png,1280,1792
patch_1267.png,1536,1792
patch_1268.png,1792,1792
patch_1269.png,2048,1792
patch_1270.png,2304,1792
patch_1271.png,2560,1792
patch_1272.png,2816,1792
patch_1273.png,3072,1792
patch_1274.png,3328,1792
patch_1275.png,3584,1792
patch_1276.png,3840,1792
patch_1277.png,4096,1792
patch_1278.png,4352,1792
patch_1279.png,4608,1792
patch_1280.png,4864,1792
patch_1281.png,5120,1792
patch_1282.png,5376,1792
patch_1283.png,5632,1792
patch_1284.png,5888,1792
patch_1285.png,6144,1792
patch_1286.png,6400,1792
patch_1287.png,6656,1792
patch_1288.png,6912,1792
patch_1289.png,7168,1792
patch_1290.png,7424,1792
patch_1291.png,7680,1792
patch_1292.png,7936,1792
patch_1293.png,8192,1792
patch_1294.png,8448,1792
patch_1295.png,8704,1792
patch_1296.png,8960,1792
patch_1297.png,9216,1792
patch_1298.png,9472,1792
patch_1299.png,9728,1792
patch_1300.png,9984,1792
patch_1301.png,10240,1792
patch_1302.png,10496,1792
patch_1303.png,10752,1792
patch_1304.png,11008,1792
patch_1305.png,11264,1792
patch_1306.png,11520,1792
patch_1307.png,11776,1792
patch_1308.png,12032,1792
patch_1309.png,12288,1792
patch_1310.png,12544,1792
patch_1311.png,12800,1792
patch_1312.png,13056,1792
patch_1313.png,13312,1792
patch_1314.png,13568,1792
patch_1315.png,13824,1792
patch_1316.png,14080,1792
patch_1317.png,14336,1792
patch_1318.png,14592,1792
patch_1319.png,14848,1792
patch_1320.png,15104,1792
patch_1321.png,15360,1792
patch_1322.png,15616,1792
patch_1323.png,15872,1792
patch_1324.png,16128,1792
patch_1325.png,16384,1792
patch_1326.png,16640,1792
patch_1327.png,16896,1792
patch_1328.png,17152,1792
patch_1329.png,17408,1792
patch_1330.png,17664,1792
patch_1331.png,17920,1792
patch_1332.png,18176,1792
patch_1333.png,18432,1792
patch_1334.png,18688,1792
patch_1335.png,18944,1792
patch_1336.png,19200,1792
patch_1337.png,19456,1792
patch_1338.png,19712,1792
patch_1339.png,19968,1792
patch_1340.png,20224,1792
patch_1341.png,20480,1792
patch_1342.png,20736,1792
patch_1343.png,20992,1792
patch_1344.png,21248,1792
patch_1345.png,21504,1792
patch_1346.png,21760,1792
patch_1347.png,22016,1792
patch_1348.png,22272,1792
patch_1349.png,22528,1792
patch_1350.png,22784,1792
patch_1351.png,23040,1792
patch_1352.png,23296,1792
patch_1353.png,23552,1792
patch_1354.png,23808,1792
patch_1355.png,24064,1792
patch_1356.png,24320,1792
patch_1357.png,24576,1792
patch_1358.png,24832,1792
patch_1359.png,25088,1792
patch_1360.png,25344,1792
patch_1361.png,25600,1792
patch_1362.png,25856,1792
patch_1363.png,26112,1792
patch_1364.png,26368,1792
patch_1365.png,26624,1792
patch_1366.png,26880,1792
patch_1367.png,27136,1792
patch_1368.png,27392,1792
patch_1369.png,27648,1792
patch_1370.png,27904,1792
patch_1371.png,28160,1792
patch_1372.png,28416,1792
patch_1373.png,28672,1792
patch_1374.png,28928,1792
patch_1375.png,29184,1792
patch_1376.png,29440,1792
patch_1377.png,29696,1792
patch_1378.png,29952,1792
patch_1379.png,30208,1792
patch_1380.png,30464,1792
patch_1381.png,30720,1792
patch_1382.png,30976,1792
patch_1383.png,31232,1792
patch_1384.png,31488,1792
patch_1385.png,31744,1792
patch_1386.png,32000,1792
patch_1387.png,32256,1792
patch_1388.png,32512,1792
patch_1389.png,32768,1792
patch_1390.png,33024,1792
patch_1391.png,33280,1792
patch_1392.png,33536,1792
patch_1393.png,33792,1792
patch_1394.png,34048,1792
patch_1395.png,34304,1792
patch_1396.png,34560,1792
patch_1397.png,34816,1792
patch_1398.png,35072,1792
patch_1399.png,35328,1792
patch_1400.png,35584,1792
patch_1401.png,35840,1792
patch_1402.png,36096,1792
patch_1403.png,36352,1792
patch_1404.png,36608,1792
patch_1405.png,36864,1792
patch_1406.png,37120,1792
patch_1407.png,37376,1792
patch_1408.png,37632,1792
patch_1409.png,37888,1792
patch_1410.png,38144,1792
patch_1411.png,38400,1792
patch_1412.png,38656,1792
patch_1413.png,38912,1792
patch_1414.png,39168,1792
patch_1415.png,39424,1792
patch_1416.png,39680,1792
patch_1417.png,39936,1792
patch_1418.png,40192,1792
patch_1419.png,40448,1792
patch_1420.png,40704,1792
patch_1421.png,40960,1792
patch_1422.png,41216,1792
patch_1423.png,41472,1792
patch_1424.png,41728,1792
patch_1425.png,41984,1792
patch_1426.png,42240,1792
patch_1427.png,42496,1792
patch_1428.png,42752,1792
patch_1429.png,43008,1792
patch_1430.png,43264,1792
patch_1431.png,43520,1792
patch_1432.png,43776,1792
patch_1433.png,44032,1792
patch_1434.png,44288,1792
patch_1435.png,44544,1792
patch_1436.png,44800,1792
patch_1437.png,45056,1792
patch_1438.png,45312,1792
patch_1439.png,45568,1792
patch_1440.png,45824,1792
patch_1441.png,0,2048
patch_1442.png,256,2048
patch_1443.png,512,2048
patch_1444.png,768,2048
patch_1445.png,1024,2048
patch_1446.png,1280,2048
patch_1447.png,1536,2048
patch_1448.png,1792,2048
patch_1449.png,2048,2048
patch_1450.png,2304,2048
patch_1451.png,2560,2048
patch_1452.png,2816,2048
patch_1453.png,3072,2048
patch_1454.png,3328,2048
patch_1455.png,3584,2048
patch_1456.png,3840,2048
patch_1457.png,4096,2048
patch_1458.png,4352,2048
patch_1459.png,4608,2048
patch_1460.png,4864,2048
patch_1461.png,5120,2048
patch_1462.png,5376,2048
patch_1463.png,5632,2048
patch_1464.png,5888,2048
patch_1465.png,6144,2048
patch_1466.png,6400,2048
patch_1467.png,6656,2048
patch_1468.png,6912,2048
patch_1469.png,7168,2048
patch_1470.png,7424,2048
patch_1471.png,7680,2048
patch_1472.png,7936,2048
patch_1473.png,8192,2048
patch_1474.png,8448,2048
patch_1475.png,8704,2048
patch_1476.png,8960,2048
patch_1477.png,9216,2048
patch_1478.png,9472,2048
patch_1479.png,9728,2048
patch_1480.png,9984,2048
patch_1481.png,10240,2048
patch_1482.png,10496,2048
patch_1483.png,10752,2048
patch_1484.png,11008,2048
patch_1485.png,11264,2048
patch_1486.png,11520,2048
patch_1487.png,11776,2048
patch_1488.png,12032,2048
patch_1489.png,12288,2048
patch_1490.png,12544,2048
patch_1491.png,12800,2048
patch_1492.png,13056,2048
patch_1493.png,13312,2048
patch_1494.png,13568,2048
patch_1495.png,13824,2048
patch_1496.png,14080,2048
patch_1497.png,14336,2048
patch_1498.png,14592,2048
patch_1499.png,14848,2048
patch_1500.png,15104,2048
patch_1501.png,15360,2048
patch_1502.png,15616,2048
patch_1503.png,15872,2048
patch_1504.png,16128,2048
patch_1505.png,16384,2048
patch_1506.png,16640,2048
patch_1507.png,16896,2048
patch_1508.png,17152,2048
patch_1509.png,17408,2048
patch_1510.png,17664,2048
patch_1511.png,17920,2048
patch_1512.png,18176,2048
patch_1513.png,18432,2048
patch_1514.png,18688,2048
patch_1515.png,18944,2048
patch_1516.png,19200,2048
patch_1517.png,19456,2048
patch_1518.png,19712,2048
patch_1519.png,19968,2048
patch_1520.png,20224,2048
patch_1521.png,20480,2048
patch_1522.png,20736,2048
patch_1523.png,20992,2048
patch_1524.png,21248,2048
patch_1525.png,21504,2048
patch_1526.png,21760,2048
patch_1527.png,22016,2048
patch_1528.png,22272,2048
patch_1529.png,22528,2048
patch_1530.png,22784,2048
patch_1531.png,23040,2048
patch_1532.png,23296,2048
patch_1533.png,23552,2048
patch_1534.png,23808,2048
patch_1535.png,24064,2048
patch_1536.png,24320,2048
patch_1537.png,24576,2048
patch_1538.png,24832,2048
patch_1539.png,25088,2048
patch_1540.png,25344,2048
patch_1541.png,25600,2048
patch_1542.png,25856,2048
patch_1543.png,26112,2048
patch_1544.png,26368,2048
patch_1545.png,26624,2048
patch_1546.png,26880,2048
patch_1547.png,27136,2048
patch_1548.png,27392,2048
patch_1549.png,27648,2048
patch_1550.png,27904,2048
patch_1551.png,28160,2048
patch_1552.png,28416,2048
patch_1553.png,28672,2048
patch_1554.png,28928,2048
patch_1555.png,29184,2048
patch_1556.png,29440,2048
patch_1557.png,29696,2048
patch_1558.png,29952,2048
patch_1559.png,30208,2048
patch_1560.png,30464,2048
patch_1561.png,30720,2048
patch_1562.png,30976,2048
patch_1563.png,31232,2048
patch_1564.png,31488,2048
patch_1565.png,31744,2048
patch_1566.png,32000,2048
patch_1567.png,32256,2048
patch_1568.png,32512,2048
patch_1569.png,32768,2048
patch_1570.png,33024,2048
patch_1571.png,33280,2048
patch_1572.png,33536,2048
patch_1573.png,33792,2048
patch_1574.png,34048,2048
patch_1575.png,34304,2048
patch_1576.png,34560,2048
patch_1577.png,34816,2048
patch_1578.png,35072,2048
patch_1579.png,35328,2048
patch_1580.png,35584,2048
patch_1581.png,35840,2048
patch_1582.png,36096,2048
patch_1583.png,36352,2048
patch_1584.png,36608,2048
patch_1585.png,36864,2048
patch_1586.png,37120,2048
patch_1587.png,37376,2048
patch_1588.png,37632,2048
patch_1589.png,37888,2048
patch_1590.png,38144,2048
patch_1591.png,38400,2048
patch_1592.png,38656,2048
patch_1593.png,38912,2048
patch_1594.png,39168,2048
patch_1595.png,39424,2048
patch_1596.png,39680,2048
patch_1597.png,39936,2048
patch_1598.png,40192,2048
patch_1599.png,40448,2048
patch_1600.png,40704,2048
patch_1601.png,40960,2048
patch_1602.png,41216,2048
patch_1603.png,41472,2048
patch_1604.png,41728,2048
patch_1605.png,41984,2048
patch_1606.png,42240,2048
patch_1607.png,42496,2048
patch_1608.png,42752,2048
patch_1609.png,43008,2048
patch_1610.png,43264,2048
patch_1611.png,43520,2048
patch_1612.png,43776,2048
patch_1613.png,44032,2048
patch_1614.png,44288,2048
patch_1615.png,44544,2048
patch_1616.png,44800,2048
patch_1617.png,45056,2048
patch_1618.png,45312,2048
patch_1619.png,45568,2048
patch_1620.png,45824,2048
patch_1621.png,0,2304
patch_1622.png,256,2304
patch_1623.png,512,2304
patch_1624.png,768,2304
patch_1625.png,1024,2304
patch_1626.png,1280,2304
patch_1627.png,1536,2304
patch_1628.png,1792,2304
patch_1629.png,2048,2304
patch_1630.png,2304,2304
patch_1631.png,2560,2304
patch_1632.png,2816,2304
patch_1633.png,3072,2304
patch_1634.png,3328,2304
patch_1635.png,3584,2304
patch_1636.png,3840,2304
patch_1637.png,4096,2304
patch_1638.png,4352,2304
patch_1639.png,4608,2304
patch_1640.png,4864,2304
patch_1641.png,5120,2304
patch_1642.png,5376,2304
patch_1643.png,5632,2304
patch_1644.png,5888,2304
patch_1645.png,6144,2304
patch_1646.png,6400,2304
patch_1647.png,6656,2304
patch_1648.png,6912,2304
patch_1649.png,7168,2304
patch_1650.png,7424,2304
patch_1651.png,7680,2304
patch_1652.png,7936,2304
patch_1653.png,8192,2304
patch_1654.png,8448,2304
patch_1655.png,8704,2304
patch_1656.png,8960,2304
patch_1657.png,9216,2304
patch_1658.png,9472,2304
patch_1659.png,9728,2304
patch_1660.png,9984,2304
patch_1661.png,10240,2304
patch_1662.png,10496,2304
patch_1663.png,10752,2304
patch_1664.png,11008,2304
patch_1665.png,11264,2304
patch_1666.png,11520,2304
patch_1667.png,11776,2304
patch_1668.png,12032,2304
patch_1669.png,12288,2304
patch_1670.png,12544,2304
patch_1671.png,12800,2304
patch_1672.png,13056,2304
patch_1673.png,13312,2304
patch_1674.png,13568,2304
patch_1675.png,13824,2304
patch_1676.png,14080,2304
patch_1677.png,14336,2304
patch_1678.png,14592,2304
patch_1679.png,14848,2304
patch_1680.png,15104,2304
patch_1681.png,15360,2304
patch_1682.png,15616,2304
patch_1683.png,15872,2304
patch_1684.png,16128,2304
patch_1685.png,16384,2304
patch_1686.png,16640,2304
patch_1687.png,16896,2304
patch_1688.png,17152,2304
patch_1689.png,17408,2304
patch_1690.png,17664,2304
patch_1691.png,17920,2304
patch_1692.png,18176,2304
patch_1693.png,18432,2304
patch_1694.png,18688,2304
patch_1695.png,18944,2304
patch_1696.png,19200,2304
patch_1697.png,19456,2304
patch_1698.png,19712,2304
patch_1699.png,19968,2304
patch_1700.png,20224,2304
patch_1701.png,20480,2304
patch_1702.png,20736,2304
patch_1703.png,20992,2304
patch_1704.png,21248,2304
patch_1705.png,21504,2304
patch_1706.png,21760,2304
patch_1707.png,22016,2304
patch_1708.png,22272,2304
patch_1709.png,22528,2304
patch_1710.png,22784,2304
patch_1711.png,23040,2304
patch_1712.png,23296,2304
patch_1713.png,23552,2304
patch_1714.png,23808,2304
patch_1715.png,24064,2304
patch_1716.png,24320,2304
patch_1717.png,24576,2304
patch_1718.png,24832,2304
patch_1719.png,25088,2304
patch_1720.png,25344,2304
patch_1721.png,25600,2304
patch_1722.png,25856,2304
patch_1723.png,26112,2304
patch_1724.png,26368,2304
patch_1725.png,26624,2304
patch_1726.png,26880,2304
patch_1727.png,27136,2304
patch_1728.png,27392,2304
patch_1729.png,27648,2304
patch_1730.png,27904,2304
patch_1731.png,28160,2304
patch_1732.png,28416,2304
patch_1733.png,28672,2304
patch_1734.png,28928,2304
patch_1735.png,29184,2304
patch_1736.png,29440,2304
patch_1737.png,29696,2304
patch_1738.png,29952,2304
patch_1739.png,30208,2304
patch_1740.png,30464,2304
patch_1741.png,30720,2304
patch_1742.png,30976,2304
patch_1743.png,31232,2304
patch_1744.png,31488,2304
patch_1745.png,31744,2304
patch_1746.png,32000,2304
patch_1747.png,32256,2304
patch_1748.png,32512,2304
patch_1749.png,32768,2304
patch_1750.png,33024,2304
patch_1751.png,33280,2304
patch_1752.png,33536,2304
patch_1753.png,33792,2304
patch_1754.png,34048,2304
patch_1755.png,34304,2304
patch_1756.png,34560,2304
patch_1757.png,34816,2304
patch_1758.png,35072,2304
patch_1759.png,35328,2304
patch_1760.png,35584,2304
patch_1761.png,35840,2304
patch_1762.png,36096,2304
patch_1763.png,36352,2304
patch_1764.png,36608,2304
patch_1765.png,36864,2304
patch_1766.png,37120,2304
patch_1767.png,37376,2304
patch_1768.png,37632,2304
patch_1769.png,37888,2304
patch_1770.png,38144,2304
patch_1771.png,38400,2304
patch_1772.png,38656,2304
patch_1773.png,38912,2304
patch_1774.png,39168,2304
patch_1775.png,39424,2304
patch_1776.png,39680,2304
patch_1777.png,39936,2304
patch_1778.png,40192,2304
patch_1779.png,40448,2304
patch_1780.png,40704,2304
patch_1781.png,40960,2304
patch_1782.png,41216,2304
patch_1783.png,41472,2304
patch_1784.png,41728,2304
patch_1785.png,41984,2304
patch_1786.png,42240,2304
patch_1787.png,42496,2304
patch_1788.png,42752,2304
patch_1789.png,43008,2304
patch_1790.png,43264,2304
patch_1791.png,43520,2304
patch_1792.png,43776,2304
patch_1793.png,44032,2304
patch_1794.png,44288,2304
patch_1795.png,44544,2304
patch_1796.png,44800,2304
patch_1797.png,45056,2304
patch_1798.png,45312,2304
patch_1799.png,45568,2304
patch_1800.png,45824,2304
patch_1801.png,0,2560
patch_1802.png,256,2560
patch_1803.png,512,2560
patch_1804.png,768,2560
patch_1805.png,1024,2560
patch_1806.png,1280,2560
patch_1807.png,1536,2560
patch_1808.png,1792,2560
patch_1809.png,2048,2560
patch_1810.png,2304,2560
patch_1811.png,2560,2560
patch_1812.png,2816,2560
patch_1813.png,3072,2560
patch_1814.png,3328,2560
patch_1815.png,3584,2560
patch_1816.png,3840,2560
patch_1817.png,4096,2560
patch_1818.png,4352,2560
patch_1819.png,4608,2560
patch_1820.png,4864,2560
patch_1821.png,5120,2560
patch_1822.png,5376,2560
patch_1823.png,5632,2560
patch_1824.png,5888,2560
patch_1825.png,6144,2560
patch_1826.png,6400,2560
patch_1827.png,6656,2560
patch_1828.png,6912,2560
patch_1829.png,7168,2560
patch_1830.png,7424,2560
patch_1831.png,7680,2560
patch_1832.png,7936,2560
patch_1833.png,8192,2560
patch_1834.png,8448,2560
patch_1835.png,8704,2560
patch_1836.png,8960,2560
patch_1837.png,9216,2560
patch_1838.png,9472,2560
patch_1839.png,9728,2560
patch_1840.png,9984,2560
patch_1841.png,10240,2560
patch_1842.png,10496,2560
patch_1843.png,10752,2560
patch_1844.png,11008,2560
patch_1845.png,11264,2560
patch_1846.png,11520,2560
patch_1847.png,11776,2560
patch_1848.png,12032,2560
patch_1849.png,12288,2560
patch_1850.png,12544,2560
patch_1851.png,12800,2560
patch_1852.png,13056,2560
patch_1853.png,13312,2560
patch_1854.png,13568,2560
patch_1855.png,13824,2560
patch_1856.png,14080,2560
patch_1857.png,14336,2560
patch_1858.png,14592,2560
patch_1859.png,14848,2560
patch_1860.png,15104,2560
patch_1861.png,15360,2560
patch_1862.png,15616,2560
patch_1863.png,15872,2560
patch_1864.png,16128,2560
patch_1865.png,16384,2560
patch_1866.png,16640,2560
patch_1867.png,16896,2560
patch_1868.png,17152,2560
patch_1869.png,17408,2560
patch_1870.png,17664,2560
patch_1871.png,17920,2560
patch_1872.png,18176,2560
patch_1873.png,18432,2560
patch_1874.png,18688,2560
patch_1875.png,18944,2560
patch_1876.png,19200,2560
patch_1877.png,19456,2560
patch_1878.png,19712,2560
patch_1879.png,19968,2560
patch_1880.png,20224,2560
patch_1881.png,20480,2560
patch_1882.png,20736,2560
patch_1883.png,20992,2560
patch_1884.png,21248,2560
patch_1885.png,21504,2560
patch_1886.png,21760,2560
patch_1887.png,22016,2560
patch_1888.png,22272,2560
patch_1889.png,22528,2560
patch_1890.png,22784,2560
patch_1891.png,23040,2560
patch_1892.png,23296,2560
patch_1893.png,23552,2560
patch_1894.png,23808,2560
patch_1895.png,24064,2560
patch_1896.png,24320,2560
patch_1897.png,24576,2560
patch_1898.png,24832,2560
patch_1899.png,25088,2560
patch_1900.png,25344,2560
patch_1901.png,25600,2560
patch_1902.png,25856,2560
patch_1903.png,26112,2560
patch_1904.png,26368,2560
patch_1905.png,26624,2560
patch_1906.png,26880,2560
patch_1907.png,27136,2560
patch_1908.png,27392,2560
patch_1909.png,27648,2560
patch_1910.png,27904,2560
patch_1911.png,28160,2560
patch_1912.png,28416,2560
patch_1913.png,28672,2560
patch_1914.png,28928,2560
patch_1915.png,29184,2560
patch_1916.png,29440,2560
patch_1917.png,29696,2560
patch_1918.png,29952,2560
patch_1919.png,30208,2560
patch_1920.png,30464,2560
patch_1921.png,30720,2560
patch_1922.png,30976,2560
patch_1923.png,31232,2560
patch_1924.png,31488,2560
patch_1925.png,31744,2560
patch_1926.png,32000,2560
patch_1927.png,32256,2560
patch_1928.png,32512,2560
patch_1929.png,32768,2560
patch_1930.png,33024,2560
patch_1931.png,33280,2560
patch_1932.png,33536,2560
patch_1933.png,33792,2560
patch_1934.png,34048,2560
patch_1935.png,34304,2560
patch_1936.png,34560,2560
patch_1937.png,34816,2560
patch_1938.png,35072,2560
patch_1939.png,35328,2560
patch_1940.png,35584,2560
patch_1941.png,35840,2560
patch_1942.png,36096,2560
patch_1943.png,36352,2560
patch_1944.png,36608,2560
patch_1945.png,36864,2560
patch_1946.png,37120,2560
patch_1947.png,37376,2560
patch_1948.png,37632,2560
patch_1949.png,37888,2560
patch_1950.png,38144,2560
patch_1951.png,38400,2560
patch_1952.png,38656,2560
patch_1953.png,38912,2560
patch_1954.png,39168,2560
patch_1955.png,39424,2560
patch_1956.png,39680,2560
patch_1957.png,39936,2560
patch_1958.png,40192,2560
patch_1959.png,40448,2560
patch_1960.png,40704,2560
patch_1961.png,40960,2560
patch_1962.png,41216,2560
patch_1963.png,41472,2560
patch_1964.png,41728,2560
patch_1965.png,41984,2560
patch_1966.png,42240,2560
patch_1967.png,42496,2560
patch_1968.png,42752,2560
patch_1969.png,43008,2560
patch_1970.png,43264,2560
patch_1971.png,43520,2560
patch_1972.png,43776,2560
patch_1973.png,44032,2560
patch_1974.png,44288,2560
patch_1975.png,44544,2560
patch_1976.png,44800,2560
patch_1977.png,45056,2560
patch_1978.png,45312,2560
patch_1979.png,45568,2560
patch_1980.png,45824,2560
patch_1981.png,0,2816
patch_1982.png,256,2816
patch_1983.png,512,2816
patch_1984.png,768,2816
patch_1985.png,1024,2816
patch_1986.png,1280,2816
patch_1987.png,1536,2816
patch_1988.png,1792,2816
patch_1989.png,2048,2816
patch_1990.png,2304,2816
patch_1991.png,2560,2816
patch_1992.png,2816,2816
patch_1993.png,3072,2816
patch_1994.png,3328,2816
patch_1995.png,3584,2816
patch_1996.png,3840,2816
patch_1997.png,4096,2816
patch_1998.png,4352,2816
patch_1999.png,4608,2816
patch_2000.png,4864,2816
patch_2001.png,5120,2816
patch_2002.png,5376,2816
patch_2003.png,5632,2816
patch_2004.png,5888,2816
patch_2005.png,6144,2816
patch_2006.png,6400,2816
patch_2007.png,6656,2816
patch_2008.png,6912,2816
patch_2009.png,7168,2816
patch_2010.png,7424,2816
patch_2011.png,7680,2816
patch_2012.png,7936,2816
patch_2013.png,8192,2816
patch_2014.png,8448,2816
patch_2015.png,8704,2816
patch_2016.png,8960,2816
patch_2017.png,9216,2816
patch_2018.png,9472,2816
patch_2019.png,9728,2816
patch_2020.png,9984,2816
patch_2021.png,10240,2816
patch_2022.png,10496,2816
patch_2023.png,10752,2816
patch_2024.png,11008,2816
patch_2025.png,11264,2816
patch_2026.png,11520,2816
patch_2027.png,11776,2816
patch_2028.png,12032,2816
patch_2029.png,12288,2816
patch_2030.png,12544,2816
patch_2031.png,12800,2816
patch_2032.png,13056,2816
patch_2033.png,13312,2816
patch_2034.png,13568,2816
patch_2035.png,13824,2816
patch_2036.png,14080,2816
patch_2037.png,14336,2816
patch_2038.png,14592,2816
patch_2039.png,14848,2816
patch_2040.png,15104,2816
patch_2041.png,15360,2816
patch_2042.png,15616,2816
patch_2043.png,15872,2816
patch_2044.png,16128,2816
patch_2045.png,16384,2816
patch_2046.png,16640,2816
patch_2047.png,16896,2816
patch_2048.png,17152,2816
patch_2049.png,17408,2816
patch_2050.png,17664,2816
patch_2051.png,17920,2816
patch_2052.png,18176,2816
patch_2053.png,18432,2816
patch_2054.png,18688,2816
patch_2055.png,18944,2816
patch_2056.png,19200,2816
patch_2057.png,19456,2816
patch_2058.png,19712,2816
patch_2059.png,19968,2816
patch_2060.png,20224,2816
patch_2061.png,20480,2816
patch_2062.png,20736,2816
patch_2063.png,20992,2816
patch_2064.png,21248,2816
patch_2065.png,21504,2816
patch_2066.png,21760,2816
patch_2067.png,22016,2816
patch_2068.png,22272,2816
patch_2069.png,22528,2816
patch_2070.png,22784,2816
patch_2071.png,23040,2816
patch_2072.png,23296,2816
patch_2073.png,23552,2816
patch_2074.png,23808,2816
patch_2075.png,24064,2816
patch_2076.png,24320,2816
patch_2077.png,24576,2816
patch_2078.png,24832,2816
patch_2079.png,25088,2816
patch_2080.png,25344,2816
patch_2081.png,25600,2816
patch_2082.png,25856,2816
patch_2083.png,26112,2816
patch_2084.png,26368,2816
patch_2085.png,26624,2816
patch_2086.png,26880,2816
patch_2087.png,27136,2816
patch_2088.png,27392,2816
patch_2089.png,27648,2816
patch_2090.png,27904,2816
patch_2091.png,28160,2816
patch_2092.png,28416,2816
patch_2093.png,28672,2816
patch_2094.png,28928,2816
patch_2095.png,29184,2816
patch_2096.png,29440,2816
patch_2097.png,29696,2816
patch_2098.png,29952,2816
patch_2099.png,30208,2816
patch_2100.png,30464,2816
patch_2101.png,30720,2816
patch_2102.png,30976,2816
patch_2103.png,31232,2816
patch_2104.png,31488,2816
patch_2105.png,31744,2816
patch_2106.png,32000,2816
patch_2107.png,32256,2816
patch_2108.png,32512,2816
patch_2109.png,32768,2816
patch_2110.png,33024,2816
patch_2111.png,33280,2816
patch_2112.png,33536,2816
patch_2113.png,33792,2816
patch_2114.png,34048,2816
patch_2115.png,34304,2816
patch_2116.png,34560,2816
patch_2117.png,34816,2816
patch_2118.png,35072,2816
patch_2119.png,35328,2816
patch_2120.png,35584,2816
patch_2121.png,35840,2816
patch_2122.png,36096,2816
patch_2123.png,36352,2816
patch_2124.png,36608,2816
patch_2125.png,36864,2816
patch_2126.png,37120,2816
patch_2127.png,37376,2816
patch_2128.png,37632,2816
patch_2129.png,37888,2816
patch_2130.png,38144,2816
patch_2131.png,38400,2816
patch_2132.png,38656,2816
patch_2133.png,38912,2816
patch_2134.png,39168,2816
patch_2135.png,39424,2816
patch_2136.png,39680,2816
patch_2137.png,39936,2816
patch_2138.png,40192,2816
patch_2139.png,40448,2816
patch_2140.png,40704,2816
patch_2141.png,40960,2816
patch_2142.png,41216,2816
patch_2143.png,41472,2816
patch_2144.png,41728,2816
patch_2145.png,41984,2816
patch_2146.png,42240,2816
patch_2147.png,42496,2816
patch_2148.png,42752,2816
patch_2149.png,43008,2816
patch_2150.png,43264,2816
patch_2151.png,43520,2816
patch_2152.png,43776,2816
patch_2153.png,44032,2816
patch_2154.png,44288,2816
patch_2155.png,44544,2816
patch_2156.png,44800,2816
patch_2157.png,45056,2816
patch_2158.png,45312,2816
patch_2159.png,45568,2816
patch_2160.png,45824,2816
patch_2161.png,0,3072
patch_2162.png,256,3072
patch_2163.png,512,3072
patch_2164.png,768,3072
patch_2165.png,1024,3072
patch_2166.png,1280,3072
patch_2167.png,1536,3072
patch_2168.png,1792,3072
patch_2169.png,2048,3072
patch_2170.png,2304,3072
patch_2171.png,2560,3072
patch_2172.png,2816,3072
patch_2173.png,3072,3072
patch_2174.png,3328,3072
patch_2175.png,3584,3072
patch_2176.png,3840,3072
patch_2177.png,4096,3072
patch_2178.png,4352,3072
patch_2179.png,4608,3072
patch_2180.png,4864,3072
patch_2181.png,5120,3072
patch_2182.png,5376,3072
patch_2183.png,5632,3072
patch_2184.png,5888,3072
patch_2185.png,6144,3072
patch_2186.png,6400,3072
patch_2187.png,6656,3072
patch_2188.png,6912,3072
patch_2189.png,7168,3072
patch_2190.png,7424,3072
patch_2191.png,7680,3072
patch_2192.png,7936,3072
patch_2193.png,8192,3072
patch_2194.png,8448,3072
patch_2195.png,8704,3072
patch_2196.png,8960,3072
patch_2197.png,9216,3072
patch_2198.png,9472,3072
patch_2199.png,9728,3072
patch_2200.png,9984,3072
patch_2201.png,10240,3072
patch_2202.png,10496,3072
patch_2203.png,10752,3072
patch_2204.png,11008,3072
patch_2205.png,11264,3072
patch_2206.png,11520,3072
patch_2207.png,11776,3072
patch_2208.png,12032,3072
patch_2209.png,12288,3072
patch_2210.png,12544,3072
patch_2211.png,12800,3072
patch_2212.png,13056,3072
patch_2213.png,13312,3072
patch_2214.png,13568,3072
patch_2215.png,13824,3072
patch_2216.png,14080,3072
patch_2217.png,14336,3072
patch_2218.png,14592,3072
patch_2219.png,14848,3072
patch_2220.png,15104,3072
patch_2221.png,15360,3072
patch_2222.png,15616,3072
patch_2223.png,15872,3072
patch_2224.png,16128,3072
patch_2225.png,16384,3072
patch_2226.png,16640,3072
patch_2227.png,16896,3072
patch_2228.png,17152,3072
patch_2229.png,17408,3072
patch_2230.png,17664,3072
patch_2231.png,17920,3072
patch_2232.png,18176,3072
patch_2233.png,18432,3072
patch_2234.png,18688,3072
patch_2235.png,18944,3072
patch_2236.png,19200,3072
patch_2237.png,19456,3072
patch_2238.png,19712,3072
patch_2239.png,19968,3072
patch_2240.png,20224,3072
patch_2241.png,20480,3072
patch_2242.png,20736,3072
patch_2243.png,20992,3072
patch_2244.png,21248,3072
patch_2245.png,21504,3072
patch_2246.png,21760,3072
patch_2247.png,22016,3072
patch_2248.png,22272,3072
patch_2249.png,22528,3072
patch_2250.png,22784,3072
patch_2251.png,23040,3072
patch_2252.png,23296,3072
patch_2253.png,23552,3072
patch_2254.png,23808,3072
patch_2255.png,24064,3072
patch_2256.png,24320,3072
patch_2257.png,24576,3072
patch_2258.png,24832,3072
patch_2259.png,25088,3072
patch_2260.png,25344,3072
patch_2261.png,25600,3072
patch_2262.png,25856,3072
patch_2263.png,26112,3072
patch_2264.png,26368,3072
patch_2265.png,26624,3072
patch_2266.png,26880,3072
patch_2267.png,27136,3072
patch_2268.png,27392,3072
patch_2269.png,27648,3072
patch_2270.png,27904,3072
patch_2271.png,28160,3072
patch_2272.png,28416,3072
patch_2273.png,28672,3072
patch_2274.png,28928,3072
patch_2275.png,29184,3072
patch_2276.png,29440,3072
patch_2277.png,29696,3072
patch_2278.png,29952,3072
patch_2279.png,30208,3072
patch_2280.png,30464,3072
patch_2281.png,30720,3072
patch_2282.png,30976,3072
patch_2283.png,31232,3072
patch_2284.png,31488,3072
patch_2285.png,31744,3072
patch_2286.png,32000,3072
patch_2287.png,32256,3072
patch_2288.png,32512,3072
patch_2289.png,32768,3072
patch_2290.png,33024,3072
patch_2291.png,33280,3072
patch_2292.png,33536,3072
patch_2293.png,33792,3072
patch_2294.png,34048,3072
patch_2295.png,34304,3072
patch_2296.png,34560,3072
patch_2297.png,34816,3072
patch_2298.png,35072,3072
patch_2299.png,35328,3072
patch_2300.png,35584,3072
patch_2301.png,35840,3072
patch_2302.png,36096,3072
patch_2303.png,36352,3072
patch_2304.png,36608,3072
patch_2305.png,36864,3072
patch_2306.png,37120,3072
patch_2307.png,37376,3072
patch_2308.png,37632,3072
patch_2309.png,37888,3072
patch_2310.png,38144,3072
patch_2311.png,38400,3072
patch_2312.png,38656,3072
patch_2313.png,38912,3072
patch_2314.png,39168,3072
patch_2315.png,39424,3072
patch_2316.png,39680,3072
patch_2317.png,39936,3072
patch_2318.png,40192,3072
patch_2319.png,40448,3072
patch_2320.png,40704,3072
patch_2321.png,40960,3072
patch_2322.png,41216,3072
patch_2323.png,41472,3072
patch_2324.png,41728,3072
patch_2325.png,41984,3072
patch_2326.png,42240,3072
patch_2327.png,42496,3072
patch_2328.png,42752,3072
patch_2329.png,43008,3072
patch_2330.png,43264,3072
patch_2331.png,43520,3072
patch_2332.png,43776,3072
patch_2333.png,44032,3072
patch_2334.png,44288,3072
patch_2335.png,44544,3072
patch_2336.png,44800,3072
patch_2337.png,45056,3072
patch_2338.png,45312,3072
patch_2339.png,45568,3072
patch_2340.png,45824,3072
patch_2341.png,0,3328
patch_2342.png,256,3328
patch_2343.png,512,3328
patch_2344.png,768,3328
patch_2345.png,1024,3328
patch_2346.png,1280,3328
patch_2347.png,1536,3328
patch_2348.png,1792,3328
patch_2349.png,2048,3328
patch_2350.png,2304,3328
patch_2351.png,2560,3328
patch_2352.png,2816,3328
patch_2353.png,3072,3328
patch_2354.png,3328,3328
patch_2355.png,3584,3328
patch_2356.png,3840,3328
patch_2357.png,4096,3328
patch_2358.png,4352,3328
patch_2359.png,4608,3328
patch_2360.png,4864,3328
patch_2361.png,5120,3328
patch_2362.png,5376,3328
patch_2363.png,5632,3328
patch_2364.png,5888,3328
patch_2365.png,6144,3328
patch_2366.png,6400,3328
patch_2367.png,6656,3328
patch_2368.png,6912,3328
patch_2369.png,7168,3328
patch_2370.png,7424,3328
patch_2371.png,7680,3328
patch_2372.png,7936,3328
patch_2373.png,8192,3328
patch_2374.png,8448,3328
patch_2375.png,8704,3328
patch_2376.png,8960,3328
patch_2377.png,9216,3328
patch_2378.png,9472,3328
patch_2379.png,9728,3328
patch_2380.png,9984,3328
patch_2381.png,10240,3328
patch_2382.png,10496,3328
patch_2383.png,10752,3328
patch_2384.png,11008,3328
patch_2385.png,11264,3328
patch_2386.png,11520,3328
patch_2387.png,11776,3328
patch_2388.png,12032,3328
patch_2389.png,12288,3328
patch_2390.png,12544,3328
patch_2391.png,12800,3328
patch_2392.png,13056,3328
patch_2393.png,13312,3328
patch_2394.png,13568,3328
patch_2395.png,13824,3328
patch_2396.png,14080,3328
patch_2397.png,14336,3328
patch_2398.png,14592,3328
patch_2399.png,14848,3328
patch_2400.png,15104,3328
patch_2401.png,15360,3328
patch_2402.png,15616,3328
patch_2403.png,15872,3328
patch_2404.png,16128,3328
patch_2405.png,16384,3328
patch_2406.png,16640,3328
patch_2407.png,16896,3328
patch_2408.png,17152,3328
patch_2409.png,17408,3328
patch_2410.png,17664,3328
patch_2411.png,17920,3328
patch_2412.png,18176,3328
patch_2413.png,18432,3328
patch_2414.png,18688,3328
patch_2415.png,18944,3328
patch_2416.png,19200,3328
patch_2417.png,19456,3328
patch_2418.png,19712,3328
patch_2419.png,19968,3328
patch_2420.png,20224,3328
patch_2421.png,20480,3328
patch_2422.png,20736,3328
patch_2423.png,20992,3328
patch_2424.png,21248,3328
patch_2425.png,21504,3328
patch_2426.png,21760,3328
patch_2427.png,22016,3328
patch_2428.png,22272,3328
patch_2429.png,22528,3328
patch_2430.png,22784,3328
patch_2431.png,23040,3328
patch_2432.png,23296,3328
patch_2433.png,23552,3328
patch_2434.png,23808,3328
patch_2435.png,24064,3328
patch_2436.png,24320,3328
patch_2437.png,24576,3328
patch_2438.png,24832,3328
patch_2439.png,25088,3328
patch_2440.png,25344,3328
patch_2441.png,25600,3328
patch_2442.png,25856,3328
patch_2443.png,26112,3328
patch_2444.png,26368,3328
patch_2445.png,26624,3328
patch_2446.png,26880,3328
patch_2447.png,27136,3328
patch_2448.png,27392,3328
patch_2449.png,27648,3328
patch_2450.png,27904,3328
patch_2451.png,28160,3328
patch_2452.png,28416,3328
patch_2453.png,28672,3328
patch_2454.png,28928,3328
patch_2455.png,29184,3328
patch_2456.png,29440,3328
patch_2457.png,29696,3328
patch_2458.png,29952,3328
patch_2459.png,30208,3328
patch_2460.png,30464,3328
patch_2461.png,30720,3328
patch_2462.png,30976,3328
patch_2463.png,31232,3328
patch_2464.png,31488,3328
patch_2465.png,31744,3328
patch_2466.png,32000,3328
patch_2467.png,32256,3328
patch_2468.png,32512,3328
patch_2469.png,32768,3328
patch_2470.png,33024,3328
patch_2471.png,33280,3328
patch_2472.png,33536,3328
patch_2473.png,33792,3328
patch_2474.png,34048,3328
patch_2475.png,34304,3328
patch_2476.png,34560,3328
patch_2477.png,34816,3328
patch_2478.png,35072,3328
patch_2479.png,35328,3328
patch_2480.png,35584,3328
patch_2481.png,35840,3328
patch_2482.png,36096,3328
patch_2483.png,36352,3328
patch_2484.png,36608,3328
patch_2485.png,36864,3328
patch_2486.png,37120,3328
patch_2487.png,37376,3328
patch_2488.png,37632,3328
patch_2489.png,37888,3328
patch_2490.png,38144,3328
patch_2491.png,38400,3328
patch_2492.png,38656,3328
patch_2493.png,38912,3328
patch_2494.png,39168,3328
patch_2495.png,39424,3328
patch_2496.png,39680,3328
patch_2497.png,39936,3328
patch_2498.png,40192,3328
patch_2499.png,40448,3328
patch_2500.png,40704,3328
patch_2501.png,40960,3328
patch_2502.png,41216,3328
patch_2503.png,41472,3328
patch_2504.png,41728,3328
patch_2505.png,41984,3328
patch_2506.png,42240,3328
patch_2507.png,42496,3328
patch_2508.png,42752,3328
patch_2509.png,43008,3328
patch_2510.png,43264,3328
patch_2511.png,43520,3328
patch_2512.png,43776,3328
patch_2513.png,44032,3328
patch_2514.png,44288,3328
patch_2515.png,44544,3328
patch_2516.png,44800,3328
patch_2517.png,45056,3328
patch_2518.png,45312,3328
patch_2519.png,45568,3328
patch_2520.png,45824,3328
patch_2521.png,0,3584
patch_2522.png,256,3584
patch_2523.png,512,3584
patch_2524.png,768,3584
patch_2525.png,1024,3584
patch_2526.png,1280,3584
patch_2527.png,1536,3584
patch_2528.png,1792,3584
patch_2529.png,2048,3584
patch_2530.png,2304,3584
patch_2531.png,2560,3584
patch_2532.png,2816,3584
patch_2533.png,3072,3584
patch_2534.png,3328,3584
patch_2535.png,3584,3584
patch_2536.png,3840,3584
patch_2537.png,4096,3584
patch_2538.png,4352,3584
patch_2539.png,4608,3584
patch_2540.png,4864,3584
patch_2541.png,5120,3584
patch_2542.png,5376,3584
patch_2543.png,5632,3584
patch_2544.png,5888,3584
patch_2545.png,6144,3584
patch_2546.png,6400,3584
patch_2547.png,6656,3584
patch_2548.png,6912,3584
patch_2549.png,7168,3584
patch_2550.png,7424,3584
patch_2551.png,7680,3584
patch_2552.png,7936,3584
patch_2553.png,8192,3584
patch_2554.png,8448,3584
patch_2555.png,8704,3584
patch_2556.png,8960,3584
patch_2557.png,9216,3584
patch_2558.png,9472,3584
patch_2559.png,9728,3584
patch_2560.png,9984,3584
patch_2561.png,10240,3584
patch_2562.png,10496,3584
patch_2563.png,10752,3584
patch_2564.png,11008,3584
patch_2565.png,11264,3584
patch_2566.png,11520,3584
patch_2567.png,11776,3584
patch_2568.png,12032,3584
patch_2569.png,12288,3584
patch_2570.png,12544,3584
patch_2571.png,12800,3584
patch_2572.png,13056,3584
patch_2573.png,13312,3584
patch_2574.png,13568,3584
patch_2575.png,13824,3584
patch_2576.png,14080,3584
patch_2577.png,14336,3584
patch_2578.png,14592,3584
patch_2579.png,14848,3584
patch_2580.png,15104,3584
patch_2581.png,15360,3584
patch_2582.png,15616,3584
patch_2583.png,15872,3584
patch_2584.png,16128,3584
patch_2585.png,16384,3584
patch_2586.png,16640,3584
patch_2587.png,16896,3584
patch_2588.png,17152,3584
patch_2589.png,17408,3584
patch_2590.png,17664,3584
patch_2591.png,17920,3584
patch_2592.png,18176,3584
patch_2593.png,18432,3584
patch_2594.png,18688,3584
patch_2595.png,18944,3584
patch_2596.png,19200,3584
patch_2597.png,19456,3584
patch_2598.png,19712,3584
patch_2599.png,19968,3584
patch_2600.png,20224,3584
patch_2601.png,20480,3584
patch_2602.png,20736,3584
patch_2603.png,20992,3584
patch_2604.png,21248,3584
patch_2605.png,21504,3584
patch_2606.png,21760,3584
patch_2607.png,22016,3584
patch_2608.png,22272,3584
patch_2609.png,22528,3584
patch_2610.png,22784,3584
patch_2611.png,23040,3584
patch_2612.png,23296,3584
patch_2613.png,23552,3584
patch_2614.png,23808,3584
patch_2615.png,24064,3584
patch_2616.png,24320,3584
patch_2617.png,24576,3584
patch_2618.png,24832,3584
patch_2619.png,25088,3584
patch_2620.png,25344,3584
patch_2621.png,25600,3584
patch_2622.png,25856,3584
patch_2623.png,26112,3584
patch_2624.png,26368,3584
patch_2625.png,26624,3584
patch_2626.png,26880,3584
patch_2627.png,27136,3584
patch_2628.png,27392,3584
patch_2629.png,27648,3584
patch_2630.png,27904,3584
patch_2631.png,28160,3584
patch_2632.png,28416,3584
patch_2633.png,28672,3584
patch_2634.png,28928,3584
patch_2635.png,29184,3584
patch_2636.png,29440,3584
patch_2637.png,29696,3584
patch_2638.png,29952,3584
patch_2639.png,30208,3584
patch_2640.png,30464,3584
patch_2641.png,30720,3584
patch_2642.png,30976,3584
patch_2643.png,31232,3584
patch_2644.png,31488,3584
patch_2645.png,31744,3584
patch_2646.png,32000,3584
patch_2647.png,32256,3584
patch_2648.png,32512,3584
patch_2649.png,32768,3584
patch_2650.png,33024,3584
patch_2651.png,33280,3584
patch_2652.png,33536,3584
patch_2653.png,33792,3584
patch_2654.png,34048,3584
patch_2655.png,34304,3584
patch_2656.png,34560,3584
patch_2657.png,34816,3584
patch_2658.png,35072,3584
patch_2659.png,35328,3584
patch_2660.png,35584,3584
patch_2661.png,35840,3584
patch_2662.png,36096,3584
patch_2663.png,36352,3584
patch_2664.png,36608,3584
patch_2665.png,36864,3584
patch_2666.png,37120,3584
patch_2667.png,37376,3584
patch_2668.png,37632,3584
patch_2669.png,37888,3584
patch_2670.png,38144,3584
patch_2671.png,38400,3584
patch_2672.png,38656,3584
patch_2673.png,38912,3584
patch_2674.png,39168,3584
patch_2675.png,39424,3584
patch_2676.png,39680,3584
patch_2677.png,39936,3584
patch_2678.png,40192,3584
patch_2679.png,40448,3584
patch_2680.png,40704,3584
patch_2681.png,40960,3584
patch_2682.png,41216,3584
patch_2683.png,41472,3584
patch_2684.png,41728,3584
patch_2685.png,41984,3584
patch_2686.png,42240,3584
patch_2687.png,42496,3584
patch_2688.png,42752,3584
patch_2689.png,43008,3584
patch_2690.png,43264,3584
patch_2691.png,43520,3584
patch_2692.png,43776,3584
patch_2693.png,44032,3584
patch_2694.png,44288,3584
patch_2695.png,44544,3584
patch_2696.png,44800,3584
patch_2697.png,45056,3584
patch_2698.png,45312,3584
patch_2699.png,45568,3584
patch_2700.png,45824,3584
patch_2701.png,0,3840
patch_2702.png,256,3840
patch_2703.png,512,3840
patch_2704.png,768,3840
patch_2705.png,1024,3840
patch_2706.png,1280,3840
patch_2707.png,1536,3840
patch_2708.png,1792,3840
patch_2709.png,2048,3840
patch_2710.png,2304,3840
patch_2711.png,2560,3840
patch_2712.png,2816,3840
patch_2713.png,3072,3840
patch_2714.png,3328,3840
patch_2715.png,3584,3840
patch_2716.png,3840,3840
patch_2717.png,4096,3840
patch_2718.png,4352,3840
patch_2719.png,4608,3840
patch_2720.png,4864,3840
patch_2721.png,5120,3840
patch_2722.png,5376,3840
patch_2723.png,5632,3840
patch_2724.png,5888,3840
patch_2725.png,6144,3840
patch_2726.png,6400,3840
patch_2727.png,6656,3840
patch_2728.png,6912,3840
patch_2729.png,7168,3840
patch_2730.png,7424,3840
patch_2731.png,7680,3840
patch_2732.png,7936,3840
patch_2733.png,8192,3840
patch_2734.png,8448,3840
patch_2735.png,8704,3840
patch_2736.png,8960,3840
patch_2737.png,9216,3840
patch_2738.png,9472,3840
patch_2739.png,9728,3840
patch_2740.png,9984,3840
patch_2741.png,10240,3840
patch_2742.png,10496,3840
patch_2743.png,10752,3840
patch_2744.png,11008,3840
patch_2745.png,11264,3840
patch_2746.png,11520,3840
patch_2747.png,11776,3840
patch_2748.png,12032,3840
patch_2749.png,12288,3840
patch_2750.png,12544,3840
patch_2751.png,12800,3840
patch_2752.png,13056,3840
patch_2753.png,13312,3840
patch_2754.png,13568,3840
patch_2755.png,13824,3840
patch_2756.png,14080,3840
patch_2757.png,14336,3840
patch_2758.png,14592,3840
patch_2759.png,14848,3840
patch_2760.png,15104,3840
patch_2761.png,15360,3840
patch_2762.png,15616,3840
patch_2763.png,15872,3840
patch_2764.png,16128,3840
patch_2765.png,16384,3840
patch_2766.png,16640,3840
patch_2767.png,16896,3840
patch_2768.png,17152,3840
patch_2769.png,17408,3840
patch_2770.png,17664,3840
patch_2771.png,17920,3840
patch_2772.png,18176,3840
patch_2773.png,18432,3840
patch_2774.png,18688,3840
patch_2775.png,18944,3840
patch_2776.png,19200,3840
patch_2777.png,19456,3840
patch_2778.png,19712,3840
patch_2779.png,19968,3840
patch_2780.png,20224,3840
patch_2781.png,20480,3840
patch_2782.png,20736,3840
patch_2783.png,20992,3840
patch_2784.png,21248,3840
patch_2785.png,21504,3840
patch_2786.png,21760,3840
patch_2787.png,22016,3840
patch_2788.png,22272,3840
patch_2789.png,22528,3840
patch_2790.png,22784,3840
patch_2791.png,23040,3840
patch_2792.png,23296,3840
patch_2793.png,23552,3840
patch_2794.png,23808,3840
patch_2795.png,24064,3840
patch_2796.png,24320,3840
patch_2797.png,24576,3840
patch_2798.png,24832,3840
patch_2799.png,25088,3840
patch_2800.png,25344,3840
patch_2801.png,25600,3840
patch_2802.png,25856,3840
patch_2803.png,26112,3840
patch_2804.png,26368,3840
patch_2805.png,26624,3840
patch_2806.png,26880,3840
patch_2807.png,27136,3840
patch_2808.png,27392,3840
patch_2809.png,27648,3840
patch_2810.png,27904,3840
patch_2811.png,28160,3840
patch_2812.png,28416,3840
patch_2813.png,28672,3840
patch_2814.png,28928,3840
patch_2815.png,29184,3840
patch_2816.png,29440,3840
patch_2817.png,29696,3840
patch_2818.png,29952,3840
patch_2819.png,30208,3840
patch_2820.png,30464,3840
patch_2821.png,30720,3840
patch_2822.png,30976,3840
patch_2823.png,31232,3840
patch_2824.png,31488,3840
patch_2825.png,31744,3840
patch_2826.png,32000,3840
patch_2827.png,32256,3840
patch_2828.png,32512,3840
patch_2829.png,32768,3840
patch_2830.png,33024,3840
patch_2831.png,33280,3840
patch_2832.png,33536,3840
patch_2833.png,33792,3840
patch_2834.png,34048,3840
patch_2835.png,34304,3840
patch_2836.png,34560,3840
patch_2837.png,34816,3840
patch_2838.png,35072,3840
patch_2839.png,35328,3840
patch_2840.png,35584,3840
patch_2841.png,35840,3840
patch_2842.png,36096,3840
patch_2843.png,36352,3840
patch_2844.png,36608,3840
patch_2845.png,36864,3840
patch_2846.png,37120,3840
patch_2847.png,37376,3840
patch_2848.png,37632,3840
patch_2849.png,37888,3840
patch_2850.png,38144,3840
patch_2851.png,38400,3840
patch_2852.png,38656,3840
patch_2853.png,38912,3840
patch_2854.png,39168,3840
patch_2855.png,39424,3840
patch_2856.png,39680,3840
patch_2857.png,39936,3840
patch_2858.png,40192,3840
patch_2859.png,40448,3840
patch_2860.png,40704,3840
patch_2861.png,40960,3840
patch_2862.png,41216,3840
patch_2863.png,41472,3840
patch_2864.png,41728,3840
patch_2865.png,41984,3840
patch_2866.png,42240,3840
patch_2867.png,42496,3840
patch_2868.png,42752,3840
patch_2869.png,43008,3840
patch_2870.png,43264,3840
patch_2871.png,43520,3840
patch_2872.png,43776,3840
patch_2873.png,44032,3840
patch_2874.png,44288,3840
patch_2875.png,44544,3840
patch_2876.png,44800,3840
patch_2877.png,45056,3840
patch_2878.png,45312,3840
patch_2879.png,45568,3840
patch_2880.png,45824,3840
patch_2881.png,0,4096
patch_2882.png,256,4096
patch_2883.png,512,4096
patch_2884.png,768,4096
patch_2885.png,1024,4096
patch_2886.png,1280,4096
patch_2887.png,1536,4096
patch_2888.png,1792,4096
patch_2889.png,2048,4096
patch_2890.png,2304,4096
patch_2891.png,2560,4096
patch_2892.png,2816,4096
patch_2893.png,3072,4096
patch_2894.png,3328,4096
patch_2895.png,3584,4096
patch_2896.png,3840,4096
patch_2897.png,4096,4096
patch_2898.png,4352,4096
patch_2899.png,4608,4096
patch_2900.png,4864,4096
patch_2901.png,5120,4096
patch_2902.png,5376,4096
patch_2903.png,5632,4096
patch_2904.png,5888,4096
patch_2905.png,6144,4096
patch_2906.png,6400,4096
patch_2907.png,6656,4096
patch_2908.png,6912,4096
patch_2909.png,7168,4096
patch_2910.png,7424,4096
patch_2911.png,7680,4096
patch_2912.png,7936,4096
patch_2913.png,8192,4096
patch_2914.png,8448,4096
patch_2915.png,8704,4096
patch_2916.png,8960,4096
patch_2917.png,9216,4096
patch_2918.png,9472,4096
patch_2919.png,9728,4096
patch_2920.png,9984,4096
patch_2921.png,10240,4096
patch_2922.png,10496,4096
patch_2923.png,10752,4096
patch_2924.png,11008,4096
patch_2925.png,11264,4096
patch_2926.png,11520,4096
patch_2927.png,11776,4096
patch_2928.png,12032,4096
patch_2929.png,12288,4096
patch_2930.png,12544,4096
patch_2931.png,12800,4096
patch_2932.png,13056,4096
patch_2933.png,13312,4096
patch_2934.png,13568,4096
patch_2935.png,13824,4096
patch_2936.png,14080,4096
patch_2937.png,14336,4096
patch_2938.png,14592,4096
patch_2939.png,14848,4096
patch_2940.png,15104,4096
patch_2941.png,15360,4096
patch_2942.png,15616,4096
patch_2943.png,15872,4096
patch_2944.png,16128,4096
patch_2945.png,16384,4096
patch_2946.png,16640,4096
patch_2947.png,16896,4096
patch_2948.png,17152,4096
patch_2949.png,17408,4096
patch_2950.png,17664,4096
patch_2951.png,17920,4096
patch_2952.png,18176,4096
patch_2953.png,18432,4096
patch_2954.png,18688,4096
patch_2955.png,18944,4096
patch_2956.png,19200,4096
patch_2957.png,19456,4096
patch_2958.png,19712,4096
patch_2959.png,19968,4096
patch_2960.png,20224,4096
patch_2961.png,20480,4096
patch_2962.png,20736,4096
patch_2963.png,20992,4096
patch_2964.png,21248,4096
patch_2965.png,21504,4096
patch_2966.png,21760,4096
patch_2967.png,22016,4096
patch_2968.png,22272,4096
patch_2969.png,22528,4096
patch_2970.png,22784,4096
patch_2971.png,23040,4096
patch_2972.png,23296,4096
patch_2973.png,23552,4096
patch_2974.png,23808,4096
patch_2975.png,24064,4096
patch_2976.png,24320,4096
patch_2977.png,24576,4096
patch_2978.png,24832,4096
patch_2979.png,25088,4096
patch_2980.png,25344,4096
patch_2981.png,25600,4096
patch_2982.png,25856,4096
patch_2983.png,26112,4096
patch_2984.png,26368,4096
patch_2985.png,26624,4096
patch_2986.png,26880,4096
patch_2987.png,27136,4096
patch_2988.png,27392,4096
patch_2989.png,27648,4096
patch_2990.png,27904,4096
patch_2991.png,28160,4096
patch_2992.png,28416,4096
patch_2993.png,28672,4096
patch_2994.png,28928,4096
patch_2995.png,29184,4096
patch_2996.png,29440,4096
patch_2997.png,29696,4096
patch_2998.png,29952,4096
patch_2999.png,30208,4096
patch_3000.png,30464,4096
patch_3001.png,30720,4096
patch_3002.png,30976,4096
patch_3003.png,31232,4096
patch_3004.png,31488,4096
patch_3005.png,31744,4096
patch_3006.png,32000,4096
patch_3007.png,32256,4096
patch_3008.png,32512,4096
patch_3009.png,32768,4096
patch_3010.png,33024,4096
patch_3011.png,33280,4096
patch_3012.png,33536,4096
patch_3013.png,33792,4096
patch_3014.png,34048,4096
patch_3015.png,34304,4096
patch_3016.png,34560,4096
patch_3017.png,34816,4096
patch_3018.png,35072,4096
patch_3019.png,35328,4096
patch_3020.png,35584,4096
patch_3021.png,35840,4096
patch_3022.png,36096,4096
patch_3023.png,36352,4096
patch_3024.png,36608,4096
patch_3025.png,36864,4096
patch_3026.png,37120,4096
patch_3027.png,37376,4096
patch_3028.png,37632,4096
patch_3029.png,37888,4096
patch_3030.png,38144,4096
patch_3031.png,38400,4096
patch_3032.png,38656,4096
patch_3033.png,38912,4096
patch_3034.png,39168,4096
patch_3035.png,39424,4096
patch_3036.png,39680,4096
patch_3037.png,39936,4096
patch_3038.png,40192,4096
patch_3039.png,40448,4096
patch_3040.png,40704,4096
patch_3041.png,40960,4096
patch_3042.png,41216,4096
patch_3043.png,41472,4096
patch_3044.png,41728,4096
patch_3045.png,41984,4096
patch_3046.png,42240,4096
patch_3047.png,42496,4096
patch_3048.png,42752,4096
patch_3049.png,43008,4096
patch_3050.png,43264,4096
patch_3051.png,43520,4096
patch_3052.png,43776,4096
patch_3053.png,44032,4096
patch_3054.png,44288,4096
patch_3055.png,44544,4096
patch_3056.png,44800,4096
patch_3057.png,45056,4096
patch_3058.png,45312,4096
patch_3059.png,45568,4096
patch_3060.png,45824,4096
patch_3061.png,0,4352
patch_3062.png,256,4352
patch_3063.png,512,4352
patch_3064.png,768,4352
patch_3065.png,1024,4352
patch_3066.png,1280,4352
patch_3067.png,1536,4352
patch_3068.png,1792,4352
patch_3069.png,2048,4352
patch_3070.png,2304,4352
patch_3071.png,2560,4352
patch_3072.png,2816,4352
patch_3073.png,3072,4352
patch_3074.png,3328,4352
patch_3075.png,3584,4352
patch_3076.png,3840,4352
patch_3077.png,4096,4352
patch_3078.png,4352,4352
patch_3079.png,4608,4352
patch_3080.png,4864,4352
patch_3081.png,5120,4352
patch_3082.png,5376,4352
patch_3083.png,5632,4352
patch_3084.png,5888,4352
patch_3085.png,6144,4352
patch_3086.png,6400,4352
patch_3087.png,6656,4352
patch_3088.png,6912,4352
patch_3089.png,7168,4352
patch_3090.png,7424,4352
patch_3091.png,7680,4352
patch_3092.png,7936,4352
patch_3093.png,8192,4352
patch_3094.png,8448,4352
patch_3095.png,8704,4352
patch_3096.png,8960,4352
patch_3097.png,9216,4352
patch_3098.png,9472,4352
patch_3099.png,9728,4352
patch_3100.png,9984,4352
patch_3101.png,10240,4352
patch_3102.png,10496,4352
patch_3103.png,10752,4352
patch_3104.png,11008,4352
patch_3105.png,11264,4352
patch_3106.png,11520,4352
patch_3107.png,11776,4352
patch_3108.png,12032,4352
patch_3109.png,12288,4352
patch_3110.png,12544,4352
patch_3111.png,12800,4352
patch_3112.png,13056,4352
patch_3113.png,13312,4352
patch_3114.png,13568,4352
patch_3115.png,13824,4352
patch_3116.png,14080,4352
patch_3117.png,14336,4352
patch_3118.png,14592,4352
patch_3119.png,14848,4352
patch_3120.png,15104,4352
patch_3121.png,15360,4352
patch_3122.png,15616,4352
patch_3123.png,15872,4352
patch_3124.png,16128,4352
patch_3125.png,16384,4352
patch_3126.png,16640,4352
patch_3127.png,16896,4352
patch_3128.png,17152,4352
patch_3129.png,17408,4352
patch_3130.png,17664,4352
patch_3131.png,17920,4352
patch_3132.png,18176,4352
patch_3133.png,18432,4352
patch_3134.png,18688,4352
patch_3135.png,18944,4352
patch_3136.png,19200,4352
patch_3137.png,19456,4352
patch_3138.png,19712,4352
patch_3139.png,19968,4352
patch_3140.png,20224,4352
patch_3141.png,20480,4352
patch_3142.png,20736,4352
patch_3143.png,20992,4352
patch_3144.png,21248,4352
patch_3145.png,21504,4352
patch_3146.png,21760,4352
patch_3147.png,22016,4352
patch_3148.png,22272,4352
patch_3149.png,22528,4352
patch_3150.png,22784,4352
patch_3151.png,23040,4352
patch_3152.png,23296,4352
patch_3153.png,23552,4352
patch_3154.png,23808,4352
patch_3155.png,24064,4352
patch_3156.png,24320,4352
patch_3157.png,24576,4352
patch_3158.png,24832,4352
patch_3159.png,25088,4352
patch_3160.png,25344,4352
patch_3161.png,25600,4352
patch_3162.png,25856,4352
patch_3163.png,26112,4352
patch_3164.png,26368,4352
patch_3165.png,26624,4352
patch_3166.png,26880,4352
patch_3167.png,27136,4352
patch_3168.png,27392,4352
patch_3169.png,27648,4352
patch_3170.png,27904,4352
patch_3171.png,28160,4352
patch_3172.png,28416,4352
patch_3173.png,28672,4352
patch_3174.png,28928,4352
patch_3175.png,29184,4352
patch_3176.png,29440,4352
patch_3177.png,29696,4352
patch_3178.png,29952,4352
patch_3179.png,30208,4352
patch_3180.png,30464,4352
patch_3181.png,30720,4352
patch_3182.png,30976,4352
patch_3183.png,31232,4352
patch_3184.png,31488,4352
patch_3185.png,31744,4352
patch_3186.png,32000,4352
patch_3187.png,32256,4352
patch_3188.png,32512,4352
patch_3189.png,32768,4352
patch_3190.png,33024,4352
patch_3191.png,33280,4352
patch_3192.png,33536,4352
patch_3193.png,33792,4352
patch_3194.png,34048,4352
patch_3195.png,34304,4352
patch_3196.png,34560,4352
patch_3197.png,34816,4352
patch_3198.png,35072,4352
patch_3199.png,35328,4352
patch_3200.png,35584,4352
patch_3201.png,35840,4352
patch_3202.png,36096,4352
patch_3203.png,36352,4352
patch_3204.png,36608,4352
patch_3205.png,36864,4352
patch_3206.png,37120,4352
patch_3207.png,37376,4352
patch_3208.png,37632,4352
patch_3209.png,37888,4352
patch_3210.png,38144,4352
patch_3211.png,38400,4352
patch_3212.png,38656,4352
patch_3213.png,38912,4352
patch_3214.png,39168,4352
patch_3215.png,39424,4352
patch_3216.png,39680,4352
patch_3217.png,39936,4352
patch_3218.png,40192,4352
patch_3219.png,40448,4352
patch_3220.png,40704,4352
patch_3221.png,40960,4352
patch_3222.png,41216,4352
patch_3223.png,41472,4352
patch_3224.png,41728,4352
patch_3225.png,41984,4352
patch_3226.png,42240,4352
patch_3227.png,42496,4352
patch_3228.png,42752,4352
patch_3229.png,43008,4352
patch_3230.png,43264,4352
patch_3231.png,43520,4352
patch_3232.png,43776,4352
patch_3233.png,44032,4352
patch_3234.png,44288,4352
patch_3235.png,44544,4352
patch_3236.png,44800,4352
patch_3237.png,45056,4352
patch_3238.png,45312,4352
patch_3239.png,45568,4352
patch_3240.png,45824,4352
patch_3241.png,0,4608
patch_3242.png,256,4608
patch_3243.png,512,4608
patch_3244.png,768,4608
patch_3245.png,1024,4608
patch_3246.png,1280,4608
patch_3247.png,1536,4608
patch_3248.png,1792,4608
patch_3249.png,2048,4608
patch_3250.png,2304,4608
patch_3251.png,2560,4608
patch_3252.png,2816,4608
patch_3253.png,3072,4608
patch_3254.png,3328,4608
patch_3255.png,3584,4608
patch_3256.png,3840,4608
patch_3257.png,4096,4608
patch_3258.png,4352,4608
patch_3259.png,4608,4608
patch_3260.png,4864,4608
patch_3261.png,5120,4608
patch_3262.png,5376,4608
patch_3263.png,5632,4608
patch_3264.png,5888,4608
patch_3265.png,6144,4608
patch_3266.png,6400,4608
patch_3267.png,6656,4608
patch_3268.png,6912,4608
patch_3269.png,7168,4608
patch_3270.png,7424,4608
patch_3271.png,7680,4608
patch_3272.png,7936,4608
patch_3273.png,8192,4608
patch_3274.png,8448,4608
patch_3275.png,8704,4608
patch_3276.png,8960,4608
patch_3277.png,9216,4608
patch_3278.png,9472,4608
patch_3279.png,9728,4608
patch_3280.png,9984,4608
patch_3281.png,10240,4608
patch_3282.png,10496,4608
patch_3283.png,10752,4608
patch_3284.png,11008,4608
patch_3285.png,11264,4608
patch_3286.png,11520,4608
patch_3287.png,11776,4608
patch_3288.png,12032,4608
patch_3289.png,12288,4608
patch_3290.png,12544,4608
patch_3291.png,12800,4608
patch_3292.png,13056,4608
patch_3293.png,13312,4608
patch_3294.png,13568,4608
patch_3295.png,13824,4608
patch_3296.png,14080,4608
patch_3297.png,14336,4608
patch_3298.png,14592,4608
patch_3299.png,14848,4608
patch_3300.png,15104,4608
patch_3301.png,15360,4608
patch_3302.png,15616,4608
patch_3303.png,15872,4608
patch_3304.png,16128,4608
patch_3305.png,16384,4608
patch_3306.png,16640,4608
patch_3307.png,16896,4608
patch_3308.png,17152,4608
patch_3309.png,17408,4608
patch_3310.png,17664,4608
patch_3311.png,17920,4608
patch_3312.png,18176,4608
patch_3313.png,18432,4608
patch_3314.png,18688,4608
patch_3315.png,18944,4608
patch_3316.png,19200,4608
patch_3317.png,19456,4608
patch_3318.png,19712,4608
patch_3319.png,19968,4608
patch_3320.png,20224,4608
patch_3321.png,20480,4608
patch_3322.png,20736,4608
patch_3323.png,20992,4608
patch_3324.png,21248,4608
patch_3325.png,21504,4608
patch_3326.png,21760,4608
patch_3327.png,22016,4608
patch_3328.png,22272,4608
patch_3329.png,22528,4608
patch_3330.png,22784,4608
patch_3331.png,23040,4608
patch_3332.png,23296,4608
patch_3333.png,23552,4608
patch_3334.png,23808,4608
patch_3335.png,24064,4608
patch_3336.png,24320,4608
patch_3337.png,24576,4608
patch_3338.png,24832,4608
patch_3339.png,25088,4608
patch_3340.png,25344,4608
patch_3341.png,25600,4608
patch_3342.png,25856,4608
patch_3343.png,26112,4608
patch_3344.png,26368,4608
patch_3345.png,26624,4608
patch_3346.png,26880,4608
patch_3347.png,27136,4608
patch_3348.png,27392,4608
patch_3349.png,27648,4608
patch_3350.png,27904,4608
patch_3351.png,28160,4608
patch_3352.png,28416,4608
patch_3353.png,28672,4608
patch_3354.png,28928,4608
patch_3355.png,29184,4608
patch_3356.png,29440,4608
patch_3357.png,29696,4608
patch_3358.png,29952,4608
patch_3359.png,30208,4608
patch_3360.png,30464,4608
patch_3361.png,30720,4608
patch_3362.png,30976,4608
patch_3363.png,31232,4608
patch_3364.png,31488,4608
patch_3365.png,31744,4608
patch_3366.png,32000,4608
patch_3367.png,32256,4608
patch_3368.png,32512,4608
patch_3369.png,32768,4608
patch_3370.png,33024,4608
patch_3371.png,33280,4608
patch_3372.png,33536,4608
patch_3373.png,33792,4608
patch_3374.png,34048,4608
patch_3375.png,34304,4608
patch_3376.png,34560,4608
patch_3377.png,34816,4608
patch_3378.png,35072,4608
patch_3379.png,35328,4608
patch_3380.png,35584,4608
patch_3381.png,35840,4608
patch_3382.png,36096,4608
patch_3383.png,36352,4608
patch_3384.png,36608,4608
patch_3385.png,36864,4608
patch_3386.png,37120,4608
patch_3387.png,37376,4608
patch_3388.png,37632,4608
patch_3389.png,37888,4608
patch_3390.png,38144,4608
patch_3391.png,38400,4608
patch_3392.png,38656,4608
patch_3393.png,38912,4608
patch_3394.png,39168,4608
patch_3395.png,39424,4608
patch_3396.png,39680,4608
patch_3397.png,39936,4608
patch_3398.png,40192,4608
patch_3399.png,40448,4608
patch_3400.png,40704,4608
patch_3401.png,40960,4608
patch_3402.png,41216,4608
patch_3403.png,41472,4608
patch_3404.png,41728,4608
patch_3405.png,41984,4608
patch_3406.png,42240,4608
patch_3407.png,42496,4608
patch_3408.png,42752,4608
patch_3409.png,43008,4608
patch_3410.png,43264,4608
patch_3411.png,43520,4608
patch_3412.png,43776,4608
patch_3413.png,44032,4608
patch_3414.png,44288,4608
patch_3415.png,44544,4608
patch_3416.png,44800,4608
patch_3417.png,45056,4608
patch_3418.png,45312,4608
patch_3419.png,45568,4608
patch_3420.png,45824,4608
patch_3421.png,0,4864
patch_3422.png,256,4864
patch_3423.png,512,4864
patch_3424.png,768,4864
patch_3425.png,1024,4864
patch_3426.png,1280,4864
patch_3427.png,1536,4864
patch_3428.png,1792,4864
patch_3429.png,2048,4864
patch_3430.png,2304,4864
patch_3431.png,2560,4864
patch_3432.png,2816,4864
patch_3433.png,3072,4864
patch_3434.png,3328,4864
patch_3435.png,3584,4864
patch_3436.png,3840,4864
patch_3437.png,4096,4864
patch_3438.png,4352,4864
patch_3439.png,4608,4864
patch_3440.png,4864,4864
patch_3441.png,5120,4864
patch_3442.png,5376,4864
patch_3443.png,5632,4864
patch_3444.png,5888,4864
patch_3445.png,6144,4864
patch_3446.png,6400,4864
patch_3447.png,6656,4864
patch_3448.png,6912,4864
patch_3449.png,7168,4864
patch_3450.png,7424,4864
patch_3451.png,7680,4864
patch_3452.png,7936,4864
patch_3453.png,8192,4864
patch_3454.png,8448,4864
patch_3455.png,8704,4864
patch_3456.png,8960,4864
patch_3457.png,9216,4864
patch_3458.png,9472,4864
patch_3459.png,9728,4864
patch_3460.png,9984,4864
patch_3461.png,10240,4864
patch_3462.png,10496,4864
patch_3463.png,10752,4864
patch_3464.png,11008,4864
patch_3465.png,11264,4864
patch_3466.png,11520,4864
patch_3467.png,11776,4864
patch_3468.png,12032,4864
patch_3469.png,12288,4864
patch_3470.png,12544,4864
patch_3471.png,12800,4864
patch_3472.png,13056,4864
patch_3473.png,13312,4864
patch_3474.png,13568,4864
patch_3475.png,13824,4864
patch_3476.png,14080,4864
patch_3477.png,14336,4864
patch_3478.png,14592,4864
patch_3479.png,14848,4864
patch_3480.png,15104,4864
patch_3481.png,15360,4864
patch_3482.png,15616,4864
patch_3483.png,15872,4864
patch_3484.png,16128,4864
patch_3485.png,16384,4864
patch_3486.png,16640,4864
patch_3487.png,16896,4864
patch_3488.png,17152,4864
patch_3489.png,17408,4864
patch_3490.png,17664,4864
patch_3491.png,17920,4864
patch_3492.png,18176,4864
patch_3493.png,18432,4864
patch_3494.png,18688,4864
patch_3495.png,18944,4864
patch_3496.png,19200,4864
patch_3497.png,19456,4864
patch_3498.png,19712,4864
patch_3499.png,19968,4864
patch_3500.png,20224,4864
patch_3501.png,20480,4864
patch_3502.png,20736,4864
patch_3503.png,20992,4864
patch_3504.png,21248,4864
patch_3505.png,21504,4864
patch_3506.png,21760,4864
patch_3507.png,22016,4864
patch_3508.png,22272,4864
patch_3509.png,22528,4864
patch_3510.png,22784,4864
patch_3511.png,23040,4864
patch_3512.png,23296,4864
patch_3513.png,23552,4864
patch_3514.png,23808,4864
patch_3515.png,24064,4864
patch_3516.png,24320,4864
patch_3517.png,24576,4864
patch_3518.png,24832,4864
patch_3519.png,25088,4864
patch_3520.png,25344,4864
patch_3521.png,25600,4864
patch_3522.png,25856,4864
patch_3523.png,26112,4864
patch_3524.png,26368,4864
patch_3525.png,26624,4864
patch_3526.png,26880,4864
patch_3527.png,27136,4864
patch_3528.png,27392,4864
patch_3529.png,27648,4864
patch_3530.png,27904,4864
patch_3531.png,28160,4864
patch_3532.png,28416,4864
patch_3533.png,28672,4864
patch_3534.png,28928,4864
patch_3535.png,29184,4864
patch_3536.png,29440,4864
patch_3537.png,29696,4864
patch_3538.png,29952,4864
patch_3539.png,30208,4864
patch_3540.png,30464,4864
patch_3541.png,30720,4864
patch_3542.png,30976,4864
patch_3543.png,31232,4864
patch_3544.png,31488,4864
patch_3545.png,31744,4864
patch_3546.png,32000,4864
patch_3547.png,32256,4864
patch_3548.png,32512,4864
patch_3549.png,32768,4864
patch_3550.png,33024,4864
patch_3551.png,33280,4864
patch_3552.png,33536,4864
patch_3553.png,33792,4864
patch_3554.png,34048,4864
patch_3555.png,34304,4864
patch_3556.png,34560,4864
patch_3557.png,34816,4864
patch_3558.png,35072,4864
patch_3559.png,35328,4864
patch_3560.png,35584,4864
patch_3561.png,35840,4864
patch_3562.png,36096,4864
patch_3563.png,36352,4864
patch_3564.png,36608,4864
patch_3565.png,36864,4864
patch_3566.png,37120,4864
patch_3567.png,37376,4864
patch_3568.png,37632,4864
patch_3569.png,37888,4864
patch_3570.png,38144,4864
patch_3571.png,38400,4864
patch_3572.png,38656,4864
patch_3573.png,38912,4864
patch_3574.png,39168,4864
patch_3575.png,39424,4864
patch_3576.png,39680,4864
patch_3577.png,39936,4864
patch_3578.png,40192,4864
patch_3579.png,40448,4864
patch_3580.png,40704,4864
patch_3581.png,40960,4864
patch_3582.png,41216,4864
patch_3583.png,41472,4864
patch_3584.png,41728,4864
patch_3585.png,41984,4864
patch_3586.png,42240,4864
patch_3587.png,42496,4864
patch_3588.png,42752,4864
patch_3589.png,43008,4864
patch_3590.png,43264,4864
patch_3591.png,43520,4864
patch_3592.png,43776,4864
patch_3593.png,44032,4864
patch_3594.png,44288,4864
patch_3595.png,44544,4864
patch_3596.png,44800,4864
patch_3597.png,45056,4864
patch_3598.png,45312,4864
patch_3599.png,45568,4864
patch_3600.png,45824,4864
patch_3601.png,0,5120
patch_3602.png,256,5120
patch_3603.png,512,5120
patch_3604.png,768,5120
patch_3605.png,1024,5120
patch_3606.png,1280,5120
patch_3607.png,1536,5120
patch_3608.png,1792,5120
patch_3609.png,2048,5120
patch_3610.png,2304,5120
patch_3611.png,2560,5120
patch_3612.png,2816,5120
patch_3613.png,3072,5120
patch_3614.png,3328,5120
patch_3615.png,3584,5120
patch_3616.png,3840,5120
patch_3617.png,4096,5120
patch_3618.png,4352,5120
patch_3619.png,4608,5120
patch_3620.png,4864,5120
patch_3621.png,5120,5120
patch_3622.png,5376,5120
patch_3623.png,5632,5120
patch_3624.png,5888,5120
patch_3625.png,6144,5120
patch_3626.png,6400,5120
patch_3627.png,6656,5120
patch_3628.png,6912,5120
patch_3629.png,7168,5120
patch_3630.png,7424,5120
patch_3631.png,7680,5120
patch_3632.png,7936,5120
patch_3633.png,8192,5120
patch_3634.png,8448,5120
patch_3635.png,8704,5120
patch_3636.png,8960,5120
patch_3637.png,9216,5120
patch_3638.png,9472,5120
patch_3639.png,9728,5120
patch_3640.png,9984,5120
patch_3641.png,10240,5120
patch_3642.png,10496,5120
patch_3643.png,10752,5120
patch_3644.png,11008,5120
patch_3645.png,11264,5120
patch_3646.png,11520,5120
patch_3647.png,11776,5120
patch_3648.png,12032,5120
patch_3649.png,12288,5120
patch_3650.png,12544,5120
patch_3651.png,12800,5120
patch_3652.png,13056,5120
patch_3653.png,13312,5120
patch_3654.png,13568,5120
patch_3655.png,13824,5120
patch_3656.png,14080,5120
patch_3657.png,14336,5120
patch_3658.png,14592,5120
patch_3659.png,14848,5120
patch_3660.png,15104,5120
patch_3661.png,15360,5120
patch_3662.png,15616,5120
patch_3663.png,15872,5120
patch_3664.png,16128,5120
patch_3665.png,16384,5120
patch_3666.png,16640,5120
patch_3667.png,16896,5120
patch_3668.png,17152,5120
patch_3669.png,17408,5120
patch_3670.png,17664,5120
patch_3671.png,17920,5120
patch_3672.png,18176,5120
patch_3673.png,18432,5120
patch_3674.png,18688,5120
patch_3675.png,18944,5120
patch_3676.png,19200,5120
patch_3677.png,19456,5120
patch_3678.png,19712,5120
patch_3679.png,19968,5120
patch_3680.png,20224,5120
patch_3681.png,20480,5120
patch_3682.png,20736,5120
patch_3683.png,20992,5120
patch_3684.png,21248,5120
patch_3685.png,21504,5120
patch_3686.png,21760,5120
patch_3687.png,22016,5120
patch_3688.png,22272,5120
patch_3689.png,22528,5120
patch_3690.png,22784,5120
patch_3691.png,23040,5120
patch_3692.png,23296,5120
patch_3693.png,23552,5120
patch_3694.png,23808,5120
patch_3695.png,24064,5120
patch_3696.png,24320,5120
patch_3697.png,24576,5120
patch_3698.png,24832,5120
patch_3699.png,25088,5120
patch_3700.png,25344,5120
patch_3701.png,25600,5120
patch_3702.png,25856,5120
patch_3703.png,26112,5120
patch_3704.png,26368,5120
patch_3705.png,26624,5120
patch_3706.png,26880,5120
patch_3707.png,27136,5120
patch_3708.png,27392,5120
patch_3709.png,27648,5120
patch_3710.png,27904,5120
patch_3711.png,28160,5120
patch_3712.png,28416,5120
patch_3713.png,28672,5120
patch_3714.png,28928,5120
patch_3715.png,29184,5120
patch_3716.png,29440,5120
patch_3717.png,29696,5120
patch_3718.png,29952,5120
patch_3719.png,30208,5120
patch_3720.png,30464,5120
patch_3721.png,30720,5120
patch_3722.png,30976,5120
patch_3723.png,31232,5120
patch_3724.png,31488,5120
patch_3725.png,31744,5120
patch_3726.png,32000,5120
patch_3727.png,32256,5120
patch_3728.png,32512,5120
patch_3729.png,32768,5120
patch_3730.png,33024,5120
patch_3731.png,33280,5120
patch_3732.png,33536,5120
patch_3733.png,33792,5120
patch_3734.png,34048,5120
patch_3735.png,34304,5120
patch_3736.png,34560,5120
patch_3737.png,34816,5120
patch_3738.png,35072,5120
patch_3739.png,35328,5120
patch_3740.png,35584,5120
patch_3741.png,35840,5120
patch_3742.png,36096,5120
patch_3743.png,36352,5120
patch_3744.png,36608,5120
patch_3745.png,36864,5120
patch_3746.png,37120,5120
patch_3747.png,37376,5120
patch_3748.png,37632,5120
patch_3749.png,37888,5120
patch_3750.png,38144,5120
patch_3751.png,38400,5120
patch_3752.png,38656,5120
patch_3753.png,38912,5120
patch_3754.png,39168,5120
patch_3755.png,39424,5120
patch_3756.png,39680,5120
patch_3757.png,39936,5120
patch_3758.png,40192,5120
patch_3759.png,40448,5120
patch_3760.png,40704,5120
patch_3761.png,40960,5120
patch_3762.png,41216,5120
patch_3763.png,41472,5120
patch_3764.png,41728,5120
patch_3765.png,41984,5120
patch_3766.png,42240,5120
patch_3767.png,42496,5120
patch_3768.png,42752,5120
patch_3769.png,43008,5120
patch_3770.png,43264,5120
patch_3771.png,43520,5120
patch_3772.png,43776,5120
patch_3773.png,44032,5120
patch_3774.png,44288,5120
patch_3775.png,44544,5120
patch_3776.png,44800,5120
patch_3777.png,45056,5120
patch_3778.png,45312,5120
patch_3779.png,45568,5120
patch_3780.png,45824,5120
patch_3781.png,0,5376
patch_3782.png,256,5376
patch_3783.png,512,5376
patch_3784.png,768,5376
patch_3785.png,1024,5376
patch_3786.png,1280,5376
patch_3787.png,1536,5376
patch_3788.png,1792,5376
patch_3789.png,2048,5376
patch_3790.png,2304,5376
patch_3791.png,2560,5376
patch_3792.png,2816,5376
patch_3793.png,3072,5376
patch_3794.png,3328,5376
patch_3795.png,3584,5376
patch_3796.png,3840,5376
patch_3797.png,4096,5376
patch_3798.png,4352,5376
patch_3799.png,4608,5376
patch_3800.png,4864,5376
patch_3801.png,5120,5376
patch_3802.png,5376,5376
patch_3803.png,5632,5376
patch_3804.png,5888,5376
patch_3805.png,6144,5376
patch_3806.png,6400,5376
patch_3807.png,6656,5376
patch_3808.png,6912,5376
patch_3809.png,7168,5376
patch_3810.png,7424,5376
patch_3811.png,7680,5376
patch_3812.png,7936,5376
patch_3813.png,8192,5376
patch_3814.png,8448,5376
patch_3815.png,8704,5376
patch_3816.png,8960,5376
patch_3817.png,9216,5376
patch_3818.png,9472,5376
patch_3819.png,9728,5376
patch_3820.png,9984,5376
patch_3821.png,10240,5376
patch_3822.png,10496,5376
patch_3823.png,10752,5376
patch_3824.png,11008,5376
patch_3825.png,11264,5376
patch_3826.png,11520,5376
patch_3827.png,11776,5376
patch_3828.png,12032,5376
patch_3829.png,12288,5376
patch_3830.png,12544,5376
patch_3831.png,12800,5376
patch_3832.png,13056,5376
patch_3833.png,13312,5376
patch_3834.png,13568,5376
patch_3835.png,13824,5376
patch_3836.png,14080,5376
patch_3837.png,14336,5376
patch_3838.png,14592,5376
patch_3839.png,14848,5376
patch_3840.png,15104,5376
patch_3841.png,15360,5376
patch_3842.png,15616,5376
patch_3843.png,15872,5376
patch_3844.png,16128,5376
patch_3845.png,16384,5376
patch_3846.png,16640,5376
patch_3847.png,16896,5376
patch_3848.png,17152,5376
patch_3849.png,17408,5376
patch_3850.png,17664,5376
patch_3851.png,17920,5376
patch_3852.png,18176,5376
patch_3853.png,18432,5376
patch_3854.png,18688,5376
patch_3855.png,18944,5376
patch_3856.png,19200,5376
patch_3857.png,19456,5376
patch_3858.png,19712,5376
patch_3859.png,19968,5376
patch_3860.png,20224,5376
patch_3861.png,20480,5376
patch_3862.png,20736,5376
patch_3863.png,20992,5376
patch_3864.png,21248,5376
patch_3865.png,21504,5376
patch_3866.png,21760,5376
patch_3867.png,22016,5376
patch_3868.png,22272,5376
patch_3869.png,22528,5376
patch_3870.png,22784,5376
patch_3871.png,23040,5376
patch_3872.png,23296,5376
patch_3873.png,23552,5376
patch_3874.png,23808,5376
patch_3875.png,24064,5376
patch_3876.png,24320,5376
patch_3877.png,24576,5376
patch_3878.png,24832,5376
patch_3879.png,25088,5376
patch_3880.png,25344,5376
patch_3881.png,25600,5376
patch_3882.png,25856,5376
patch_3883.png,26112,5376
patch_3884.png,26368,5376
patch_3885.png,26624,5376
patch_3886.png,26880,5376
patch_3887.png,27136,5376
patch_3888.png,27392,5376
patch_3889.png,27648,5376
patch_3890.png,27904,5376
patch_3891.png,28160,5376
patch_3892.png,28416,5376
patch_3893.png,28672,5376
patch_3894.png,28928,5376
patch_3895.png,29184,5376
patch_3896.png,29440,5376
patch_3897.png,29696,5376
patch_3898.png,29952,5376
patch_3899.png,30208,5376
patch_3900.png,30464,5376
patch_3901.png,30720,5376
patch_3902.png,30976,5376
patch_3903.png,31232,5376
patch_3904.png,31488,5376
patch_3905.png,31744,5376
patch_3906.png,32000,5376
patch_3907.png,32256,5376
patch_3908.png,32512,5376
patch_3909.png,32768,5376
patch_3910.png,33024,5376
patch_3911.png,33280,5376
patch_3912.png,33536,5376
patch_3913.png,33792,5376
patch_3914.png,34048,5376
patch_3915.png,34304,5376
patch_3916.png,34560,5376
patch_3917.png,34816,5376
patch_3918.png,35072,5376
patch_3919.png,35328,5376
patch_3920.png,35584,5376
patch_3921.png,35840,5376
patch_3922.png,36096,5376
patch_3923.png,36352,5376
patch_3924.png,36608,5376
patch_3925.png,36864,5376
patch_3926.png,37120,5376
patch_3927.png,37376,5376
patch_3928.png,37632,5376
patch_3929.png,37888,5376
patch_3930.png,38144,5376
patch_3931.png,38400,5376
patch_3932.png,38656,5376
patch_3933.png,38912,5376
patch_3934.png,39168,5376
patch_3935.png,39424,5376
patch_3936.png,39680,5376
patch_3937.png,39936,5376
patch_3938.png,40192,5376
patch_3939.png,40448,5376
patch_3940.png,40704,5376
patch_3941.png,40960,5376
patch_3942.png,41216,5376
patch_3943.png,41472,5376
patch_3944.png,41728,5376
patch_3945.png,41984,5376
patch_3946.png,42240,5376
patch_3947.png,42496,5376
patch_3948.png,42752,5376
patch_3949.png,43008,5376
patch_3950.png,43264,5376
patch_3951.png,43520,5376
patch_3952.png,43776,5376
patch_3953.png,44032,5376
patch_3954.png,44288,5376
patch_3955.png,44544,5376
patch_3956.png,44800,5376
patch_3957.png,45056,5376
patch_3958.png,45312,5376
patch_3959.png,45568,5376
patch_3960.png,45824,5376
patch_3961.png,0,5632
patch_3962.png,256,5632
patch_3963.png,512,5632
patch_3964.png,768,5632
patch_3965.png,1024,5632
patch_3966.png,1280,5632
patch_3967.png,1536,5632
patch_3968.png,1792,5632
patch_3969.png,2048,5632
patch_3970.png,2304,5632
patch_3971.png,2560,5632
patch_3972.png,2816,5632
patch_3973.png,3072,5632
patch_3974.png,3328,5632
patch_3975.png,3584,5632
patch_3976.png,3840,5632
patch_3977.png,4096,5632
patch_3978.png,4352,5632
patch_3979.png,4608,5632
patch_3980.png,4864,5632
patch_3981.png,5120,5632
patch_3982.png,5376,5632
patch_3983.png,5632,5632
patch_3984.png,5888,5632
patch_3985.png,6144,5632
patch_3986.png,6400,5632
patch_3987.png,6656,5632
patch_3988.png,6912,5632
patch_3989.png,7168,5632
patch_3990.png,7424,5632
patch_3991.png,7680,5632
patch_3992.png,7936,5632
patch_3993.png,8192,5632
patch_3994.png,8448,5632
patch_3995.png,8704,5632
patch_3996.png,8960,5632
patch_3997.png,9216,5632
patch_3998.png,9472,5632
patch_3999.png,9728,5632
patch_4000.png,9984,5632
patch_4001.png,10240,5632
patch_4002.png,10496,5632
patch_4003.png,10752,5632
patch_4004.png,11008,5632
patch_4005.png,11264,5632
patch_4006.png,11520,5632
patch_4007.png,11776,5632
patch_4008.png,12032,5632
patch_4009.png,12288,5632
patch_4010.png,12544,5632
patch_4011.png,12800,5632
patch_4012.png,13056,5632
patch_4013.png,13312,5632
patch_4014.png,13568,5632
patch_4015.png,13824,5632
patch_4016.png,14080,5632
patch_4017.png,14336,5632
patch_4018.png,14592,5632
patch_4019.png,14848,5632
patch_4020.png,15104,5632
patch_4021.png,15360,5632
patch_4022.png,15616,5632
patch_4023.png,15872,5632
patch_4024.png,16128,5632
patch_4025.png,16384,5632
patch_4026.png,16640,5632
patch_4027.png,16896,5632
patch_4028.png,17152,5632
patch_4029.png,17408,5632
patch_4030.png,17664,5632
patch_4031.png,17920,5632
patch_4032.png,18176,5632
patch_4033.png,18432,5632
patch_4034.png,18688,5632
patch_4035.png,18944,5632
patch_4036.png,19200,5632
patch_4037.png,19456,5632
patch_4038.png,19712,5632
patch_4039.png,19968,5632
patch_4040.png,20224,5632
patch_4041.png,20480,5632
patch_4042.png,20736,5632
patch_4043.png,20992,5632
patch_4044.png,21248,5632
patch_4045.png,21504,5632
patch_4046.png,21760,5632
patch_4047.png,22016,5632
patch_4048.png,22272,5632
patch_4049.png,22528,5632
patch_4050.png,22784,5632
patch_4051.png,23040,5632
patch_4052.png,23296,5632
patch_4053.png,23552,5632
patch_4054.png,23808,5632
patch_4055.png,24064,5632
patch_4056.png,24320,5632
patch_4057.png,24576,5632
patch_4058.png,24832,5632
patch_4059.png,25088,5632
patch_4060.png,25344,5632
patch_4061.png,25600,5632
patch_4062.png,25856,5632
patch_4063.png,26112,5632
patch_4064.png,26368,5632
patch_4065.png,26624,5632
patch_4066.png,26880,5632
patch_4067.png,27136,5632
patch_4068.png,27392,5632
patch_4069.png,27648,5632
patch_4070.png,27904,5632
patch_4071.png,28160,5632
patch_4072.png,28416,5632
patch_4073.png,28672,5632
patch_4074.png,28928,5632
patch_4075.png,29184,5632
patch_4076.png,29440,5632
patch_4077.png,29696,5632
patch_4078.png,29952,5632
patch_4079.png,30208,5632
patch_4080.png,30464,5632
patch_4081.png,30720,5632
patch_4082.png,30976,5632
patch_4083.png,31232,5632
patch_4084.png,31488,5632
patch_4085.png,31744,5632
patch_4086.png,32000,5632
patch_4087.png,32256,5632
patch_4088.png,32512,5632
patch_4089.png,32768,5632
patch_4090.png,33024,5632
patch_4091.png,33280,5632
patch_4092.png,33536,5632
patch_4093.png,33792,5632
patch_4094.png,34048,5632
patch_4095.png,34304,5632
patch_4096.png,34560,5632
patch_4097.png,34816,5632
patch_4098.png,35072,5632
patch_4099.png,35328,5632
patch_4100.png,35584,5632
patch_4101.png,35840,5632
patch_4102.png,36096,5632
patch_4103.png,36352,5632
patch_4104.png,36608,5632
patch_4105.png,36864,5632
patch_4106.png,37120,5632
patch_4107.png,37376,5632
patch_4108.png,37632,5632
patch_4109.png,37888,5632
patch_4110.png,38144,5632
patch_4111.png,38400,5632
patch_4112.png,38656,5632
patch_4113.png,38912,5632
patch_4114.png,39168,5632
patch_4115.png,39424,5632
patch_4116.png,39680,5632
patch_4117.png,39936,5632
patch_4118.png,40192,5632
patch_4119.png,40448,5632
patch_4120.png,40704,5632
patch_4121.png,40960,5632
patch_4122.png,41216,5632
patch_4123.png,41472,5632
patch_4124.png,41728,5632
patch_4125.png,41984,5632
patch_4126.png,42240,5632
patch_4127.png,42496,5632
patch_4128.png,42752,5632
patch_4129.png,43008,5632
patch_4130.png,43264,5632
patch_4131.png,43520,5632
patch_4132.png,43776,5632
patch_4133.png,44032,5632
patch_4134.png,44288,5632
patch_4135.png,44544,5632
patch_4136.png,44800,5632
patch_4137.png,45056,5632
patch_4138.png,45312,5632
patch_4139.png,45568,5632
patch_4140.png,45824,5632
patch_4141.png,0,5888
patch_4142.png,256,5888
patch_4143.png,512,5888
patch_4144.png,768,5888
patch_4145.png,1024,5888
patch_4146.png,1280,5888
patch_4147.png,1536,5888
patch_4148.png,1792,5888
patch_4149.png,2048,5888
patch_4150.png,2304,5888
patch_4151.png,2560,5888
patch_4152.png,2816,5888
patch_4153.png,3072,5888
patch_4154.png,3328,5888
patch_4155.png,3584,5888
patch_4156.png,3840,5888
patch_4157.png,4096,5888
patch_4158.png,4352,5888
patch_4159.png,4608,5888
patch_4160.png,4864,5888
patch_4161.png,5120,5888
patch_4162.png,5376,5888
patch_4163.png,5632,5888
patch_4164.png,5888,5888
patch_4165.png,6144,5888
patch_4166.png,6400,5888
patch_4167.png,6656,5888
patch_4168.png,6912,5888
patch_4169.png,7168,5888
patch_4170.png,7424,5888
patch_4171.png,7680,5888
patch_4172.png,7936,5888
patch_4173.png,8192,5888
patch_4174.png,8448,5888
patch_4175.png,8704,5888
patch_4176.png,8960,5888
patch_4177.png,9216,5888
patch_4178.png,9472,5888
patch_4179.png,9728,5888
patch_4180.png,9984,5888
patch_4181.png,10240,5888
patch_4182.png,10496,5888
patch_4183.png,10752,5888
patch_4184.png,11008,5888
patch_4185.png,11264,5888
patch_4186.png,11520,5888
patch_4187.png,11776,5888
patch_4188.png,12032,5888
patch_4189.png,12288,5888
patch_4190.png,12544,5888
patch_4191.png,12800,5888
patch_4192.png,13056,5888
patch_4193.png,13312,5888
patch_4194.png,13568,5888
patch_4195.png,13824,5888
patch_4196.png,14080,5888
patch_4197.png,14336,5888
patch_4198.png,14592,5888
patch_4199.png,14848,5888
patch_4200.png,15104,5888
patch_4201.png,15360,5888
patch_4202.png,15616,5888
patch_4203.png,15872,5888
patch_4204.png,16128,5888
patch_4205.png,16384,5888
patch_4206.png,16640,5888
patch_4207.png,16896,5888
patch_4208.png,17152,5888
patch_4209.png,17408,5888
patch_4210.png,17664,5888
patch_4211.png,17920,5888
patch_4212.png,18176,5888
patch_4213.png,18432,5888
patch_4214.png,18688,5888
patch_4215.png,18944,5888
patch_4216.png,19200,5888
patch_4217.png,19456,5888
patch_4218.png,19712,5888
patch_4219.png,19968,5888
patch_4220.png,20224,5888
patch_4221.png,20480,5888
patch_4222.png,20736,5888
patch_4223.png,20992,5888
patch_4224.png,21248,5888
patch_4225.png,21504,5888
patch_4226.png,21760,5888
patch_4227.png,22016,5888
patch_4228.png,22272,5888
patch_4229.png,22528,5888
patch_4230.png,22784,5888
patch_4231.png,23040,5888
patch_4232.png,23296,5888
patch_4233.png,23552,5888
patch_4234.png,23808,5888
patch_4235.png,24064,5888
patch_4236.png,24320,5888
patch_4237.png,24576,5888
patch_4238.png,24832,5888
patch_4239.png,25088,5888
patch_4240.png,25344,5888
patch_4241.png,25600,5888
patch_4242.png,25856,5888
patch_4243.png,26112,5888
patch_4244.png,26368,5888
patch_4245.png,26624,5888
patch_4246.png,26880,5888
patch_4247.png,27136,5888
patch_4248.png,27392,5888
patch_4249.png,27648,5888
patch_4250.png,27904,5888
patch_4251.png,28160,5888
patch_4252.png,28416,5888
patch_4253.png,28672,5888
patch_4254.png,28928,5888
patch_4255.png,29184,5888
patch_4256.png,29440,5888
patch_4257.png,29696,5888
patch_4258.png,29952,5888
patch_4259.png,30208,5888
patch_4260.png,30464,5888
patch_4261.png,30720,5888
patch_4262.png,30976,5888
patch_4263.png,31232,5888
patch_4264.png,31488,5888
patch_4265.png,31744,5888
patch_4266.png,32000,5888
patch_4267.png,32256,5888
patch_4268.png,32512,5888
patch_4269.png,32768,5888
patch_4270.png,33024,5888
patch_4271.png,33280,5888
patch_4272.png,33536,5888
patch_4273.png,33792,5888
patch_4274.png,34048,5888
patch_4275.png,34304,5888
patch_4276.png,34560,5888
patch_4277.png,34816,5888
patch_4278.png,35072,5888
patch_4279.png,35328,5888
patch_4280.png,35584,5888
patch_4281.png,35840,5888
patch_4282.png,36096,5888
patch_4283.png,36352,5888
patch_4284.png,36608,5888
patch_4285.png,36864,5888
patch_4286.png,37120,5888
patch_4287.png,37376,5888
patch_4288.png,37632,5888
patch_4289.png,37888,5888
patch_4290.png,38144,5888
patch_4291.png,38400,5888
patch_4292.png,38656,5888
patch_4293.png,38912,5888
patch_4294.png,39168,5888
patch_4295.png,39424,5888
patch_4296.png,39680,5888
patch_4297.png,39936,5888
patch_4298.png,40192,5888
patch_4299.png,40448,5888
patch_4300.png,40704,5888
patch_4301.png,40960,5888
patch_4302.png,41216,5888
patch_4303.png,41472,5888
patch_4304.png,41728,5888
patch_4305.png,41984,5888
patch_4306.png,42240,5888
patch_4307.png,42496,5888
patch_4308.png,42752,5888
patch_4309.png,43008,5888
patch_4310.png,43264,5888
patch_4311.png,43520,5888
patch_4312.png,43776,5888
patch_4313.png,44032,5888
patch_4314.png,44288,5888
patch_4315.png,44544,5888
patch_4316.png,44800,5888
patch_4317.png,45056,5888
patch_4318.png,45312,5888
patch_4319.png,45568,5888
patch_4320.png,45824,5888
patch_4321.png,0,6144
patch_4322.png,256,6144
patch_4323.png,512,6144
patch_4324.png,768,6144
patch_4325.png,1024,6144
patch_4326.png,1280,6144
patch_4327.png,1536,6144
patch_4328.png,1792,6144
patch_4329.png,2048,6144
patch_4330.png,2304,6144
patch_4331.png,2560,6144
patch_4332.png,2816,6144
patch_4333.png,3072,6144
patch_4334.png,3328,6144
patch_4335.png,3584,6144
patch_4336.png,3840,6144
patch_4337.png,4096,6144
patch_4338.png,4352,6144
patch_4339.png,4608,6144
patch_4340.png,4864,6144
patch_4341.png,5120,6144
patch_4342.png,5376,6144
patch_4343.png,5632,6144
patch_4344.png,5888,6144
patch_4345.png,6144,6144
patch_4346.png,6400,6144
patch_4347.png,6656,6144
patch_4348.png,6912,6144
patch_4349.png,7168,6144
patch_4350.png,7424,6144
patch_4351.png,7680,6144
patch_4352.png,7936,6144
patch_4353.png,8192,6144
patch_4354.png,8448,6144
patch_4355.png,8704,6144
patch_4356.png,8960,6144
patch_4357.png,9216,6144
patch_4358.png,9472,6144
patch_4359.png,9728,6144
patch_4360.png,9984,6144
patch_4361.png,10240,6144
patch_4362.png,10496,6144
patch_4363.png,10752,6144
patch_4364.png,11008,6144
patch_4365.png,11264,6144
patch_4366.png,11520,6144
patch_4367.png,11776,6144
patch_4368.png,12032,6144
patch_4369.png,12288,6144
patch_4370.png,12544,6144
patch_4371.png,12800,6144
patch_4372.png,13056,6144
patch_4373.png,13312,6144
patch_4374.png,13568,6144
patch_4375.png,13824,6144
patch_4376.png,14080,6144
patch_4377.png,14336,6144
patch_4378.png,14592,6144
patch_4379.png,14848,6144
patch_4380.png,15104,6144
patch_4381.png,15360,6144
patch_4382.png,15616,6144
patch_4383.png,15872,6144
patch_4384.png,16128,6144
patch_4385.png,16384,6144
patch_4386.png,16640,6144
patch_4387.png,16896,6144
patch_4388.png,17152,6144
patch_4389.png,17408,6144
patch_4390.png,17664,6144
patch_4391.png,17920,6144
patch_4392.png,18176,6144
patch_4393.png,18432,6144
patch_4394.png,18688,6144
patch_4395.png,18944,6144
patch_4396.png,19200,6144
patch_4397.png,19456,6144
patch_4398.png,19712,6144
patch_4399.png,19968,6144
patch_4400.png,20224,6144
patch_4401.png,20480,6144
patch_4402.png,20736,6144
patch_4403.png,20992,6144
patch_4404.png,21248,6144
patch_4405.png,21504,6144
patch_4406.png,21760,6144
patch_4407.png,22016,6144
patch_4408.png,22272,6144
patch_4409.png,22528,6144
patch_4410.png,22784,6144
patch_4411.png,23040,6144
patch_4412.png,23296,6144
patch_4413.png,23552,6144
patch_4414.png,23808,6144
patch_4415.png,24064,6144
patch_4416.png,24320,6144
patch_4417.png,24576,6144
patch_4418.png,24832,6144
patch_4419.png,25088,6144
patch_4420.png,25344,6144
patch_4421.png,25600,6144
patch_4422.png,25856,6144
patch_4423.png,26112,6144
patch_4424.png,26368,6144
patch_4425.png,26624,6144
patch_4426.png,26880,6144
patch_4427.png,27136,6144
patch_4428.png,27392,6144
patch_4429.png,27648,6144
patch_4430.png,27904,6144
patch_4431.png,28160,6144
patch_4432.png,28416,6144
patch_4433.png,28672,6144
patch_4434.png,28928,6144
patch_4435.png,29184,6144
patch_4436.png,29440,6144
patch_4437.png,29696,6144
patch_4438.png,29952,6144
patch_4439.png,30208,6144
patch_4440.png,30464,6144
patch_4441.png,30720,6144
patch_4442.png,30976,6144
patch_4443.png,31232,6144
patch_4444.png,31488,6144
patch_4445.png,31744,6144
patch_4446.png,32000,6144
patch_4447.png,32256,6144
patch_4448.png,32512,6144
patch_4449.png,32768,6144
patch_4450.png,33024,6144
patch_4451.png,33280,6144
patch_4452.png,33536,6144
patch_4453.png,33792,6144
patch_4454.png,34048,6144
patch_4455.png,34304,6144
patch_4456.png,34560,6144
patch_4457.png,34816,6144
patch_4458.png,35072,6144
patch_4459.png,35328,6144
patch_4460.png,35584,6144
patch_4461.png,35840,6144
patch_4462.png,36096,6144
patch_4463.png,36352,6144
patch_4464.png,36608,6144
patch_4465.png,36864,6144
patch_4466.png,37120,6144
patch_4467.png,37376,6144
patch_4468.png,37632,6144
patch_4469.png,37888,6144
patch_4470.png,38144,6144
patch_4471.png,38400,6144
patch_4472.png,38656,6144
patch_4473.png,38912,6144
patch_4474.png,39168,6144
patch_4475.png,39424,6144
patch_4476.png,39680,6144
patch_4477.png,39936,6144
patch_4478.png,40192,6144
patch_4479.png,40448,6144
patch_4480.png,40704,6144
patch_4481.png,40960,6144
patch_4482.png,41216,6144
patch_4483.png,41472,6144
patch_4484.png,41728,6144
patch_4485.png,41984,6144
patch_4486.png,42240,6144
patch_4487.png,42496,6144
patch_4488.png,42752,6144
patch_4489.png,43008,6144
patch_4490.png,43264,6144
patch_4491.png,43520,6144
patch_4492.png,43776,6144
patch_4493.png,44032,6144
patch_4494.png,44288,6144
patch_4495.png,44544,6144
patch_4496.png,44800,6144
patch_4497.png,45056,6144
patch_4498.png,45312,6144
patch_4499.png,45568,6144
patch_4500.png,45824,6144
patch_4501.png,0,6400
patch_4502.png,256,6400
patch_4503.png,512,6400
patch_4504.png,768,6400
patch_4505.png,1024,6400
patch_4506.png,1280,6400
patch_4507.png,1536,6400
patch_4508.png,1792,6400
patch_4509.png,2048,6400
patch_4510.png,2304,6400
patch_4511.png,2560,6400
patch_4512.png,2816,6400
patch_4513.png,3072,6400
patch_4514.png,3328,6400
patch_4515.png,3584,6400
patch_4516.png,3840,6400
patch_4517.png,4096,6400
patch_4518.png,4352,6400
patch_4519.png,4608,6400
patch_4520.png,4864,6400
patch_4521.png,5120,6400
patch_4522.png,5376,6400
patch_4523.png,5632,6400
patch_4524.png,5888,6400
patch_4525.png,6144,6400
patch_4526.png,6400,6400
patch_4527.png,6656,6400
patch_4528.png,6912,6400
patch_4529.png,7168,6400
patch_4530.png,7424,6400
patch_4531.png,7680,6400
patch_4532.png,7936,6400
patch_4533.png,8192,6400
patch_4534.png,8448,6400
patch_4535.png,8704,6400
patch_4536.png,8960,6400
patch_4537.png,9216,6400
patch_4538.png,9472,6400
patch_4539.png,9728,6400
patch_4540.png,9984,6400
patch_4541.png,10240,6400
patch_4542.png,10496,6400
patch_4543.png,10752,6400
patch_4544.png,11008,6400
patch_4545.png,11264,6400
patch_4546.png,11520,6400
patch_4547.png,11776,6400
patch_4548.png,12032,6400
patch_4549.png,12288,6400
patch_4550.png,12544,6400
patch_4551.png,12800,6400
patch_4552.png,13056,6400
patch_4553.png,13312,6400
patch_4554.png,13568,6400
patch_4555.png,13824,6400
patch_4556.png,14080,6400
patch_4557.png,14336,6400
patch_4558.png,14592,6400
patch_4559.png,14848,6400
patch_4560.png,15104,6400
patch_4561.png,15360,6400
patch_4562.png,15616,6400
patch_4563.png,15872,6400
patch_4564.png,16128,6400
patch_4565.png,16384,6400
patch_4566.png,16640,6400
patch_4567.png,16896,6400
patch_4568.png,17152,6400
patch_4569.png,17408,6400
patch_4570.png,17664,6400
patch_4571.png,17920,6400
patch_4572.png,18176,6400
patch_4573.png,18432,6400
patch_4574.png,18688,6400
patch_4575.png,18944,6400
patch_4576.png,19200,6400
patch_4577.png,19456,6400
patch_4578.png,19712,6400
patch_4579.png,19968,6400
patch_4580.png,20224,6400
patch_4581.png,20480,6400
patch_4582.png,20736,6400
patch_4583.png,20992,6400
patch_4584.png,21248,6400
patch_4585.png,21504,6400
patch_4586.png,21760,6400
patch_4587.png,22016,6400
patch_4588.png,22272,6400
patch_4589.png,22528,6400
patch_4590.png,22784,6400
patch_4591.png,23040,6400
patch_4592.png,23296,6400
patch_4593.png,23552,6400
patch_4594.png,23808,6400
patch_4595.png,24064,6400
patch_4596.png,24320,6400
patch_4597.png,24576,6400
patch_4598.png,24832,6400
patch_4599.png,25088,6400
patch_4600.png,25344,6400
patch_4601.png,25600,6400
patch_4602.png,25856,6400
patch_4603.png,26112,6400
patch_4604.png,26368,6400
patch_4605.png,26624,6400
patch_4606.png,26880,6400
patch_4607.png,27136,6400
patch_4608.png,27392,6400
patch_4609.png,27648,6400
patch_4610.png,27904,6400
patch_4611.png,28160,6400
patch_4612.png,28416,6400
patch_4613.png,28672,6400
patch_4614.png,28928,6400
patch_4615.png,29184,6400
patch_4616.png,29440,6400
patch_4617.png,29696,6400
patch_4618.png,29952,6400
patch_4619.png,30208,6400
patch_4620.png,30464,6400
patch_4621.png,30720,6400
patch_4622.png,30976,6400
patch_4623.png,31232,6400
patch_4624.png,31488,6400
patch_4625.png,31744,6400
patch_4626.png,32000,6400
patch_4627.png,32256,6400
patch_4628.png,32512,6400
patch_4629.png,32768,6400
patch_4630.png,33024,6400
patch_4631.png,33280,6400
patch_4632.png,33536,6400
patch_4633.png,33792,6400
patch_4634.png,34048,6400
patch_4635.png,34304,6400
patch_4636.png,34560,6400
patch_4637.png,34816,6400
patch_4638.png,35072,6400
patch_4639.png,35328,6400
patch_4640.png,35584,6400
patch_4641.png,35840,6400
patch_4642.png,36096,6400
patch_4643.png,36352,6400
patch_4644.png,36608,6400
patch_4645.png,36864,6400
patch_4646.png,37120,6400
patch_4647.png,37376,6400
patch_4648.png,37632,6400
patch_4649.png,37888,6400
patch_4650.png,38144,6400
patch_4651.png,38400,6400
patch_4652.png,38656,6400
patch_4653.png,38912,6400
patch_4654.png,39168,6400
patch_4655.png,39424,6400
patch_4656.png,39680,6400
patch_4657.png,39936,6400
patch_4658.png,40192,6400
patch_4659.png,40448,6400
patch_4660.png,40704,6400
patch_4661.png,40960,6400
patch_4662.png,41216,6400
patch_4663.png,41472,6400
patch_4664.png,41728,6400
patch_4665.png,41984,6400
patch_4666.png,42240,6400
patch_4667.png,42496,6400
patch_4668.png,42752,6400
patch_4669.png,43008,6400
patch_4670.png,43264,6400
patch_4671.png,43520,6400
patch_4672.png,43776,6400
patch_4673.png,44032,6400
patch_4674.png,44288,6400
patch_4675.png,44544,6400
patch_4676.png,44800,6400
patch_4677.png,45056,6400
patch_4678.png,45312,6400
patch_4679.png,45568,6400
patch_4680.png,45824,6400
patch_4681.png,0,6656
patch_4682.png,256,6656
patch_4683.png,512,6656
patch_4684.png,768,6656
patch_4685.png,1024,6656
patch_4686.png,1280,6656
patch_4687.png,1536,6656
patch_4688.png,1792,6656
patch_4689.png,2048,6656
patch_4690.png,2304,6656
patch_4691.png,2560,6656
patch_4692.png,2816,6656
patch_4693.png,3072,6656
patch_4694.png,3328,6656
patch_4695.png,3584,6656
patch_4696.png,3840,6656
patch_4697.png,4096,6656
patch_4698.png,4352,6656
patch_4699.png,4608,6656
patch_4700.png,4864,6656
patch_4701.png,5120,6656
patch_4702.png,5376,6656
patch_4703.png,5632,6656
patch_4704.png,5888,6656
patch_4705.png,6144,6656
patch_4706.png,6400,6656
patch_4707.png,6656,6656
patch_4708.png,6912,6656
patch_4709.png,7168,6656
patch_4710.png,7424,6656
patch_4711.png,7680,6656
patch_4712.png,7936,6656
patch_4713.png,8192,6656
patch_4714.png,8448,6656
patch_4715.png,8704,6656
patch_4716.png,8960,6656
patch_4717.png,9216,6656
patch_4718.png,9472,6656
patch_4719.png,9728,6656
patch_4720.png,9984,6656
patch_4721.png,10240,6656
patch_4722.png,10496,6656
patch_4723.png,10752,6656
patch_4724.png,11008,6656
patch_4725.png,11264,6656
patch_4726.png,11520,6656
patch_4727.png,11776,6656
patch_4728.png,12032,6656
patch_4729.png,12288,6656
patch_4730.png,12544,6656
patch_4731.png,12800,6656
patch_4732.png,13056,6656
patch_4733.png,13312,6656
patch_4734.png,13568,6656
patch_4735.png,13824,6656
patch_4736.png,14080,6656
patch_4737.png,14336,6656
patch_4738.png,14592,6656
patch_4739.png,14848,6656
patch_4740.png,15104,6656
patch_4741.png,15360,6656
patch_4742.png,15616,6656
patch_4743.png,15872,6656
patch_4744.png,16128,6656
patch_4745.png,16384,6656
patch_4746.png,16640,6656
patch_4747.png,16896,6656
patch_4748.png,17152,6656
patch_4749.png,17408,6656
patch_4750.png,17664,6656
patch_4751.png,17920,6656
patch_4752.png,18176,6656
patch_4753.png,18432,6656
patch_4754.png,18688,6656
patch_4755.png,18944,6656
patch_4756.png,19200,6656
patch_4757.png,19456,6656
patch_4758.png,19712,6656
patch_4759.png,19968,6656
patch_4760.png,20224,6656
patch_4761.png,20480,6656
patch_4762.png,20736,6656
patch_4763.png,20992,6656
patch_4764.png,21248,6656
patch_4765.png,21504,6656
patch_4766.png,21760,6656
patch_4767.png,22016,6656
patch_4768.png,22272,6656
patch_4769.png,22528,6656
patch_4770.png,22784,6656
patch_4771.png,23040,6656
patch_4772.png,23296,6656
patch_4773.png,23552,6656
patch_4774.png,23808,6656
patch_4775.png,24064,6656
patch_4776.png,24320,6656
patch_4777.png,24576,6656
patch_4778.png,24832,6656
patch_4779.png,25088,6656
patch_4780.png,25344,6656
patch_4781.png,25600,6656
patch_4782.png,25856,6656
patch_4783.png,26112,6656
patch_4784.png,26368,6656
patch_4785.png,26624,6656
patch_4786.png,26880,6656
patch_4787.png,27136,6656
patch_4788.png,27392,6656
patch_4789.png,27648,6656
patch_4790.png,27904,6656
patch_4791.png,28160,6656
patch_4792.png,28416,6656
patch_4793.png,28672,6656
patch_4794.png,28928,6656
patch_4795.png,29184,6656
patch_4796.png,29440,6656
patch_4797.png,29696,6656
patch_4798.png,29952,6656
patch_4799.png,30208,6656
patch_4800.png,30464,6656
patch_4801.png,30720,6656
patch_4802.png,30976,6656
patch_4803.png,31232,6656
patch_4804.png,31488,6656
patch_4805.png,31744,6656
patch_4806.png,32000,6656
patch_4807.png,32256,6656
patch_4808.png,32512,6656
patch_4809.png,32768,6656
patch_4810.png,33024,6656
patch_4811.png,33280,6656
patch_4812.png,33536,6656
patch_4813.png,33792,6656
patch_4814.png,34048,6656
patch_4815.png,34304,6656
patch_4816.png,34560,6656
patch_4817.png,34816,6656
patch_4818.png,35072,6656
patch_4819.png,35328,6656
patch_4820.png,35584,6656
patch_4821.png,35840,6656
patch_4822.png,36096,6656
patch_4823.png,36352,6656
patch_4824.png,36608,6656
patch_4825.png,36864,6656
patch_4826.png,37120,6656
patch_4827.png,37376,6656
patch_4828.png,37632,6656
patch_4829.png,37888,6656
patch_4830.png,38144,6656
patch_4831.png,38400,6656
patch_4832.png,38656,6656
patch_4833.png,38912,6656
patch_4834.png,39168,6656
patch_4835.png,39424,6656
patch_4836.png,39680,6656
patch_4837.png,39936,6656
patch_4838.png,40192,6656
patch_4839.png,40448,6656
patch_4840.png,40704,6656
patch_4841.png,40960,6656
patch_4842.png,41216,6656
patch_4843.png,41472,6656
patch_4844.png,41728,6656
patch_4845.png,41984,6656
patch_4846.png,42240,6656
patch_4847.png,42496,6656
patch_4848.png,42752,6656
patch_4849.png,43008,6656
patch_4850.png,43264,6656
patch_4851.png,43520,6656
patch_4852.png,43776,6656
patch_4853.png,44032,6656
patch_4854.png,44288,6656
patch_4855.png,44544,6656
patch_4856.png,44800,6656
patch_4857.png,45056,6656
patch_4858.png,45312,6656
patch_4859.png,45568,6656
patch_4860.png,45824,6656
patch_4861.png,0,6912
patch_4862.png,256,6912
patch_4863.png,512,6912
patch_4864.png,768,6912
patch_4865.png,1024,6912
patch_4866.png,1280,6912
patch_4867.png,1536,6912
patch_4868.png,1792,6912
patch_4869.png,2048,6912
patch_4870.png,2304,6912
patch_4871.png,2560,6912
patch_4872.png,2816,6912
patch_4873.png,3072,6912
patch_4874.png,3328,6912
patch_4875.png,3584,6912
patch_4876.png,3840,6912
patch_4877.png,4096,6912
patch_4878.png,4352,6912
patch_4879.png,4608,6912
patch_4880.png,4864,6912
patch_4881.png,5120,6912
patch_4882.png,5376,6912
patch_4883.png,5632,6912
patch_4884.png,5888,6912
patch_4885.png,6144,6912
patch_4886.png,6400,6912
patch_4887.png,6656,6912
patch_4888.png,6912,6912
patch_4889.png,7168,6912
patch_4890.png,7424,6912
patch_4891.png,7680,6912
patch_4892.png,7936,6912
patch_4893.png,8192,6912
patch_4894.png,8448,6912
patch_4895.png,8704,6912
patch_4896.png,8960,6912
patch_4897.png,9216,6912
patch_4898.png,9472,6912
patch_4899.png,9728,6912
patch_4900.png,9984,6912
patch_4901.png,10240,6912
patch_4902.png,10496,6912
patch_4903.png,10752,6912
patch_4904.png,11008,6912
patch_4905.png,11264,6912
patch_4906.png,11520,6912
patch_4907.png,11776,6912
patch_4908.png,12032,6912
patch_4909.png,12288,6912
patch_4910.png,12544,6912
patch_4911.png,12800,6912
patch_4912.png,13056,6912
patch_4913.png,13312,6912
patch_4914.png,13568,6912
patch_4915.png,13824,6912
patch_4916.png,14080,6912
patch_4917.png,14336,6912
patch_4918.png,14592,6912
patch_4919.png,14848,6912
patch_4920.png,15104,6912
patch_4921.png,15360,6912
patch_4922.png,15616,6912
patch_4923.png,15872,6912
patch_4924.png,16128,6912
patch_4925.png,16384,6912
patch_4926.png,16640,6912
patch_4927.png,16896,6912
patch_4928.png,17152,6912
patch_4929.png,17408,6912
patch_4930.png,17664,6912
patch_4931.png,17920,6912
patch_4932.png,18176,6912
patch_4933.png,18432,6912
patch_4934.png,18688,6912
patch_4935.png,18944,6912
patch_4936.png,19200,6912
patch_4937.png,19456,6912
patch_4938.png,19712,6912
patch_4939.png,19968,6912
patch_4940.png,20224,6912
patch_4941.png,20480,6912
patch_4942.png,20736,6912
patch_4943.png,20992,6912
patch_4944.png,21248,6912
patch_4945.png,21504,6912
patch_4946.png,21760,6912
patch_4947.png,22016,6912
patch_4948.png,22272,6912
patch_4949.png,22528,6912
patch_4950.png,22784,6912
patch_4951.png,23040,6912
patch_4952.png,23296,6912
patch_4953.png,23552,6912
patch_4954.png,23808,6912
patch_4955.png,24064,6912
patch_4956.png,24320,6912
patch_4957.png,24576,6912
patch_4958.png,24832,6912
patch_4959.png,25088,6912
patch_4960.png,25344,6912
patch_4961.png,25600,6912
patch_4962.png,25856,6912
patch_4963.png,26112,6912
patch_4964.png,26368,6912
patch_4965.png,26624,6912
patch_4966.png,26880,6912
patch_4967.png,27136,6912
patch_4968.png,27392,6912
patch_4969.png,27648,6912
patch_4970.png,27904,6912
patch_4971.png,28160,6912
patch_4972.png,28416,6912
patch_4973.png,28672,6912
patch_4974.png,28928,6912
patch_4975.png,29184,6912
patch_4976.png,29440,6912
patch_4977.png,29696,6912
patch_4978.png,29952,6912
patch_4979.png,30208,6912
patch_4980.png,30464,6912
patch_4981.png,30720,6912
patch_4982.png,30976,6912
patch_4983.png,31232,6912
patch_4984.png,31488,6912
patch_4985.png,31744,6912
patch_4986.png,32000,6912
patch_4987.png,32256,6912
patch_4988.png,32512,6912
patch_4989.png,32768,6912
patch_4990.png,33024,6912
patch_4991.png,33280,6912
patch_4992.png,33536,6912
patch_4993.png,33792,6912
patch_4994.png,34048,6912
patch_4995.png,34304,6912
patch_4996.png,34560,6912
patch_4997.png,34816,6912
patch_4998.png,35072,6912
patch_4999.png,35328,6912
patch_5000.png,35584,6912
patch_5001.png,35840,6912
patch_5002.png,36096,6912
patch_5003.png,36352,6912
patch_5004.png,36608,6912
patch_5005.png,36864,6912
patch_5006.png,37120,6912
patch_5007.png,37376,6912
patch_5008.png,37632,6912
patch_5009.png,37888,6912
patch_5010.png,38144,6912
patch_5011.png,38400,6912
patch_5012.png,38656,6912
patch_5013.png,38912,6912
patch_5014.png,39168,6912
patch_5015.png,39424,6912
patch_5016.png,39680,6912
patch_5017.png,39936,6912
patch_5018.png,40192,6912
patch_5019.png,40448,6912
patch_5020.png,40704,6912
patch_5021.png,40960,6912
patch_5022.png,41216,6912
patch_5023.png,41472,6912
patch_5024.png,41728,6912
patch_5025.png,41984,6912
patch_5026.png,42240,6912
patch_5027.png,42496,6912
patch_5028.png,42752,6912
patch_5029.png,43008,6912
patch_5030.png,43264,6912
patch_5031.png,43520,6912
patch_5032.png,43776,6912
patch_5033.png,44032,6912
patch_5034.png,44288,6912
patch_5035.png,44544,6912
patch_5036.png,44800,6912
patch_5037.png,45056,6912
patch_5038.png,45312,6912
patch_5039.png,45568,6912
patch_5040.png,45824,6912
patch_5041.png,0,7168
patch_5042.png,256,7168
patch_5043.png,512,7168
patch_5044.png,768,7168
patch_5045.png,1024,7168
patch_5046.png,1280,7168
patch_5047.png,1536,7168
patch_5048.png,1792,7168
patch_5049.png,2048,7168
patch_5050.png,2304,7168
patch_5051.png,2560,7168
patch_5052.png,2816,7168
patch_5053.png,3072,7168
patch_5054.png,3328,7168
patch_5055.png,3584,7168
patch_5056.png,3840,7168
patch_5057.png,4096,7168
patch_5058.png,4352,7168
patch_5059.png,4608,7168
patch_5060.png,4864,7168
patch_5061.png,5120,7168
patch_5062.png,5376,7168
patch_5063.png,5632,7168
patch_5064.png,5888,7168
patch_5065.png,6144,7168
patch_5066.png,6400,7168
patch_5067.png,6656,7168
patch_5068.png,6912,7168
patch_5069.png,7168,7168
patch_5070.png,7424,7168
patch_5071.png,7680,7168
patch_5072.png,7936,7168
patch_5073.png,8192,7168
patch_5074.png,8448,7168
patch_5075.png,8704,7168
patch_5076.png,8960,7168
patch_5077.png,9216,7168
patch_5078.png,9472,7168
patch_5079.png,9728,7168
patch_5080.png,9984,7168
patch_5081.png,10240,7168
patch_5082.png,10496,7168
patch_5083.png,10752,7168
patch_5084.png,11008,7168
patch_5085.png,11264,7168
patch_5086.png,11520,7168
patch_5087.png,11776,7168
patch_5088.png,12032,7168
patch_5089.png,12288,7168
patch_5090.png,12544,7168
patch_5091.png,12800,7168
patch_5092.png,13056,7168
patch_5093.png,13312,7168
patch_5094.png,13568,7168
patch_5095.png,13824,7168
patch_5096.png,14080,7168
patch_5097.png,14336,7168
patch_5098.png,14592,7168
patch_5099.png,14848,7168
patch_5100.png,15104,7168
patch_5101.png,15360,7168
patch_5102.png,15616,7168
patch_5103.png,15872,7168
patch_5104.png,16128,7168
patch_5105.png,16384,7168
patch_5106.png,16640,7168
patch_5107.png,16896,7168
patch_5108.png,17152,7168
patch_5109.png,17408,7168
patch_5110.png,17664,7168
patch_5111.png,17920,7168
patch_5112.png,18176,7168
patch_5113.png,18432,7168
patch_5114.png,18688,7168
patch_5115.png,18944,7168
patch_5116.png,19200,7168
patch_5117.png,19456,7168
patch_5118.png,19712,7168
patch_5119.png,19968,7168
patch_5120.png,20224,7168
patch_5121.png,20480,7168
patch_5122.png,20736,7168
patch_5123.png,20992,7168
patch_5124.png,21248,7168
patch_5125.png,21504,7168
patch_5126.png,21760,7168
patch_5127.png,22016,7168
patch_5128.png,22272,7168
patch_5129.png,22528,7168
patch_5130.png,22784,7168
patch_5131.png,23040,7168
patch_5132.png,23296,7168
patch_5133.png,23552,7168
patch_5134.png,23808,7168
patch_5135.png,24064,7168
patch_5136.png,24320,7168
patch_5137.png,24576,7168
patch_5138.png,24832,7168
patch_5139.png,25088,7168
patch_5140.png,25344,7168
patch_5141.png,25600,7168
patch_5142.png,25856,7168
patch_5143.png,26112,7168
patch_5144.png,26368,7168
patch_5145.png,26624,7168
patch_5146.png,26880,7168
patch_5147.png,27136,7168
patch_5148.png,27392,7168
patch_5149.png,27648,7168
patch_5150.png,27904,7168
patch_5151.png,28160,7168
patch_5152.png,28416,7168
patch_5153.png,28672,7168
patch_5154.png,28928,7168
patch_5155.png,29184,7168
patch_5156.png,29440,7168
patch_5157.png,29696,7168
patch_5158.png,29952,7168
patch_5159.png,30208,7168
patch_5160.png,30464,7168
patch_5161.png,30720,7168
patch_5162.png,30976,7168
patch_5163.png,31232,7168
patch_5164.png,31488,7168
patch_5165.png,31744,7168
patch_5166.png,32000,7168
patch_5167.png,32256,7168
patch_5168.png,32512,7168
patch_5169.png,32768,7168
patch_5170.png,33024,7168
patch_5171.png,33280,7168
patch_5172.png,33536,7168
patch_5173.png,33792,7168
patch_5174.png,34048,7168
patch_5175.png,34304,7168
patch_5176.png,34560,7168
patch_5177.png,34816,7168
patch_5178.png,35072,7168
patch_5179.png,35328,7168
patch_5180.png,35584,7168
patch_5181.png,35840,7168
patch_5182.png,36096,7168
patch_5183.png,36352,7168
patch_5184.png,36608,7168
patch_5185.png,36864,7168
patch_5186.png,37120,7168
patch_5187.png,37376,7168
patch_5188.png,37632,7168
patch_5189.png,37888,7168
patch_5190.png,38144,7168
patch_5191.png,38400,7168
patch_5192.png,38656,7168
patch_5193.png,38912,7168
patch_5194.png,39168,7168
patch_5195.png,39424,7168
patch_5196.png,39680,7168
patch_5197.png,39936,7168
patch_5198.png,40192,7168
patch_5199.png,40448,7168
patch_5200.png,40704,7168
patch_5201.png,40960,7168
patch_5202.png,41216,7168
patch_5203.png,41472,7168
patch_5204.png,41728,7168
patch_5205.png,41984,7168
patch_5206.png,42240,7168
patch_5207.png,42496,7168
patch_5208.png,42752,7168
patch_5209.png,43008,7168
patch_5210.png,43264,7168
patch_5211.png,43520,7168
patch_5212.png,43776,7168
patch_5213.png,44032,7168
patch_5214.png,44288,7168
patch_5215.png,44544,7168
patch_5216.png,44800,7168
patch_5217.png,45056,7168
patch_5218.png,45312,7168
patch_5219.png,45568,7168
patch_5220.png,45824,7168
patch_5221.png,0,7424
patch_5222.png,256,7424
patch_5223.png,512,7424
patch_5224.png,768,7424
patch_5225.png,1024,7424
patch_5226.png,1280,7424
patch_5227.png,1536,7424
patch_5228.png,1792,7424
patch_5229.png,2048,7424
patch_5230.png,2304,7424
patch_5231.png,2560,7424
patch_5232.png,2816,7424
patch_5233.png,3072,7424
patch_5234.png,3328,7424
patch_5235.png,3584,7424
patch_5236.png,3840,7424
patch_5237.png,4096,7424
patch_5238.png,4352,7424
patch_5239.png,4608,7424
patch_5240.png,4864,7424
patch_5241.png,5120,7424
patch_5242.png,5376,7424
patch_5243.png,5632,7424
patch_5244.png,5888,7424
patch_5245.png,6144,7424
patch_5246.png,6400,7424
patch_5247.png,6656,7424
patch_5248.png,6912,7424
patch_5249.png,7168,7424
patch_5250.png,7424,7424
patch_5251.png,7680,7424
patch_5252.png,7936,7424
patch_5253.png,8192,7424
patch_5254.png,8448,7424
patch_5255.png,8704,7424
patch_5256.png,8960,7424
patch_5257.png,9216,7424
patch_5258.png,9472,7424
patch_5259.png,9728,7424
patch_5260.png,9984,7424
patch_5261.png,10240,7424
patch_5262.png,10496,7424
patch_5263.png,10752,7424
patch_5264.png,11008,7424
patch_5265.png,11264,7424
patch_5266.png,11520,7424
patch_5267.png,11776,7424
patch_5268.png,12032,7424
patch_5269.png,12288,7424
patch_5270.png,12544,7424
patch_5271.png,12800,7424
patch_5272.png,13056,7424
patch_5273.png,13312,7424
patch_5274.png,13568,7424
patch_5275.png,13824,7424
patch_5276.png,14080,7424
patch_5277.png,14336,7424
patch_5278.png,14592,7424
patch_5279.png,14848,7424
patch_5280.png,15104,7424
patch_5281.png,15360,7424
patch_5282.png,15616,7424
patch_5283.png,15872,7424
patch_5284.png,16128,7424
patch_5285.png,16384,7424
patch_5286.png,16640,7424
patch_5287.png,16896,7424
patch_5288.png,17152,7424
patch_5289.png,17408,7424
patch_5290.png,17664,7424
patch_5291.png,17920,7424
patch_5292.png,18176,7424
patch_5293.png,18432,7424
patch_5294.png,18688,7424
patch_5295.png,18944,7424
patch_5296.png,19200,7424
patch_5297.png,19456,7424
patch_5298.png,19712,7424
patch_5299.png,19968,7424
patch_5300.png,20224,7424
patch_5301.png,20480,7424
patch_5302.png,20736,7424
patch_5303.png,20992,7424
patch_5304.png,21248,7424
patch_5305.png,21504,7424
patch_5306.png,21760,7424
patch_5307.png,22016,7424
patch_5308.png,22272,7424
patch_5309.png,22528,7424
patch_5310.png,22784,7424
patch_5311.png,23040,7424
patch_5312.png,23296,7424
patch_5313.png,23552,7424
patch_5314.png,23808,7424
patch_5315.png,24064,7424
patch_5316.png,24320,7424
patch_5317.png,24576,7424
patch_5318.png,24832,7424
patch_5319.png,25088,7424
patch_5320.png,25344,7424
patch_5321.png,25600,7424
patch_5322.png,25856,7424
patch_5323.png,26112,7424
patch_5324.png,26368,7424
patch_5325.png,26624,7424
patch_5326.png,26880,7424
patch_5327.png,27136,7424
patch_5328.png,27392,7424
patch_5329.png,27648,7424
patch_5330.png,27904,7424
patch_5331.png,28160,7424
patch_5332.png,28416,7424
patch_5333.png,28672,7424
patch_5334.png,28928,7424
patch_5335.png,29184,7424
patch_5336.png,29440,7424
patch_5337.png,29696,7424
patch_5338.png,29952,7424
patch_5339.png,30208,7424
patch_5340.png,30464,7424
patch_5341.png,30720,7424
patch_5342.png,30976,7424
patch_5343.png,31232,7424
patch_5344.png,31488,7424
patch_5345.png,31744,7424
patch_5346.png,32000,7424
patch_5347.png,32256,7424
patch_5348.png,32512,7424
patch_5349.png,32768,7424
patch_5350.png,33024,7424
patch_5351.png,33280,7424
patch_5352.png,33536,7424
patch_5353.png,33792,7424
patch_5354.png,34048,7424
patch_5355.png,34304,7424
patch_5356.png,34560,7424
patch_5357.png,34816,7424
patch_5358.png,35072,7424
patch_5359.png,35328,7424
patch_5360.png,35584,7424
patch_5361.png,35840,7424
patch_5362.png,36096,7424
patch_5363.png,36352,7424
patch_5364.png,36608,7424
patch_5365.png,36864,7424
patch_5366.png,37120,7424
patch_5367.png,37376,7424
patch_5368.png,37632,7424
patch_5369.png,37888,7424
patch_5370.png,38144,7424
patch_5371.png,38400,7424
patch_5372.png,38656,7424
patch_5373.png,38912,7424
patch_5374.png,39168,7424
patch_5375.png,39424,7424
patch_5376.png,39680,7424
patch_5377.png,39936,7424
patch_5378.png,40192,7424
patch_5379.png,40448,7424
patch_5380.png,40704,7424
patch_5381.png,40960,7424
patch_5382.png,41216,7424
patch_5383.png,41472,7424
patch_5384.png,41728,7424
patch_5385.png,41984,7424
patch_5386.png,42240,7424
patch_5387.png,42496,7424
patch_5388.png,42752,7424
patch_5389.png,43008,7424
patch_5390.png,43264,7424
patch_5391.png,43520,7424
patch_5392.png,43776,7424
patch_5393.png,44032,7424
patch_5394.png,44288,7424
patch_5395.png,44544,7424
patch_5396.png,44800,7424
patch_5397.png,45056,7424
patch_5398.png,45312,7424
patch_5399.png,45568,7424
patch_5400.png,45824,7424
patch_5401.png,0,7680
patch_5402.png,256,7680
patch_5403.png,512,7680
patch_5404.png,768,7680
patch_5405.png,1024,7680
patch_5406.png,1280,7680
patch_5407.png,1536,7680
patch_5408.png,1792,7680
patch_5409.png,2048,7680
patch_5410.png,2304,7680
patch_5411.png,2560,7680
patch_5412.png,2816,7680
patch_5413.png,3072,7680
patch_5414.png,3328,7680
patch_5415.png,3584,7680
patch_5416.png,3840,7680
patch_5417.png,4096,7680
patch_5418.png,4352,7680
patch_5419.png,4608,7680
patch_5420.png,4864,7680
patch_5421.png,5120,7680
patch_5422.png,5376,7680
patch_5423.png,5632,7680
patch_5424.png,5888,7680
patch_5425.png,6144,7680
patch_5426.png,6400,7680
patch_5427.png,6656,7680
patch_5428.png,6912,7680
patch_5429.png,7168,7680
patch_5430.png,7424,7680
patch_5431.png,7680,7680
patch_5432.png,7936,7680
patch_5433.png,8192,7680
patch_5434.png,8448,7680
patch_5435.png,8704,7680
patch_5436.png,8960,7680
patch_5437.png,9216,7680
patch_5438.png,9472,7680
patch_5439.png,9728,7680
patch_5440.png,9984,7680
patch_5441.png,10240,7680
patch_5442.png,10496,7680
patch_5443.png,10752,7680
patch_5444.png,11008,7680
patch_5445.png,11264,7680
patch_5446.png,11520,7680
patch_5447.png,11776,7680
patch_5448.png,12032,7680
patch_5449.png,12288,7680
patch_5450.png,12544,7680
patch_5451.png,12800,7680
patch_5452.png,13056,7680
patch_5453.png,13312,7680
patch_5454.png,13568,7680
patch_5455.png,13824,7680
patch_5456.png,14080,7680
patch_5457.png,14336,7680
patch_5458.png,14592,7680
patch_5459.png,14848,7680
patch_5460.png,15104,7680
patch_5461.png,15360,7680
patch_5462.png,15616,7680
patch_5463.png,15872,7680
patch_5464.png,16128,7680
patch_5465.png,16384,7680
patch_5466.png,16640,7680
patch_5467.png,16896,7680
patch_5468.png,17152,7680
patch_5469.png,17408,7680
patch_5470.png,17664,7680
patch_5471.png,17920,7680
patch_5472.png,18176,7680
patch_5473.png,18432,7680
patch_5474.png,18688,7680
patch_5475.png,18944,7680
patch_5476.png,19200,7680
patch_5477.png,19456,7680
patch_5478.png,19712,7680
patch_5479.png,19968,7680
patch_5480.png,20224,7680
patch_5481.png,20480,7680
patch_5482.png,20736,7680
patch_5483.png,20992,7680
patch_5484.png,21248,7680
patch_5485.png,21504,7680
patch_5486.png,21760,7680
patch_5487.png,22016,7680
patch_5488.png,22272,7680
patch_5489.png,22528,7680
patch_5490.png,22784,7680
patch_5491.png,23040,7680
patch_5492.png,23296,7680
patch_5493.png,23552,7680
patch_5494.png,23808,7680
patch_5495.png,24064,7680
patch_5496.png,24320,7680
patch_5497.png,24576,7680
patch_5498.png,24832,7680
patch_5499.png,25088,7680
patch_5500.png,25344,7680
patch_5501.png,25600,7680
patch_5502.png,25856,7680
patch_5503.png,26112,7680
patch_5504.png,26368,7680
patch_5505.png,26624,7680
patch_5506.png,26880,7680
patch_5507.png,27136,7680
patch_5508.png,27392,7680
patch_5509.png,27648,7680
patch_5510.png,27904,7680
patch_5511.png,28160,7680
patch_5512.png,28416,7680
patch_5513.png,28672,7680
patch_5514.png,28928,7680
patch_5515.png,29184,7680
patch_5516.png,29440,7680
patch_5517.png,29696,7680
patch_5518.png,29952,7680
patch_5519.png,30208,7680
patch_5520.png,30464,7680
patch_5521.png,30720,7680
patch_5522.png,30976,7680
patch_5523.png,31232,7680
patch_5524.png,31488,7680
patch_5525.png,31744,7680
patch_5526.png,32000,7680
patch_5527.png,32256,7680
patch_5528.png,32512,7680
patch_5529.png,32768,7680
patch_5530.png,33024,7680
patch_5531.png,33280,7680
patch_5532.png,33536,7680
patch_5533.png,33792,7680
patch_5534.png,34048,7680
patch_5535.png,34304,7680
patch_5536.png,34560,7680
patch_5537.png,34816,7680
patch_5538.png,35072,7680
patch_5539.png,35328,7680
patch_5540.png,35584,7680
patch_5541.png,35840,7680
patch_5542.png,36096,7680
patch_5543.png,36352,7680
patch_5544.png,36608,7680
patch_5545.png,36864,7680
patch_5546.png,37120,7680
patch_5547.png,37376,7680
patch_5548.png,37632,7680
patch_5549.png,37888,7680
patch_5550.png,38144,7680
patch_5551.png,38400,7680
patch_5552.png,38656,7680
patch_5553.png,38912,7680
patch_5554.png,39168,7680
patch_5555.png,39424,7680
patch_5556.png,39680,7680
patch_5557.png,39936,7680
patch_5558.png,40192,7680
patch_5559.png,40448,7680
patch_5560.png,40704,7680
patch_5561.png,40960,7680
patch_5562.png,41216,7680
patch_5563.png,41472,7680
patch_5564.png,41728,7680
patch_5565.png,41984,7680
patch_5566.png,42240,7680
patch_5567.png,42496,7680
patch_5568.png,42752,7680
patch_5569.png,43008,7680
patch_5570.png,43264,7680
patch_5571.png,43520,7680
patch_5572.png,43776,7680
patch_5573.png,44032,7680
patch_5574.png,44288,7680
patch_5575.png,44544,7680
patch_5576.png,44800,7680
patch_5577.png,45056,7680
patch_5578.png,45312,7680
patch_5579.png,45568,7680
patch_5580.png,45824,7680
patch_5581.png,0,7936
patch_5582.png,256,7936
patch_5583.png,512,7936
patch_5584.png,768,7936
patch_5585.png,1024,7936
patch_5586.png,1280,7936
patch_5587.png,1536,7936
patch_5588.png,1792,7936
patch_5589.png,2048,7936
patch_5590.png,2304,7936
patch_5591.png,2560,7936
patch_5592.png,2816,7936
patch_5593.png,3072,7936
patch_5594.png,3328,7936
patch_5595.png,3584,7936
patch_5596.png,3840,7936
patch_5597.png,4096,7936
patch_5598.png,4352,7936
patch_5599.png,4608,7936
patch_5600.png,4864,7936
patch_5601.png,5120,7936
patch_5602.png,5376,7936
patch_5603.png,5632,7936
patch_5604.png,5888,7936
patch_5605.png,6144,7936
patch_5606.png,6400,7936
patch_5607.png,6656,7936
patch_5608.png,6912,7936
patch_5609.png,7168,7936
patch_5610.png,7424,7936
patch_5611.png,7680,7936
patch_5612.png,7936,7936
patch_5613.png,8192,7936
patch_5614.png,8448,7936
patch_5615.png,8704,7936
patch_5616.png,8960,7936
patch_5617.png,9216,7936
patch_5618.png,9472,7936
patch_5619.png,9728,7936
patch_5620.png,9984,7936
patch_5621.png,10240,7936
patch_5622.png,10496,7936
patch_5623.png,10752,7936
patch_5624.png,11008,7936
patch_5625.png,11264,7936
patch_5626.png,11520,7936
patch_5627.png,11776,7936
patch_5628.png,12032,7936
patch_5629.png,12288,7936
patch_5630.png,12544,7936
patch_5631.png,12800,7936
patch_5632.png,13056,7936
patch_5633.png,13312,7936
patch_5634.png,13568,7936
patch_5635.png,13824,7936
patch_5636.png,14080,7936
patch_5637.png,14336,7936
patch_5638.png,14592,7936
patch_5639.png,14848,7936
patch_5640.png,15104,7936
patch_5641.png,15360,7936
patch_5642.png,15616,7936
patch_5643.png,15872,7936
patch_5644.png,16128,7936
patch_5645.png,16384,7936
patch_5646.png,16640,7936
patch_5647.png,16896,7936
patch_5648.png,17152,7936
patch_5649.png,17408,7936
patch_5650.png,17664,7936
patch_5651.png,17920,7936
patch_5652.png,18176,7936
patch_5653.png,18432,7936
patch_5654.png,18688,7936
patch_5655.png,18944,7936
patch_5656.png,19200,7936
patch_5657.png,19456,7936
patch_5658.png,19712,7936
patch_5659.png,19968,7936
patch_5660.png,20224,7936
patch_5661.png,20480,7936
patch_5662.png,20736,7936
patch_5663.png,20992,7936
patch_5664.png,21248,7936
patch_5665.png,21504,7936
patch_5666.png,21760,7936
patch_5667.png,22016,7936
patch_5668.png,22272,7936
patch_5669.png,22528,7936
patch_5670.png,22784,7936
patch_5671.png,23040,7936
patch_5672.png,23296,7936
patch_5673.png,23552,7936
patch_5674.png,23808,7936
patch_5675.png,24064,7936
patch_5676.png,24320,7936
patch_5677.png,24576,7936
patch_5678.png,24832,7936
patch_5679.png,25088,7936
patch_5680.png,25344,7936
patch_5681.png,25600,7936
patch_5682.png,25856,7936
patch_5683.png,26112,7936
patch_5684.png,26368,7936
patch_5685.png,26624,7936
patch_5686.png,26880,7936
patch_5687.png,27136,7936
patch_5688.png,27392,7936
patch_5689.png,27648,7936
patch_5690.png,27904,7936
patch_5691.png,28160,7936
patch_5692.png,28416,7936
patch_5693.png,28672,7936
patch_5694.png,28928,7936
patch_5695.png,29184,7936
patch_5696.png,29440,7936
patch_5697.png,29696,7936
patch_5698.png,29952,7936
patch_5699.png,30208,7936
patch_5700.png,30464,7936
patch_5701.png,30720,7936
patch_5702.png,30976,7936
patch_5703.png,31232,7936
patch_5704.png,31488,7936
patch_5705.png,31744,7936
patch_5706.png,32000,7936
patch_5707.png,32256,7936
patch_5708.png,32512,7936
patch_5709.png,32768,7936
patch_5710.png,33024,7936
patch_5711.png,33280,7936
patch_5712.png,33536,7936
patch_5713.png,33792,7936
patch_5714.png,34048,7936
patch_5715.png,34304,7936
patch_5716.png,34560,7936
patch_5717.png,34816,7936
patch_5718.png,35072,7936
patch_5719.png,35328,7936
patch_5720.png,35584,7936
patch_5721.png,35840,7936
patch_5722.png,36096,7936
patch_5723.png,36352,7936
patch_5724.png,36608,7936
patch_5725.png,36864,7936
patch_5726.png,37120,7936
patch_5727.png,37376,7936
patch_5728.png,37632,7936
patch_5729.png,37888,7936
patch_5730.png,38144,7936
patch_5731.png,38400,7936
patch_5732.png,38656,7936
patch_5733.png,38912,7936
patch_5734.png,39168,7936
patch_5735.png,39424,7936
patch_5736.png,39680,7936
patch_5737.png,39936,7936
patch_5738.png,40192,7936
patch_5739.png,40448,7936
patch_5740.png,40704,7936
patch_5741.png,40960,7936
patch_5742.png,41216,7936
patch_5743.png,41472,7936
patch_5744.png,41728,7936
patch_5745.png,41984,7936
patch_5746.png,42240,7936
patch_5747.png,42496,7936
patch_5748.png,42752,7936
patch_5749.png,43008,7936
patch_5750.png,43264,7936
patch_5751.png,43520,7936
patch_5752.png,43776,7936
patch_5753.png,44032,7936
patch_5754.png,44288,7936
patch_5755.png,44544,7936
patch_5756.png,44800,7936
patch_5757.png,45056,7936
patch_5758.png,45312,7936
patch_5759.png,45568,7936
patch_5760.png,45824,7936
patch_5761.png,0,8192
patch_5762.png,256,8192
patch_5763.png,512,8192
patch_5764.png,768,8192
patch_5765.png,1024,8192
patch_5766.png,1280,8192
patch_5767.png,1536,8192
patch_5768.png,1792,8192
patch_5769.png,2048,8192
patch_5770.png,2304,8192
patch_5771.png,2560,8192
patch_5772.png,2816,8192
patch_5773.png,3072,8192
patch_5774.png,3328,8192
patch_5775.png,3584,8192
patch_5776.png,3840,8192
patch_5777.png,4096,8192
patch_5778.png,4352,8192
patch_5779.png,4608,8192
patch_5780.png,4864,8192
patch_5781.png,5120,8192
patch_5782.png,5376,8192
patch_5783.png,5632,8192
patch_5784.png,5888,8192
patch_5785.png,6144,8192
patch_5786.png,6400,8192
patch_5787.png,6656,8192
patch_5788.png,6912,8192
patch_5789.png,7168,8192
patch_5790.png,7424,8192
patch_5791.png,7680,8192
patch_5792.png,7936,8192
patch_5793.png,8192,8192
patch_5794.png,8448,8192
patch_5795.png,8704,8192
patch_5796.png,8960,8192
patch_5797.png,9216,8192
patch_5798.png,9472,8192
patch_5799.png,9728,8192
patch_5800.png,9984,8192
patch_5801.png,10240,8192
patch_5802.png,10496,8192
patch_5803.png,10752,8192
patch_5804.png,11008,8192
patch_5805.png,11264,8192
patch_5806.png,11520,8192
patch_5807.png,11776,8192
patch_5808.png,12032,8192
patch_5809.png,12288,8192
patch_5810.png,12544,8192
patch_5811.png,12800,8192
patch_5812.png,13056,8192
patch_5813.png,13312,8192
patch_5814.png,13568,8192
patch_5815.png,13824,8192
patch_5816.png,14080,8192
patch_5817.png,14336,8192
patch_5818.png,14592,8192
patch_5819.png,14848,8192
patch_5820.png,15104,8192
patch_5821.png,15360,8192
patch_5822.png,15616,8192
patch_5823.png,15872,8192
patch_5824.png,16128,8192
patch_5825.png,16384,8192
patch_5826.png,16640,8192
patch_5827.png,16896,8192
patch_5828.png,17152,8192
patch_5829.png,17408,8192
patch_5830.png,17664,8192
patch_5831.png,17920,8192
patch_5832.png,18176,8192
patch_5833.png,18432,8192
patch_5834.png,18688,8192
patch_5835.png,18944,8192
patch_5836.png,19200,8192
patch_5837.png,19456,8192
patch_5838.png,19712,8192
patch_5839.png,19968,8192
patch_5840.png,20224,8192
patch_5841.png,20480,8192
patch_5842.png,20736,8192
patch_5843.png,20992,8192
patch_5844.png,21248,8192
patch_5845.png,21504,8192
patch_5846.png,21760,8192
patch_5847.png,22016,8192
patch_5848.png,22272,8192
patch_5849.png,22528,8192
patch_5850.png,22784,8192
patch_5851.png,23040,8192
patch_5852.png,23296,8192
patch_5853.png,23552,8192
patch_5854.png,23808,8192
patch_5855.png,24064,8192
patch_5856.png,24320,8192
patch_5857.png,24576,8192
patch_5858.png,24832,8192
patch_5859.png,25088,8192
patch_5860.png,25344,8192
patch_5861.png,25600,8192
patch_5862.png,25856,8192
patch_5863.png,26112,8192
patch_5864.png,26368,8192
patch_5865.png,26624,8192
patch_5866.png,26880,8192
patch_5867.png,27136,8192
patch_5868.png,27392,8192
patch_5869.png,27648,8192
patch_5870.png,27904,8192
patch_5871.png,28160,8192
patch_5872.png,28416,8192
patch_5873.png,28672,8192
patch_5874.png,28928,8192
patch_5875.png,29184,8192
patch_5876.png,29440,8192
patch_5877.png,29696,8192
patch_5878.png,29952,8192
patch_5879.png,30208,8192
patch_5880.png,30464,8192
patch_5881.png,30720,8192
patch_5882.png,30976,8192
patch_5883.png,31232,8192
patch_5884.png,31488,8192
patch_5885.png,31744,8192
patch_5886.png,32000,8192
patch_5887.png,32256,8192
patch_5888.png,32512,8192
patch_5889.png,32768,8192
patch_5890.png,33024,8192
patch_5891.png,33280,8192
patch_5892.png,33536,8192
patch_5893.png,33792,8192
patch_5894.png,34048,8192
patch_5895.png,34304,8192
patch_5896.png,34560,8192
patch_5897.png,34816,8192
patch_5898.png,35072,8192
patch_5899.png,35328,8192
patch_5900.png,35584,8192
patch_5901.png,35840,8192
patch_5902.png,36096,8192
patch_5903.png,36352,8192
patch_5904.png,36608,8192
patch_5905.png,36864,8192
patch_5906.png,37120,8192
patch_5907.png,37376,8192
patch_5908.png,37632,8192
patch_5909.png,37888,8192
patch_5910.png,38144,8192
patch_5911.png,38400,8192
patch_5912.png,38656,8192
patch_5913.png,38912,8192
patch_5914.png,39168,8192
patch_5915.png,39424,8192
patch_5916.png,39680,8192
patch_5917.png,39936,8192
patch_5918.png,40192,8192
patch_5919.png,40448,8192
patch_5920.png,40704,8192
patch_5921.png,40960,8192
patch_5922.png,41216,8192
patch_5923.png,41472,8192
patch_5924.png,41728,8192
patch_5925.png,41984,8192
patch_5926.png,42240,8192
patch_5927.png,42496,8192
patch_5928.png,42752,8192
patch_5929.png,43008,8192
patch_5930.png,43264,8192
patch_5931.png,43520,8192
patch_5932.png,43776,8192
patch_5933.png,44032,8192
patch_5934.png,44288,8192
patch_5935.png,44544,8192
patch_5936.png,44800,8192
patch_5937.png,45056,8192
patch_5938.png,45312,8192
patch_5939.png,45568,8192
patch_5940.png,45824,8192
patch_5941.png,0,8448
patch_5942.png,256,8448
patch_5943.png,512,8448
patch_5944.png,768,8448
patch_5945.png,1024,8448
patch_5946.png,1280,8448
patch_5947.png,1536,8448
patch_5948.png,1792,8448
patch_5949.png,2048,8448
patch_5950.png,2304,8448
patch_5951.png,2560,8448
patch_5952.png,2816,8448
patch_5953.png,3072,8448
patch_5954.png,3328,8448
patch_5955.png,3584,8448
patch_5956.png,3840,8448
patch_5957.png,4096,8448
patch_5958.png,4352,8448
patch_5959.png,4608,8448
patch_5960.png,4864,8448
patch_5961.png,5120,8448
patch_5962.png,5376,8448
patch_5963.png,5632,8448
patch_5964.png,5888,8448
patch_5965.png,6144,8448
patch_5966.png,6400,8448
patch_5967.png,6656,8448
patch_5968.png,6912,8448
patch_5969.png,7168,8448
patch_5970.png,7424,8448
patch_5971.png,7680,8448
patch_5972.png,7936,8448
patch_5973.png,8192,8448
patch_5974.png,8448,8448
patch_5975.png,8704,8448
patch_5976.png,8960,8448
patch_5977.png,9216,8448
patch_5978.png,9472,8448
patch_5979.png,9728,8448
patch_5980.png,9984,8448
patch_5981.png,10240,8448
patch_5982.png,10496,8448
patch_5983.png,10752,8448
patch_5984.png,11008,8448
patch_5985.png,11264,8448
patch_5986.png,11520,8448
patch_5987.png,11776,8448
patch_5988.png,12032,8448
patch_5989.png,12288,8448
patch_5990.png,12544,8448
patch_5991.png,12800,8448
patch_5992.png,13056,8448
patch_5993.png,13312,8448
patch_5994.png,13568,8448
patch_5995.png,13824,8448
patch_5996.png,14080,8448
patch_5997.png,14336,8448
patch_5998.png,14592,8448
patch_5999.png,14848,8448
patch_6000.png,15104,8448
patch_6001.png,15360,8448
patch_6002.png,15616,8448
patch_6003.png,15872,8448
patch_6004.png,16128,8448
patch_6005.png,16384,8448
patch_6006.png,16640,8448
patch_6007.png,16896,8448
patch_6008.png,17152,8448
patch_6009.png,17408,8448
patch_6010.png,17664,8448
patch_6011.png,17920,8448
patch_6012.png,18176,8448
patch_6013.png,18432,8448
patch_6014.png,18688,8448
patch_6015.png,18944,8448
patch_6016.png,19200,8448
patch_6017.png,19456,8448
patch_6018.png,19712,8448
patch_6019.png,19968,8448
patch_6020.png,20224,8448
patch_6021.png,20480,8448
patch_6022.png,20736,8448
patch_6023.png,20992,8448
patch_6024.png,21248,8448
patch_6025.png,21504,8448
patch_6026.png,21760,8448
patch_6027.png,22016,8448
patch_6028.png,22272,8448
patch_6029.png,22528,8448
patch_6030.png,22784,8448
patch_6031.png,23040,8448
patch_6032.png,23296,8448
patch_6033.png,23552,8448
patch_6034.png,23808,8448
patch_6035.png,24064,8448
patch_6036.png,24320,8448
patch_6037.png,24576,8448
patch_6038.png,24832,8448
patch_6039.png,25088,8448
patch_6040.png,25344,8448
patch_6041.png,25600,8448
patch_6042.png,25856,8448
patch_6043.png,26112,8448
patch_6044.png,26368,8448
patch_6045.png,26624,8448
patch_6046.png,26880,8448
patch_6047.png,27136,8448
patch_6048.png,27392,8448
patch_6049.png,27648,8448
patch_6050.png,27904,8448
patch_6051.png,28160,8448
patch_6052.png,28416,8448
patch_6053.png,28672,8448
patch_6054.png,28928,8448
patch_6055.png,29184,8448
patch_6056.png,29440,8448
patch_6057.png,29696,8448
patch_6058.png,29952,8448
patch_6059.png,30208,8448
patch_6060.png,30464,8448
patch_6061.png,30720,8448
patch_6062.png,30976,8448
patch_6063.png,31232,8448
patch_6064.png,31488,8448
patch_6065.png,31744,8448
patch_6066.png,32000,8448
patch_6067.png,32256,8448
patch_6068.png,32512,8448
patch_6069.png,32768,8448
patch_6070.png,33024,8448
patch_6071.png,33280,8448
patch_6072.png,33536,8448
patch_6073.png,33792,8448
patch_6074.png,34048,8448
patch_6075.png,34304,8448
patch_6076.png,34560,8448
patch_6077.png,34816,8448
patch_6078.png,35072,8448
patch_6079.png,35328,8448
patch_6080.png,35584,8448
patch_6081.png,35840,8448
patch_6082.png,36096,8448
patch_6083.png,36352,8448
patch_6084.png,36608,8448
patch_6085.png,36864,8448
patch_6086.png,37120,8448
patch_6087.png,37376,8448
patch_6088.png,37632,8448
patch_6089.png,37888,8448
patch_6090.png,38144,8448
patch_6091.png,38400,8448
patch_6092.png,38656,8448
patch_6093.png,38912,8448
patch_6094.png,39168,8448
patch_6095.png,39424,8448
patch_6096.png,39680,8448
patch_6097.png,39936,8448
patch_6098.png,40192,8448
patch_6099.png,40448,8448
patch_6100.png,40704,8448
patch_6101.png,40960,8448
patch_6102.png,41216,8448
patch_6103.png,41472,8448
patch_6104.png,41728,8448
patch_6105.png,41984,8448
patch_6106.png,42240,8448
patch_6107.png,42496,8448
patch_6108.png,42752,8448
patch_6109.png,43008,8448
patch_6110.png,43264,8448
patch_6111.png,43520,8448
patch_6112.png,43776,8448
patch_6113.png,44032,8448
patch_6114.png,44288,8448
patch_6115.png,44544,8448
patch_6116.png,44800,8448
patch_6117.png,45056,8448
patch_6118.png,45312,8448
patch_6119.png,45568,8448
patch_6120.png,45824,8448
patch_6121.png,0,8704
patch_6122.png,256,8704
patch_6123.png,512,8704
patch_6124.png,768,8704
patch_6125.png,1024,8704
patch_6126.png,1280,8704
patch_6127.png,1536,8704
patch_6128.png,1792,8704
patch_6129.png,2048,8704
patch_6130.png,2304,8704
patch_6131.png,2560,8704
patch_6132.png,2816,8704
patch_6133.png,3072,8704
patch_6134.png,3328,8704
patch_6135.png,3584,8704
patch_6136.png,3840,8704
patch_6137.png,4096,8704
patch_6138.png,4352,8704
patch_6139.png,4608,8704
patch_6140.png,4864,8704
patch_6141.png,5120,8704
patch_6142.png,5376,8704
patch_6143.png,5632,8704
patch_6144.png,5888,8704
patch_6145.png,6144,8704
patch_6146.png,6400,8704
patch_6147.png,6656,8704
patch_6148.png,6912,8704
patch_6149.png,7168,8704
patch_6150.png,7424,8704
patch_6151.png,7680,8704
patch_6152.png,7936,8704
patch_6153.png,8192,8704
patch_6154.png,8448,8704
patch_6155.png,8704,8704
patch_6156.png,8960,8704
patch_6157.png,9216,8704
patch_6158.png,9472,8704
patch_6159.png,9728,8704
patch_6160.png,9984,8704
patch_6161.png,10240,8704
patch_6162.png,10496,8704
patch_6163.png,10752,8704
patch_6164.png,11008,8704
patch_6165.png,11264,8704
patch_6166.png,11520,8704
patch_6167.png,11776,8704
patch_6168.png,12032,8704
patch_6169.png,12288,8704
patch_6170.png,12544,8704
patch_6171.png,12800,8704
patch_6172.png,13056,8704
patch_6173.png,13312,8704
patch_6174.png,13568,8704
patch_6175.png,13824,8704
patch_6176.png,14080,8704
patch_6177.png,14336,8704
patch_6178.png,14592,8704
patch_6179.png,14848,8704
patch_6180.png,15104,8704
patch_6181.png,15360,8704
patch_6182.png,15616,8704
patch_6183.png,15872,8704
patch_6184.png,16128,8704
patch_6185.png,16384,8704
patch_6186.png,16640,8704
patch_6187.png,16896,8704
patch_6188.png,17152,8704
patch_6189.png,17408,8704
patch_6190.png,17664,8704
patch_6191.png,17920,8704
patch_6192.png,18176,8704
patch_6193.png,18432,8704
patch_6194.png,18688,8704
patch_6195.png,18944,8704
patch_6196.png,19200,8704
patch_6197.png,19456,8704
patch_6198.png,19712,8704
patch_6199.png,19968,8704
patch_6200.png,20224,8704
patch_6201.png,20480,8704
patch_6202.png,20736,8704
patch_6203.png,20992,8704
patch_6204.png,21248,8704
patch_6205.png,21504,8704
patch_6206.png,21760,8704
patch_6207.png,22016,8704
patch_6208.png,22272,8704
patch_6209.png,22528,8704
patch_6210.png,22784,8704
patch_6211.png,23040,8704
patch_6212.png,23296,8704
patch_6213.png,23552,8704
patch_6214.png,23808,8704
patch_6215.png,24064,8704
patch_6216.png,24320,8704
patch_6217.png,24576,8704
patch_6218.png,24832,8704
patch_6219.png,25088,8704
patch_6220.png,25344,8704
patch_6221.png,25600,8704
patch_6222.png,25856,8704
patch_6223.png,26112,8704
patch_6224.png,26368,8704
patch_6225.png,26624,8704
patch_6226.png,26880,8704
patch_6227.png,27136,8704
patch_6228.png,27392,8704
patch_6229.png,27648,8704
patch_6230.png,27904,8704
patch_6231.png,28160,8704
patch_6232.png,28416,8704
patch_6233.png,28672,8704
patch_6234.png,28928,8704
patch_6235.png,29184,8704
patch_6236.png,29440,8704
patch_6237.png,29696,8704
patch_6238.png,29952,8704
patch_6239.png,30208,8704
patch_6240.png,30464,8704
patch_6241.png,30720,8704
patch_6242.png,30976,8704
patch_6243.png,31232,8704
patch_6244.png,31488,8704
patch_6245.png,31744,8704
patch_6246.png,32000,8704
patch_6247.png,32256,8704
patch_6248.png,32512,8704
patch_6249.png,32768,8704
patch_6250.png,33024,8704
patch_6251.png,33280,8704
patch_6252.png,33536,8704
patch_6253.png,33792,8704
patch_6254.png,34048,8704
patch_6255.png,34304,8704
patch_6256.png,34560,8704
patch_6257.png,34816,8704
patch_6258.png,35072,8704
patch_6259.png,35328,8704
patch_6260.png,35584,8704
patch_6261.png,35840,8704
patch_6262.png,36096,8704
patch_6263.png,36352,8704
patch_6264.png,36608,8704
patch_6265.png,36864,8704
patch_6266.png,37120,8704
patch_6267.png,37376,8704
patch_6268.png,37632,8704
patch_6269.png,37888,8704
patch_6270.png,38144,8704
patch_6271.png,38400,8704
patch_6272.png,38656,8704
patch_6273.png,38912,8704
patch_6274.png,39168,8704
patch_6275.png,39424,8704
patch_6276.png,39680,8704
patch_6277.png,39936,8704
patch_6278.png,40192,8704
patch_6279.png,40448,8704
patch_6280.png,40704,8704
patch_6281.png,40960,8704
patch_6282.png,41216,8704
patch_6283.png,41472,8704
patch_6284.png,41728,8704
patch_6285.png,41984,8704
patch_6286.png,42240,8704
patch_6287.png,42496,8704
patch_6288.png,42752,8704
patch_6289.png,43008,8704
patch_6290.png,43264,8704
patch_6291.png,43520,8704
patch_6292.png,43776,8704
patch_6293.png,44032,8704
patch_6294.png,44288,8704
patch_6295.png,44544,8704
patch_6296.png,44800,8704
patch_6297.png,45056,8704
patch_6298.png,45312,8704
patch_6299.png,45568,8704
patch_6300.png,45824,8704
patch_6301.png,0,8960
patch_6302.png,256,8960
patch_6303.png,512,8960
patch_6304.png,768,8960
patch_6305.png,1024,8960
patch_6306.png,1280,8960
patch_6307.png,1536,8960
patch_6308.png,1792,8960
patch_6309.png,2048,8960
patch_6310.png,2304,8960
patch_6311.png,2560,8960
patch_6312.png,2816,8960
patch_6313.png,3072,8960
patch_6314.png,3328,8960
patch_6315.png,3584,8960
patch_6316.png,3840,8960
patch_6317.png,4096,8960
patch_6318.png,4352,8960
patch_6319.png,4608,8960
patch_6320.png,4864,8960
patch_6321.png,5120,8960
patch_6322.png,5376,8960
patch_6323.png,5632,8960
patch_6324.png,5888,8960
patch_6325.png,6144,8960
patch_6326.png,6400,8960
patch_6327.png,6656,8960
patch_6328.png,6912,8960
patch_6329.png,7168,8960
patch_6330.png,7424,8960
patch_6331.png,7680,8960
patch_6332.png,7936,8960
patch_6333.png,8192,8960
patch_6334.png,8448,8960
patch_6335.png,8704,8960
patch_6336.png,8960,8960
patch_6337.png,9216,8960
patch_6338.png,9472,8960
patch_6339.png,9728,8960
patch_6340.png,9984,8960
patch_6341.png,10240,8960
patch_6342.png,10496,8960
patch_6343.png,10752,8960
patch_6344.png,11008,8960
patch_6345.png,11264,8960
patch_6346.png,11520,8960
patch_6347.png,11776,8960
patch_6348.png,12032,8960
patch_6349.png,12288,8960
patch_6350.png,12544,8960
patch_6351.png,12800,8960
patch_6352.png,13056,8960
patch_6353.png,13312,8960
patch_6354.png,13568,8960
patch_6355.png,13824,8960
patch_6356.png,14080,8960
patch_6357.png,14336,8960
patch_6358.png,14592,8960
patch_6359.png,14848,8960
patch_6360.png,15104,8960
patch_6361.png,15360,8960
patch_6362.png,15616,8960
patch_6363.png,15872,8960
patch_6364.png,16128,8960
patch_6365.png,16384,8960
patch_6366.png,16640,8960
patch_6367.png,16896,8960
patch_6368.png,17152,8960
patch_6369.png,17408,8960
patch_6370.png,17664,8960
patch_6371.png,17920,8960
patch_6372.png,18176,8960
patch_6373.png,18432,8960
patch_6374.png,18688,8960
patch_6375.png,18944,8960
patch_6376.png,19200,8960
patch_6377.png,19456,8960
patch_6378.png,19712,8960
patch_6379.png,19968,8960
patch_6380.png,20224,8960
patch_6381.png,20480,8960
patch_6382.png,20736,8960
patch_6383.png,20992,8960
patch_6384.png,21248,8960
patch_6385.png,21504,8960
patch_6386.png,21760,8960
patch_6387.png,22016,8960
patch_6388.png,22272,8960
patch_6389.png,22528,8960
patch_6390.png,22784,8960
patch_6391.png,23040,8960
patch_6392.png,23296,8960
patch_6393.png,23552,8960
patch_6394.png,23808,8960
patch_6395.png,24064,8960
patch_6396.png,24320,8960
patch_6397.png,24576,8960
patch_6398.png,24832,8960
patch_6399.png,25088,8960
patch_6400.png,25344,8960
patch_6401.png,25600,8960
patch_6402.png,25856,8960
patch_6403.png,26112,8960
patch_6404.png,26368,8960
patch_6405.png,26624,8960
patch_6406.png,26880,8960
patch_6407.png,27136,8960
patch_6408.png,27392,8960
patch_6409.png,27648,8960
patch_6410.png,27904,8960
patch_6411.png,28160,8960
patch_6412.png,28416,8960
patch_6413.png,28672,8960
patch_6414.png,28928,8960
patch_6415.png,29184,8960
patch_6416.png,29440,8960
patch_6417.png,29696,8960
patch_6418.png,29952,8960
patch_6419.png,30208,8960
patch_6420.png,30464,8960
patch_6421.png,30720,8960
patch_6422.png,30976,8960
patch_6423.png,31232,8960
patch_6424.png,31488,8960
patch_6425.png,31744,8960
patch_6426.png,32000,8960
patch_6427.png,32256,8960
patch_6428.png,32512,8960
patch_6429.png,32768,8960
patch_6430.png,33024,8960
patch_6431.png,33280,8960
patch_6432.png,33536,8960
patch_6433.png,33792,8960
patch_6434.png,34048,8960
patch_6435.png,34304,8960
patch_6436.png,34560,8960
patch_6437.png,34816,8960
patch_6438.png,35072,8960
patch_6439.png,35328,8960
patch_6440.png,35584,8960
patch_6441.png,35840,8960
patch_6442.png,36096,8960
patch_6443.png,36352,8960
patch_6444.png,36608,8960
patch_6445.png,36864,8960
patch_6446.png,37120,8960
patch_6447.png,37376,8960
patch_6448.png,37632,8960
patch_6449.png,37888,8960
patch_6450.png,38144,8960
patch_6451.png,38400,8960
patch_6452.png,38656,8960
patch_6453.png,38912,8960
patch_6454.png,39168,8960
patch_6455.png,39424,8960
patch_6456.png,39680,8960
patch_6457.png,39936,8960
patch_6458.png,40192,8960
patch_6459.png,40448,8960
patch_6460.png,40704,8960
patch_6461.png,40960,8960
patch_6462.png,41216,8960
patch_6463.png,41472,8960
patch_6464.png,41728,8960
patch_6465.png,41984,8960
patch_6466.png,42240,8960
patch_6467.png,42496,8960
patch_6468.png,42752,8960
patch_6469.png,43008,8960
patch_6470.png,43264,8960
patch_6471.png,43520,8960
patch_6472.png,43776,8960
patch_6473.png,44032,8960
patch_6474.png,44288,8960
patch_6475.png,44544,8960
patch_6476.png,44800,8960
patch_6477.png,45056,8960
patch_6478.png,45312,8960
patch_6479.png,45568,8960
patch_6480.png,45824,8960
patch_6481.png,0,9216
patch_6482.png,256,9216
patch_6483.png,512,9216
patch_6484.png,768,9216
patch_6485.png,1024,9216
patch_6486.png,1280,9216
patch_6487.png,1536,9216
patch_6488.png,1792,9216
patch_6489.png,2048,9216
patch_6490.png,2304,9216
patch_6491.png,2560,9216
patch_6492.png,2816,9216
patch_6493.png,3072,9216
patch_6494.png,3328,9216
patch_6495.png,3584,9216
patch_6496.png,3840,9216
patch_6497.png,4096,9216
patch_6498.png,4352,9216
patch_6499.png,4608,9216
patch_6500.png,4864,9216
patch_6501.png,5120,9216
patch_6502.png,5376,9216
patch_6503.png,5632,9216
patch_6504.png,5888,9216
patch_6505.png,6144,9216
patch_6506.png,6400,9216
patch_6507.png,6656,9216
patch_6508.png,6912,9216
patch_6509.png,7168,9216
patch_6510.png,7424,9216
patch_6511.png,7680,9216
patch_6512.png,7936,9216
patch_6513.png,8192,9216
patch_6514.png,8448,9216
patch_6515.png,8704,9216
patch_6516.png,8960,9216
patch_6517.png,9216,9216
patch_6518.png,9472,9216
patch_6519.png,9728,9216
patch_6520.png,9984,9216
patch_6521.png,10240,9216
patch_6522.png,10496,9216
patch_6523.png,10752,9216
patch_6524.png,11008,9216
patch_6525.png,11264,9216
patch_6526.png,11520,9216
patch_6527.png,11776,9216
patch_6528.png,12032,9216
patch_6529.png,12288,9216
patch_6530.png,12544,9216
patch_6531.png,12800,9216
patch_6532.png,13056,9216
patch_6533.png,13312,9216
patch_6534.png,13568,9216
patch_6535.png,13824,9216
patch_6536.png,14080,9216
patch_6537.png,14336,9216
patch_6538.png,14592,9216
patch_6539.png,14848,9216
patch_6540.png,15104,9216
patch_6541.png,15360,9216
patch_6542.png,15616,9216
patch_6543.png,15872,9216
patch_6544.png,16128,9216
patch_6545.png,16384,9216
patch_6546.png,16640,9216
patch_6547.png,16896,9216
patch_6548.png,17152,9216
patch_6549.png,17408,9216
patch_6550.png,17664,9216
patch_6551.png,17920,9216
patch_6552.png,18176,9216
patch_6553.png,18432,9216
patch_6554.png,18688,9216
patch_6555.png,18944,9216
patch_6556.png,19200,9216
patch_6557.png,19456,9216
patch_6558.png,19712,9216
patch_6559.png,19968,9216
patch_6560.png,20224,9216
patch_6561.png,20480,9216
patch_6562.png,20736,9216
patch_6563.png,20992,9216
patch_6564.png,21248,9216
patch_6565.png,21504,9216
patch_6566.png,21760,9216
patch_6567.png,22016,9216
patch_6568.png,22272,9216
patch_6569.png,22528,9216
patch_6570.png,22784,9216
patch_6571.png,23040,9216
patch_6572.png,23296,9216
patch_6573.png,23552,9216
patch_6574.png,23808,9216
patch_6575.png,24064,9216
patch_6576.png,24320,9216
patch_6577.png,24576,9216
patch_6578.png,24832,9216
patch_6579.png,25088,9216
patch_6580.png,25344,9216
patch_6581.png,25600,9216
patch_6582.png,25856,9216
patch_6583.png,26112,9216
patch_6584.png,26368,9216
patch_6585.png,26624,9216
patch_6586.png,26880,9216
patch_6587.png,27136,9216
patch_6588.png,27392,9216
patch_6589.png,27648,9216
patch_6590.png,27904,9216
patch_6591.png,28160,9216
patch_6592.png,28416,9216
patch_6593.png,28672,9216
patch_6594.png,28928,9216
patch_6595.png,29184,9216
patch_6596.png,29440,9216
patch_6597.png,29696,9216
patch_6598.png,29952,9216
patch_6599.png,30208,9216
patch_6600.png,30464,9216
patch_6601.png,30720,9216
patch_6602.png,30976,9216
patch_6603.png,31232,9216
patch_6604.png,31488,9216
patch_6605.png,31744,9216
patch_6606.png,32000,9216
patch_6607.png,32256,9216
patch_6608.png,32512,9216
patch_6609.png,32768,9216
patch_6610.png,33024,9216
patch_6611.png,33280,9216
patch_6612.png,33536,9216
patch_6613.png,33792,9216
patch_6614.png,34048,9216
patch_6615.png,34304,9216
patch_6616.png,34560,9216
patch_6617.png,34816,9216
patch_6618.png,35072,9216
patch_6619.png,35328,9216
patch_6620.png,35584,9216
patch_6621.png,35840,9216
patch_6622.png,36096,9216
patch_6623.png,36352,9216
patch_6624.png,36608,9216
patch_6625.png,36864,9216
patch_6626.png,37120,9216
patch_6627.png,37376,9216
patch_6628.png,37632,9216
patch_6629.png,37888,9216
patch_6630.png,38144,9216
patch_6631.png,38400,9216
patch_6632.png,38656,9216
patch_6633.png,38912,9216
patch_6634.png,39168,9216
patch_6635.png,39424,9216
patch_6636.png,39680,9216
patch_6637.png,39936,9216
patch_6638.png,40192,9216
patch_6639.png,40448,9216
patch_6640.png,40704,9216
patch_6641.png,40960,9216
patch_6642.png,41216,9216
patch_6643.png,41472,9216
patch_6644.png,41728,9216
patch_6645.png,41984,9216
patch_6646.png,42240,9216
patch_6647.png,42496,9216
patch_6648.png,42752,9216
patch_6649.png,43008,9216
patch_6650.png,43264,9216
patch_6651.png,43520,9216
patch_6652.png,43776,9216
patch_6653.png,44032,9216
patch_6654.png,44288,9216
patch_6655.png,44544,9216
patch_6656.png,44800,9216
patch_6657.png,45056,9216
patch_6658.png,45312,9216
patch_6659.png,45568,9216
patch_6660.png,45824,9216
patch_6661.png,0,9472
patch_6662.png,256,9472
patch_6663.png,512,9472
patch_6664.png,768,9472
patch_6665.png,1024,9472
patch_6666.png,1280,9472
patch_6667.png,1536,9472
patch_6668.png,1792,9472
patch_6669.png,2048,9472
patch_6670.png,2304,9472
patch_6671.png,2560,9472
patch_6672.png,2816,9472
patch_6673.png,3072,9472
patch_6674.png,3328,9472
patch_6675.png,3584,9472
patch_6676.png,3840,9472
patch_6677.png,4096,9472
patch_6678.png,4352,9472
patch_6679.png,4608,9472
patch_6680.png,4864,9472
patch_6681.png,5120,9472
patch_6682.png,5376,9472
patch_6683.png,5632,9472
patch_6684.png,5888,9472
patch_6685.png,6144,9472
patch_6686.png,6400,9472
patch_6687.png,6656,9472
patch_6688.png,6912,9472
patch_6689.png,7168,9472
patch_6690.png,7424,9472
patch_6691.png,7680,9472
patch_6692.png,7936,9472
patch_6693.png,8192,9472
patch_6694.png,8448,9472
patch_6695.png,8704,9472
patch_6696.png,8960,9472
patch_6697.png,9216,9472
patch_6698.png,9472,9472
patch_6699.png,9728,9472
patch_6700.png,9984,9472
patch_6701.png,10240,9472
patch_6702.png,10496,9472
patch_6703.png,10752,9472
patch_6704.png,11008,9472
patch_6705.png,11264,9472
patch_6706.png,11520,9472
patch_6707.png,11776,9472
patch_6708.png,12032,9472
patch_6709.png,12288,9472
patch_6710.png,12544,9472
patch_6711.png,12800,9472
patch_6712.png,13056,9472
patch_6713.png,13312,9472
patch_6714.png,13568,9472
patch_6715.png,13824,9472
patch_6716.png,14080,9472
patch_6717.png,14336,9472
patch_6718.png,14592,9472
patch_6719.png,14848,9472
patch_6720.png,15104,9472
patch_6721.png,15360,9472
patch_6722.png,15616,9472
patch_6723.png,15872,9472
patch_6724.png,16128,9472
patch_6725.png,16384,9472
patch_6726.png,16640,9472
patch_6727.png,16896,9472
patch_6728.png,17152,9472
patch_6729.png,17408,9472
patch_6730.png,17664,9472
patch_6731.png,17920,9472
patch_6732.png,18176,9472
patch_6733.png,18432,9472
patch_6734.png,18688,9472
patch_6735.png,18944,9472
patch_6736.png,19200,9472
patch_6737.png,19456,9472
patch_6738.png,19712,9472
patch_6739.png,19968,9472
patch_6740.png,20224,9472
patch_6741.png,20480,9472
patch_6742.png,20736,9472
patch_6743.png,20992,9472
patch_6744.png,21248,9472
patch_6745.png,21504,9472
patch_6746.png,21760,9472
patch_6747.png,22016,9472
patch_6748.png,22272,9472
patch_6749.png,22528,9472
patch_6750.png,22784,9472
patch_6751.png,23040,9472
patch_6752.png,23296,9472
patch_6753.png,23552,9472
patch_6754.png,23808,9472
patch_6755.png,24064,9472
patch_6756.png,24320,9472
patch_6757.png,24576,9472
patch_6758.png,24832,9472
patch_6759.png,25088,9472
patch_6760.png,25344,9472
patch_6761.png,25600,9472
patch_6762.png,25856,9472
patch_6763.png,26112,9472
patch_6764.png,26368,9472
patch_6765.png,26624,9472
patch_6766.png,26880,9472
patch_6767.png,27136,9472
patch_6768.png,27392,9472
patch_6769.png,27648,9472
patch_6770.png,27904,9472
patch_6771.png,28160,9472
patch_6772.png,28416,9472
patch_6773.png,28672,9472
patch_6774.png,28928,9472
patch_6775.png,29184,9472
patch_6776.png,29440,9472
patch_6777.png,29696,9472
patch_6778.png,29952,9472
patch_6779.png,30208,9472
patch_6780.png,30464,9472
patch_6781.png,30720,9472
patch_6782.png,30976,9472
patch_6783.png,31232,9472
patch_6784.png,31488,9472
patch_6785.png,31744,9472
patch_6786.png,32000,9472
patch_6787.png,32256,9472
patch_6788.png,32512,9472
patch_6789.png,32768,9472
patch_6790.png,33024,9472
patch_6791.png,33280,9472
patch_6792.png,33536,9472
patch_6793.png,33792,9472
patch_6794.png,34048,9472
patch_6795.png,34304,9472
patch_6796.png,34560,9472
patch_6797.png,34816,9472
patch_6798.png,35072,9472
patch_6799.png,35328,9472
patch_6800.png,35584,9472
patch_6801.png,35840,9472
patch_6802.png,36096,9472
patch_6803.png,36352,9472
patch_6804.png,36608,9472
patch_6805.png,36864,9472
patch_6806.png,37120,9472
patch_6807.png,37376,9472
patch_6808.png,37632,9472
patch_6809.png,37888,9472
patch_6810.png,38144,9472
patch_6811.png,38400,9472
patch_6812.png,38656,9472
patch_6813.png,38912,9472
patch_6814.png,39168,9472
patch_6815.png,39424,9472
patch_6816.png,39680,9472
patch_6817.png,39936,9472
patch_6818.png,40192,9472
patch_6819.png,40448,9472
patch_6820.png,40704,9472
patch_6821.png,40960,9472
patch_6822.png,41216,9472
patch_6823.png,41472,9472
patch_6824.png,41728,9472
patch_6825.png,41984,9472
patch_6826.png,42240,9472
patch_6827.png,42496,9472
patch_6828.png,42752,9472
patch_6829.png,43008,9472
patch_6830.png,43264,9472
patch_6831.png,43520,9472
patch_6832.png,43776,9472
patch_6833.png,44032,9472
patch_6834.png,44288,9472
patch_6835.png,44544,9472
patch_6836.png,44800,9472
patch_6837.png,45056,9472
patch_6838.png,45312,9472
patch_6839.png,45568,9472
patch_6840.png,45824,9472
patch_6841.png,0,9728
patch_6842.png,256,9728
patch_6843.png,512,9728
patch_6844.png,768,9728
patch_6845.png,1024,9728
patch_6846.png,1280,9728
patch_6847.png,1536,9728
patch_6848.png,1792,9728
patch_6849.png,2048,9728
patch_6850.png,2304,9728
patch_6851.png,2560,9728
patch_6852.png,2816,9728
patch_6853.png,3072,9728
patch_6854.png,3328,9728
patch_6855.png,3584,9728
patch_6856.png,3840,9728
patch_6857.png,4096,9728
patch_6858.png,4352,9728
patch_6859.png,4608,9728
patch_6860.png,4864,9728
patch_6861.png,5120,9728
patch_6862.png,5376,9728
patch_6863.png,5632,9728
patch_6864.png,5888,9728
patch_6865.png,6144,9728
patch_6866.png,6400,9728
patch_6867.png,6656,9728
patch_6868.png,6912,9728
patch_6869.png,7168,9728
patch_6870.png,7424,9728
patch_6871.png,7680,9728
patch_6872.png,7936,9728
patch_6873.png,8192,9728
patch_6874.png,8448,9728
patch_6875.png,8704,9728
patch_6876.png,8960,9728
patch_6877.png,9216,9728
patch_6878.png,9472,9728
patch_6879.png,9728,9728
patch_6880.png,9984,9728
patch_6881.png,10240,9728
patch_6882.png,10496,9728
patch_6883.png,10752,9728
patch_6884.png,11008,9728
patch_6885.png,11264,9728
patch_6886.png,11520,9728
patch_6887.png,11776,9728
patch_6888.png,12032,9728
patch_6889.png,12288,9728
patch_6890.png,12544,9728
patch_6891.png,12800,9728
patch_6892.png,13056,9728
patch_6893.png,13312,9728
patch_6894.png,13568,9728
patch_6895.png,13824,9728
patch_6896.png,14080,9728
patch_6897.png,14336,9728
patch_6898.png,14592,9728
patch_6899.png,14848,9728
patch_6900.png,15104,9728
patch_6901.png,15360,9728
patch_6902.png,15616,9728
patch_6903.png,15872,9728
patch_6904.png,16128,9728
patch_6905.png,16384,9728
patch_6906.png,16640,9728
patch_6907.png,16896,9728
patch_6908.png,17152,9728
patch_6909.png,17408,9728
patch_6910.png,17664,9728
patch_6911.png,17920,9728
patch_6912.png,18176,9728
patch_6913.png,18432,9728
patch_6914.png,18688,9728
patch_6915.png,18944,9728
patch_6916.png,19200,9728
patch_6917.png,19456,9728
patch_6918.png,19712,9728
patch_6919.png,19968,9728
patch_6920.png,20224,9728
patch_6921.png,20480,9728
patch_6922.png,20736,9728
patch_6923.png,20992,9728
patch_6924.png,21248,9728
patch_6925.png,21504,9728
patch_6926.png,21760,9728
patch_6927.png,22016,9728
patch_6928.png,22272,9728
patch_6929.png,22528,9728
patch_6930.png,22784,9728
patch_6931.png,23040,9728
patch_6932.png,23296,9728
patch_6933.png,23552,9728
patch_6934.png,23808,9728
patch_6935.png,24064,9728
patch_6936.png,24320,9728
patch_6937.png,24576,9728
patch_6938.png,24832,9728
patch_6939.png,25088,9728
patch_6940.png,25344,9728
patch_6941.png,25600,9728
patch_6942.png,25856,9728
patch_6943.png,26112,9728
patch_6944.png,26368,9728
patch_6945.png,26624,9728
patch_6946.png,26880,9728
patch_6947.png,27136,9728
patch_6948.png,27392,9728
patch_6949.png,27648,9728
patch_6950.png,27904,9728
patch_6951.png,28160,9728
patch_6952.png,28416,9728
patch_6953.png,28672,9728
patch_6954.png,28928,9728
patch_6955.png,29184,9728
patch_6956.png,29440,9728
patch_6957.png,29696,9728
patch_6958.png,29952,9728
patch_6959.png,30208,9728
patch_6960.png,30464,9728
patch_6961.png,30720,9728
patch_6962.png,30976,9728
patch_6963.png,31232,9728
patch_6964.png,31488,9728
patch_6965.png,31744,9728
patch_6966.png,32000,9728
patch_6967.png,32256,9728
patch_6968.png,32512,9728
patch_6969.png,32768,9728
patch_6970.png,33024,9728
patch_6971.png,33280,9728
patch_6972.png,33536,9728
patch_6973.png,33792,9728
patch_6974.png,34048,9728
patch_6975.png,34304,9728
patch_6976.png,34560,9728
patch_6977.png,34816,9728
patch_6978.png,35072,9728
patch_6979.png,35328,9728
patch_6980.png,35584,9728
patch_6981.png,35840,9728
patch_6982.png,36096,9728
patch_6983.png,36352,9728
patch_6984.png,36608,9728
patch_6985.png,36864,9728
patch_6986.png,37120,9728
patch_6987.png,37376,9728
patch_6988.png,37632,9728
patch_6989.png,37888,9728
patch_6990.png,38144,9728
patch_6991.png,38400,9728
patch_6992.png,38656,9728
patch_6993.png,38912,9728
patch_6994.png,39168,9728
patch_6995.png,39424,9728
patch_6996.png,39680,9728
patch_6997.png,39936,9728
patch_6998.png,40192,9728
patch_6999.png,40448,9728
patch_7000.png,40704,9728
patch_7001.png,40960,9728
patch_7002.png,41216,9728
patch_7003.png,41472,9728
patch_7004.png,41728,9728
patch_7005.png,41984,9728
patch_7006.png,42240,9728
patch_7007.png,42496,9728
patch_7008.png,42752,9728
patch_7009.png,43008,9728
patch_7010.png,43264,9728
patch_7011.png,43520,9728
patch_7012.png,43776,9728
patch_7013.png,44032,9728
patch_7014.png,44288,9728
patch_7015.png,44544,9728
patch_7016.png,44800,9728
patch_7017.png,45056,9728
patch_7018.png,45312,9728
patch_7019.png,45568,9728
patch_7020.png,45824,9728
patch_7021.png,0,9984
patch_7022.png,256,9984
patch_7023.png,512,9984
patch_7024.png,768,9984
patch_7025.png,1024,9984
patch_7026.png,1280,9984
patch_7027.png,1536,9984
patch_7028.png,1792,9984
patch_7029.png,2048,9984
patch_7030.png,2304,9984
patch_7031.png,2560,9984
patch_7032.png,2816,9984
patch_7033.png,3072,9984
patch_7034.png,3328,9984
patch_7035.png,3584,9984
patch_7036.png,3840,9984
patch_7037.png,4096,9984
patch_7038.png,4352,9984
patch_7039.png,4608,9984
patch_7040.png,4864,9984
patch_7041.png,5120,9984
patch_7042.png,5376,9984
patch_7043.png,5632,9984
patch_7044.png,5888,9984
patch_7045.png,6144,9984
patch_7046.png,6400,9984
patch_7047.png,6656,9984
patch_7048.png,6912,9984
patch_7049.png,7168,9984
patch_7050.png,7424,9984
patch_7051.png,7680,9984
patch_7052.png,7936,9984
patch_7053.png,8192,9984
patch_7054.png,8448,9984
patch_7055.png,8704,9984
patch_7056.png,8960,9984
patch_7057.png,9216,9984
patch_7058.png,9472,9984
patch_7059.png,9728,9984
patch_7060.png,9984,9984
patch_7061.png,10240,9984
patch_7062.png,10496,9984
patch_7063.png,10752,9984
patch_7064.png,11008,9984
patch_7065.png,11264,9984
patch_7066.png,11520,9984
patch_7067.png,11776,9984
patch_7068.png,12032,9984
patch_7069.png,12288,9984
patch_7070.png,12544,9984
patch_7071.png,12800,9984
patch_7072.png,13056,9984
patch_7073.png,13312,9984
patch_7074.png,13568,9984
patch_7075.png,13824,9984
patch_7076.png,14080,9984
patch_7077.png,14336,9984
patch_7078.png,14592,9984
patch_7079.png,14848,9984
patch_7080.png,15104,9984
patch_7081.png,15360,9984
patch_7082.png,15616,9984
patch_7083.png,15872,9984
patch_7084.png,16128,9984
patch_7085.png,16384,9984
patch_7086.png,16640,9984
patch_7087.png,16896,9984
patch_7088.png,17152,9984
patch_7089.png,17408,9984
patch_7090.png,17664,9984
patch_7091.png,17920,9984
patch_7092.png,18176,9984
patch_7093.png,18432,9984
patch_7094.png,18688,9984
patch_7095.png,18944,9984
patch_7096.png,19200,9984
patch_7097.png,19456,9984
patch_7098.png,19712,9984
patch_7099.png,19968,9984
patch_7100.png,20224,9984
patch_7101.png,20480,9984
patch_7102.png,20736,9984
patch_7103.png,20992,9984
patch_7104.png,21248,9984
patch_7105.png,21504,9984
patch_7106.png,21760,9984
patch_7107.png,22016,9984
patch_7108.png,22272,9984
patch_7109.png,22528,9984
patch_7110.png,22784,9984
patch_7111.png,23040,9984
patch_7112.png,23296,9984
patch_7113.png,23552,9984
patch_7114.png,23808,9984
patch_7115.png,24064,9984
patch_7116.png,24320,9984
patch_7117.png,24576,9984
patch_7118.png,24832,9984
patch_7119.png,25088,9984
patch_7120.png,25344,9984
patch_7121.png,25600,9984
patch_7122.png,25856,9984
patch_7123.png,26112,9984
patch_7124.png,26368,9984
patch_7125.png,26624,9984
patch_7126.png,26880,9984
patch_7127.png,27136,9984
patch_7128.png,27392,9984
patch_7129.png,27648,9984
patch_7130.png,27904,9984
patch_7131.png,28160,9984
patch_7132.png,28416,9984
patch_7133.png,28672,9984
patch_7134.png,28928,9984
patch_7135.png,29184,9984
patch_7136.png,29440,9984
patch_7137.png,29696,9984
patch_7138.png,29952,9984
patch_7139.png,30208,9984
patch_7140.png,30464,9984
patch_7141.png,30720,9984
patch_7142.png,30976,9984
patch_7143.png,31232,9984
patch_7144.png,31488,9984
patch_7145.png,31744,9984
patch_7146.png,32000,9984
patch_7147.png,32256,9984
patch_7148.png,32512,9984
patch_7149.png,32768,9984
patch_7150.png,33024,9984
patch_7151.png,33280,9984
patch_7152.png,33536,9984
patch_7153.png,33792,9984
patch_7154.png,34048,9984
patch_7155.png,34304,9984
patch_7156.png,34560,9984
patch_7157.png,34816,9984
patch_7158.png,35072,9984
patch_7159.png,35328,9984
patch_7160.png,35584,9984
patch_7161.png,35840,9984
patch_7162.png,36096,9984
patch_7163.png,36352,9984
patch_7164.png,36608,9984
patch_7165.png,36864,9984
patch_7166.png,37120,9984
patch_7167.png,37376,9984
patch_7168.png,37632,9984
patch_7169.png,37888,9984
patch_7170.png,38144,9984
patch_7171.png,38400,9984
patch_7172.png,38656,9984
patch_7173.png,38912,9984
patch_7174.png,39168,9984
patch_7175.png,39424,9984
patch_7176.png,39680,9984
patch_7177.png,39936,9984
patch_7178.png,40192,9984
patch_7179.png,40448,9984
patch_7180.png,40704,9984
patch_7181.png,40960,9984
patch_7182.png,41216,9984
patch_7183.png,41472,9984
patch_7184.png,41728,9984
patch_7185.png,41984,9984
patch_7186.png,42240,9984
patch_7187.png,42496,9984
patch_7188.png,42752,9984
patch_7189.png,43008,9984
patch_7190.png,43264,9984
patch_7191.png,43520,9984
patch_7192.png,43776,9984
patch_7193.png,44032,9984
patch_7194.png,44288,9984
patch_7195.png,44544,9984
patch_7196.png,44800,9984
patch_7197.png,45056,9984
patch_7198.png,45312,9984
patch_7199.png,45568,9984
patch_7200.png,45824,9984
patch_7201.png,0,10240
patch_7202.png,256,10240
patch_7203.png,512,10240
patch_7204.png,768,10240
patch_7205.png,1024,10240
patch_7206.png,1280,10240
patch_7207.png,1536,10240
patch_7208.png,1792,10240
patch_7209.png,2048,10240
patch_7210.png,2304,10240
patch_7211.png,2560,10240
patch_7212.png,2816,10240
patch_7213.png,3072,10240
patch_7214.png,3328,10240
patch_7215.png,3584,10240
patch_7216.png,3840,10240
patch_7217.png,4096,10240
patch_7218.png,4352,10240
patch_7219.png,4608,10240
patch_7220.png,4864,10240
patch_7221.png,5120,10240
patch_7222.png,5376,10240
patch_7223.png,5632,10240
patch_7224.png,5888,10240
patch_7225.png,6144,10240
patch_7226.png,6400,10240
patch_7227.png,6656,10240
patch_7228.png,6912,10240
patch_7229.png,7168,10240
patch_7230.png,7424,10240
patch_7231.png,7680,10240
patch_7232.png,7936,10240
patch_7233.png,8192,10240
patch_7234.png,8448,10240
patch_7235.png,8704,10240
patch_7236.png,8960,10240
patch_7237.png,9216,10240
patch_7238.png,9472,10240
patch_7239.png,9728,10240
patch_7240.png,9984,10240
patch_7241.png,10240,10240
patch_7242.png,10496,10240
patch_7243.png,10752,10240
patch_7244.png,11008,10240
patch_7245.png,11264,10240
patch_7246.png,11520,10240
patch_7247.png,11776,10240
patch_7248.png,12032,10240
patch_7249.png,12288,10240
patch_7250.png,12544,10240
patch_7251.png,12800,10240
patch_7252.png,13056,10240
patch_7253.png,13312,10240
patch_7254.png,13568,10240
patch_7255.png,13824,10240
patch_7256.png,14080,10240
patch_7257.png,14336,10240
patch_7258.png,14592,10240
patch_7259.png,14848,10240
patch_7260.png,15104,10240
patch_7261.png,15360,10240
patch_7262.png,15616,10240
patch_7263.png,15872,10240
patch_7264.png,16128,10240
patch_7265.png,16384,10240
patch_7266.png,16640,10240
patch_7267.png,16896,10240
patch_7268.png,17152,10240
patch_7269.png,17408,10240
patch_7270.png,17664,10240
patch_7271.png,17920,10240
patch_7272.png,18176,10240
patch_7273.png,18432,10240
patch_7274.png,18688,10240
patch_7275.png,18944,10240
patch_7276.png,19200,10240
patch_7277.png,19456,10240
patch_7278.png,19712,10240
patch_7279.png,19968,10240
patch_7280.png,20224,10240
patch_7281.png,20480,10240
patch_7282.png,20736,10240
patch_7283.png,20992,10240
patch_7284.png,21248,10240
patch_7285.png,21504,10240
patch_7286.png,21760,10240
patch_7287.png,22016,10240
patch_7288.png,22272,10240
patch_7289.png,22528,10240
patch_7290.png,22784,10240
patch_7291.png,23040,10240
patch_7292.png,23296,10240
patch_7293.png,23552,10240
patch_7294.png,23808,10240
patch_7295.png,24064,10240
patch_7296.png,24320,10240
patch_7297.png,24576,10240
patch_7298.png,24832,10240
patch_7299.png,25088,10240
patch_7300.png,25344,10240
patch_7301.png,25600,10240
patch_7302.png,25856,10240
patch_7303.png,26112,10240
patch_7304.png,26368,10240
patch_7305.png,26624,10240
patch_7306.png,26880,10240
patch_7307.png,27136,10240
patch_7308.png,27392,10240
patch_7309.png,27648,10240
patch_7310.png,27904,10240
patch_7311.png,28160,10240
patch_7312.png,28416,10240
patch_7313.png,28672,10240
patch_7314.png,28928,10240
patch_7315.png,29184,10240
patch_7316.png,29440,10240
patch_7317.png,29696,10240
patch_7318.png,29952,10240
patch_7319.png,30208,10240
patch_7320.png,30464,10240
patch_7321.png,30720,10240
patch_7322.png,30976,10240
patch_7323.png,31232,10240
patch_7324.png,31488,10240
patch_7325.png,31744,10240
patch_7326.png,32000,10240
patch_7327.png,32256,10240
patch_7328.png,32512,10240
patch_7329.png,32768,10240
patch_7330.png,33024,10240
patch_7331.png,33280,10240
patch_7332.png,33536,10240
patch_7333.png,33792,10240
patch_7334.png,34048,10240
patch_7335.png,34304,10240
patch_7336.png,34560,10240
patch_7337.png,34816,10240
patch_7338.png,35072,10240
patch_7339.png,35328,10240
patch_7340.png,35584,10240
patch_7341.png,35840,10240
patch_7342.png,36096,10240
patch_7343.png,36352,10240
patch_7344.png,36608,10240
patch_7345.png,36864,10240
patch_7346.png,37120,10240
patch_7347.png,37376,10240
patch_7348.png,37632,10240
patch_7349.png,37888,10240
patch_7350.png,38144,10240
patch_7351.png,38400,10240
patch_7352.png,38656,10240
patch_7353.png,38912,10240
patch_7354.png,39168,10240
patch_7355.png,39424,10240
patch_7356.png,39680,10240
patch_7357.png,39936,10240
patch_7358.png,40192,10240
patch_7359.png,40448,10240
patch_7360.png,40704,10240
patch_7361.png,40960,10240
patch_7362.png,41216,10240
patch_7363.png,41472,10240
patch_7364.png,41728,10240
patch_7365.png,41984,10240
patch_7366.png,42240,10240
patch_7367.png,42496,10240
patch_7368.png,42752,10240
patch_7369.png,43008,10240
patch_7370.png,43264,10240
patch_7371.png,43520,10240
patch_7372.png,43776,10240
patch_7373.png,44032,10240
patch_7374.png,44288,10240
patch_7375.png,44544,10240
patch_7376.png,44800,10240
patch_7377.png,45056,10240
patch_7378.png,45312,10240
patch_7379.png,45568,10240
patch_7380.png,45824,10240
patch_7381.png,0,10496
patch_7382.png,256,10496
patch_7383.png,512,10496
patch_7384.png,768,10496
patch_7385.png,1024,10496
patch_7386.png,1280,10496
patch_7387.png,1536,10496
patch_7388.png,1792,10496
patch_7389.png,2048,10496
patch_7390.png,2304,10496
patch_7391.png,2560,10496
patch_7392.png,2816,10496
patch_7393.png,3072,10496
patch_7394.png,3328,10496
patch_7395.png,3584,10496
patch_7396.png,3840,10496
patch_7397.png,4096,10496
patch_7398.png,4352,10496
patch_7399.png,4608,10496
patch_7400.png,4864,10496
patch_7401.png,5120,10496
patch_7402.png,5376,10496
patch_7403.png,5632,10496
patch_7404.png,5888,10496
patch_7405.png,6144,10496
patch_7406.png,6400,10496
patch_7407.png,6656,10496
patch_7408.png,6912,10496
patch_7409.png,7168,10496
patch_7410.png,7424,10496
patch_7411.png,7680,10496
patch_7412.png,7936,10496
patch_7413.png,8192,10496
patch_7414.png,8448,10496
patch_7415.png,8704,10496
patch_7416.png,8960,10496
patch_7417.png,9216,10496
patch_7418.png,9472,10496
patch_7419.png,9728,10496
patch_7420.png,9984,10496
patch_7421.png,10240,10496
patch_7422.png,10496,10496
patch_7423.png,10752,10496
patch_7424.png,11008,10496
patch_7425.png,11264,10496
patch_7426.png,11520,10496
patch_7427.png,11776,10496
patch_7428.png,12032,10496
patch_7429.png,12288,10496
patch_7430.png,12544,10496
patch_7431.png,12800,10496
patch_7432.png,13056,10496
patch_7433.png,13312,10496
patch_7434.png,13568,10496
patch_7435.png,13824,10496
patch_7436.png,14080,10496
patch_7437.png,14336,10496
patch_7438.png,14592,10496
patch_7439.png,14848,10496
patch_7440.png,15104,10496
patch_7441.png,15360,10496
patch_7442.png,15616,10496
patch_7443.png,15872,10496
patch_7444.png,16128,10496
patch_7445.png,16384,10496
patch_7446.png,16640,10496
patch_7447.png,16896,10496
patch_7448.png,17152,10496
patch_7449.png,17408,10496
patch_7450.png,17664,10496
patch_7451.png,17920,10496
patch_7452.png,18176,10496
patch_7453.png,18432,10496
patch_7454.png,18688,10496
patch_7455.png,18944,10496
patch_7456.png,19200,10496
patch_7457.png,19456,10496
patch_7458.png,19712,10496
patch_7459.png,19968,10496
patch_7460.png,20224,10496
patch_7461.png,20480,10496
patch_7462.png,20736,10496
patch_7463.png,20992,10496
patch_7464.png,21248,10496
patch_7465.png,21504,10496
patch_7466.png,21760,10496
patch_7467.png,22016,10496
patch_7468.png,22272,10496
patch_7469.png,22528,10496
patch_7470.png,22784,10496
patch_7471.png,23040,10496
patch_7472.png,23296,10496
patch_7473.png,23552,10496
patch_7474.png,23808,10496
patch_7475.png,24064,10496
patch_7476.png,24320,10496
patch_7477.png,24576,10496
patch_7478.png,24832,10496
patch_7479.png,25088,10496
patch_7480.png,25344,10496
patch_7481.png,25600,10496
patch_7482.png,25856,10496
patch_7483.png,26112,10496
patch_7484.png,26368,10496
patch_7485.png,26624,10496
patch_7486.png,26880,10496
patch_7487.png,27136,10496
patch_7488.png,27392,10496
patch_7489.png,27648,10496
patch_7490.png,27904,10496
patch_7491.png,28160,10496
patch_7492.png,28416,10496
patch_7493.png,28672,10496
patch_7494.png,28928,10496
patch_7495.png,29184,10496
patch_7496.png,29440,10496
patch_7497.png,29696,10496
patch_7498.png,29952,10496
patch_7499.png,30208,10496
patch_7500.png,30464,10496
patch_7501.png,30720,10496
patch_7502.png,30976,10496
patch_7503.png,31232,10496
patch_7504.png,31488,10496
patch_7505.png,31744,10496
patch_7506.png,32000,10496
patch_7507.png,32256,10496
patch_7508.png,32512,10496
patch_7509.png,32768,10496
patch_7510.png,33024,10496
patch_7511.png,33280,10496
patch_7512.png,33536,10496
patch_7513.png,33792,10496
patch_7514.png,34048,10496
patch_7515.png,34304,10496
patch_7516.png,34560,10496
patch_7517.png,34816,10496
patch_7518.png,35072,10496
patch_7519.png,35328,10496
patch_7520.png,35584,10496
patch_7521.png,35840,10496
patch_7522.png,36096,10496
patch_7523.png,36352,10496
patch_7524.png,36608,10496
patch_7525.png,36864,10496
patch_7526.png,37120,10496
patch_7527.png,37376,10496
patch_7528.png,37632,10496
patch_7529.png,37888,10496
patch_7530.png,38144,10496
patch_7531.png,38400,10496
patch_7532.png,38656,10496
patch_7533.png,38912,10496
patch_7534.png,39168,10496
patch_7535.png,39424,10496
patch_7536.png,39680,10496
patch_7537.png,39936,10496
patch_7538.png,40192,10496
patch_7539.png,40448,10496
patch_7540.png,40704,10496
patch_7541.png,40960,10496
patch_7542.png,41216,10496
patch_7543.png,41472,10496
patch_7544.png,41728,10496
patch_7545.png,41984,10496
patch_7546.png,42240,10496
patch_7547.png,42496,10496
patch_7548.png,42752,10496
patch_7549.png,43008,10496
patch_7550.png,43264,10496
patch_7551.png,43520,10496
patch_7552.png,43776,10496
patch_7553.png,44032,10496
patch_7554.png,44288,10496
patch_7555.png,44544,10496
patch_7556.png,44800,10496
patch_7557.png,45056,10496
patch_7558.png,45312,10496
patch_7559.png,45568,10496
patch_7560.png,45824,10496
patch_7561.png,0,10752
patch_7562.png,256,10752
patch_7563.png,512,10752
patch_7564.png,768,10752
patch_7565.png,1024,10752
patch_7566.png,1280,10752
patch_7567.png,1536,10752
patch_7568.png,1792,10752
patch_7569.png,2048,10752
patch_7570.png,2304,10752
patch_7571.png,2560,10752
patch_7572.png,2816,10752
patch_7573.png,3072,10752
patch_7574.png,3328,10752
patch_7575.png,3584,10752
patch_7576.png,3840,10752
patch_7577.png,4096,10752
patch_7578.png,4352,10752
patch_7579.png,4608,10752
patch_7580.png,4864,10752
patch_7581.png,5120,10752
patch_7582.png,5376,10752
patch_7583.png,5632,10752
patch_7584.png,5888,10752
patch_7585.png,6144,10752
patch_7586.png,6400,10752
patch_7587.png,6656,10752
patch_7588.png,6912,10752
patch_7589.png,7168,10752
patch_7590.png,7424,10752
patch_7591.png,7680,10752
patch_7592.png,7936,10752
patch_7593.png,8192,10752
patch_7594.png,8448,10752
patch_7595.png,8704,10752
patch_7596.png,8960,10752
patch_7597.png,9216,10752
patch_7598.png,9472,10752
patch_7599.png,9728,10752
patch_7600.png,9984,10752
patch_7601.png,10240,10752
patch_7602.png,10496,10752
patch_7603.png,10752,10752
patch_7604.png,11008,10752
patch_7605.png,11264,10752
patch_7606.png,11520,10752
patch_7607.png,11776,10752
patch_7608.png,12032,10752
patch_7609.png,12288,10752
patch_7610.png,12544,10752
patch_7611.png,12800,10752
patch_7612.png,13056,10752
patch_7613.png,13312,10752
patch_7614.png,13568,10752
patch_7615.png,13824,10752
patch_7616.png,14080,10752
patch_7617.png,14336,10752
patch_7618.png,14592,10752
patch_7619.png,14848,10752
patch_7620.png,15104,10752
patch_7621.png,15360,10752
patch_7622.png,15616,10752
patch_7623.png,15872,10752
patch_7624.png,16128,10752
patch_7625.png,16384,10752
patch_7626.png,16640,10752
patch_7627.png,16896,10752
patch_7628.png,17152,10752
patch_7629.png,17408,10752
patch_7630.png,17664,10752
patch_7631.png,17920,10752
patch_7632.png,18176,10752
patch_7633.png,18432,10752
patch_7634.png,18688,10752
patch_7635.png,18944,10752
patch_7636.png,19200,10752
patch_7637.png,19456,10752
patch_7638.png,19712,10752
patch_7639.png,19968,10752
patch_7640.png,20224,10752
patch_7641.png,20480,10752
patch_7642.png,20736,10752
patch_7643.png,20992,10752
patch_7644.png,21248,10752
patch_7645.png,21504,10752
patch_7646.png,21760,10752
patch_7647.png,22016,10752
patch_7648.png,22272,10752
patch_7649.png,22528,10752
patch_7650.png,22784,10752
patch_7651.png,23040,10752
patch_7652.png,23296,10752
patch_7653.png,23552,10752
patch_7654.png,23808,10752
patch_7655.png,24064,10752
patch_7656.png,24320,10752
patch_7657.png,24576,10752
patch_7658.png,24832,10752
patch_7659.png,25088,10752
patch_7660.png,25344,10752
patch_7661.png,25600,10752
patch_7662.png,25856,10752
patch_7663.png,26112,10752
patch_7664.png,26368,10752
patch_7665.png,26624,10752
patch_7666.png,26880,10752
patch_7667.png,27136,10752
patch_7668.png,27392,10752
patch_7669.png,27648,10752
patch_7670.png,27904,10752
patch_7671.png,28160,10752
patch_7672.png,28416,10752
patch_7673.png,28672,10752
patch_7674.png,28928,10752
patch_7675.png,29184,10752
patch_7676.png,29440,10752
patch_7677.png,29696,10752
patch_7678.png,29952,10752
patch_7679.png,30208,10752
patch_7680.png,30464,10752
patch_7681.png,30720,10752
patch_7682.png,30976,10752
patch_7683.png,31232,10752
patch_7684.png,31488,10752
patch_7685.png,31744,10752
patch_7686.png,32000,10752
patch_7687.png,32256,10752
patch_7688.png,32512,10752
patch_7689.png,32768,10752
patch_7690.png,33024,10752
patch_7691.png,33280,10752
patch_7692.png,33536,10752
patch_7693.png,33792,10752
patch_7694.png,34048,10752
patch_7695.png,34304,10752
patch_7696.png,34560,10752
patch_7697.png,34816,10752
patch_7698.png,35072,10752
patch_7699.png,35328,10752
patch_7700.png,35584,10752
patch_7701.png,35840,10752
patch_7702.png,36096,10752
patch_7703.png,36352,10752
patch_7704.png,36608,10752
patch_7705.png,36864,10752
patch_7706.png,37120,10752
patch_7707.png,37376,10752
patch_7708.png,37632,10752
patch_7709.png,37888,10752
patch_7710.png,38144,10752
patch_7711.png,38400,10752
patch_7712.png,38656,10752
patch_7713.png,38912,10752
patch_7714.png,39168,10752
patch_7715.png,39424,10752
patch_7716.png,39680,10752
patch_7717.png,39936,10752
patch_7718.png,40192,10752
patch_7719.png,40448,10752
patch_7720.png,40704,10752
patch_7721.png,40960,10752
patch_7722.png,41216,10752
patch_7723.png,41472,10752
patch_7724.png,41728,10752
patch_7725.png,41984,10752
patch_7726.png,42240,10752
patch_7727.png,42496,10752
patch_7728.png,42752,10752
patch_7729.png,43008,10752
patch_7730.png,43264,10752
patch_7731.png,43520,10752
patch_7732.png,43776,10752
patch_7733.png,44032,10752
patch_7734.png,44288,10752
patch_7735.png,44544,10752
patch_7736.png,44800,10752
patch_7737.png,45056,10752
patch_7738.png,45312,10752
patch_7739.png,45568,10752
patch_7740.png,45824,10752
patch_7741.png,0,11008
patch_7742.png,256,11008
patch_7743.png,512,11008
patch_7744.png,768,11008
patch_7745.png,1024,11008
patch_7746.png,1280,11008
patch_7747.png,1536,11008
patch_7748.png,1792,11008
patch_7749.png,2048,11008
patch_7750.png,2304,11008
patch_7751.png,2560,11008
patch_7752.png,2816,11008
patch_7753.png,3072,11008
patch_7754.png,3328,11008
patch_7755.png,3584,11008
patch_7756.png,3840,11008
patch_7757.png,4096,11008
patch_7758.png,4352,11008
patch_7759.png,4608,11008
patch_7760.png,4864,11008
patch_7761.png,5120,11008
patch_7762.png,5376,11008
patch_7763.png,5632,11008
patch_7764.png,5888,11008
patch_7765.png,6144,11008
patch_7766.png,6400,11008
patch_7767.png,6656,11008
patch_7768.png,6912,11008
patch_7769.png,7168,11008
patch_7770.png,7424,11008
patch_7771.png,7680,11008
patch_7772.png,7936,11008
patch_7773.png,8192,11008
patch_7774.png,8448,11008
patch_7775.png,8704,11008
patch_7776.png,8960,11008
patch_7777.png,9216,11008
patch_7778.png,9472,11008
patch_7779.png,9728,11008
patch_7780.png,9984,11008
patch_7781.png,10240,11008
patch_7782.png,10496,11008
patch_7783.png,10752,11008
patch_7784.png,11008,11008
patch_7785.png,11264,11008
patch_7786.png,11520,11008
patch_7787.png,11776,11008
patch_7788.png,12032,11008
patch_7789.png,12288,11008
patch_7790.png,12544,11008
patch_7791.png,12800,11008
patch_7792.png,13056,11008
patch_7793.png,13312,11008
patch_7794.png,13568,11008
patch_7795.png,13824,11008
patch_7796.png,14080,11008
patch_7797.png,14336,11008
patch_7798.png,14592,11008
patch_7799.png,14848,11008
patch_7800.png,15104,11008
patch_7801.png,15360,11008
patch_7802.png,15616,11008
patch_7803.png,15872,11008
patch_7804.png,16128,11008
patch_7805.png,16384,11008
patch_7806.png,16640,11008
patch_7807.png,16896,11008
patch_7808.png,17152,11008
patch_7809.png,17408,11008
patch_7810.png,17664,11008
patch_7811.png,17920,11008
patch_7812.png,18176,11008
patch_7813.png,18432,11008
patch_7814.png,18688,11008
patch_7815.png,18944,11008
patch_7816.png,19200,11008
patch_7817.png,19456,11008
patch_7818.png,19712,11008
patch_7819.png,19968,11008
patch_7820.png,20224,11008
patch_7821.png,20480,11008
patch_7822.png,20736,11008
patch_7823.png,20992,11008
patch_7824.png,21248,11008
patch_7825.png,21504,11008
patch_7826.png,21760,11008
patch_7827.png,22016,11008
patch_7828.png,22272,11008
patch_7829.png,22528,11008
patch_7830.png,22784,11008
patch_7831.png,23040,11008
patch_7832.png,23296,11008
patch_7833.png,23552,11008
patch_7834.png,23808,11008
patch_7835.png,24064,11008
patch_7836.png,24320,11008
patch_7837.png,24576,11008
patch_7838.png,24832,11008
patch_7839.png,25088,11008
patch_7840.png,25344,11008
patch_7841.png,25600,11008
patch_7842.png,25856,11008
patch_7843.png,26112,11008
patch_7844.png,26368,11008
patch_7845.png,26624,11008
patch_7846.png,26880,11008
patch_7847.png,27136,11008
patch_7848.png,27392,11008
patch_7849.png,27648,11008
patch_7850.png,27904,11008
patch_7851.png,28160,11008
patch_7852.png,28416,11008
patch_7853.png,28672,11008
patch_7854.png,28928,11008
patch_7855.png,29184,11008
patch_7856.png,29440,11008
patch_7857.png,29696,11008
patch_7858.png,29952,11008
patch_7859.png,30208,11008
patch_7860.png,30464,11008
patch_7861.png,30720,11008
patch_7862.png,30976,11008
patch_7863.png,31232,11008
patch_7864.png,31488,11008
patch_7865.png,31744,11008
patch_7866.png,32000,11008
patch_7867.png,32256,11008
patch_7868.png,32512,11008
patch_7869.png,32768,11008
patch_7870.png,33024,11008
patch_7871.png,33280,11008
patch_7872.png,33536,11008
patch_7873.png,33792,11008
patch_7874.png,34048,11008
patch_7875.png,34304,11008
patch_7876.png,34560,11008
patch_7877.png,34816,11008
patch_7878.png,35072,11008
patch_7879.png,35328,11008
patch_7880.png,35584,11008
patch_7881.png,35840,11008
patch_7882.png,36096,11008
patch_7883.png,36352,11008
patch_7884.png,36608,11008
patch_7885.png,36864,11008
patch_7886.png,37120,11008
patch_7887.png,37376,11008
patch_7888.png,37632,11008
patch_7889.png,37888,11008
patch_7890.png,38144,11008
patch_7891.png,38400,11008
patch_7892.png,38656,11008
patch_7893.png,38912,11008
patch_7894.png,39168,11008
patch_7895.png,39424,11008
patch_7896.png,39680,11008
patch_7897.png,39936,11008
patch_7898.png,40192,11008
patch_7899.png,40448,11008
patch_7900.png,40704,11008
patch_7901.png,40960,11008
patch_7902.png,41216,11008
patch_7903.png,41472,11008
patch_7904.png,41728,11008
patch_7905.png,41984,11008
patch_7906.png,42240,11008
patch_7907.png,42496,11008
patch_7908.png,42752,11008
patch_7909.png,43008,11008
patch_7910.png,43264,11008
patch_7911.png,43520,11008
patch_7912.png,43776,11008
patch_7913.png,44032,11008
patch_7914.png,44288,11008
patch_7915.png,44544,11008
patch_7916.png,44800,11008
patch_7917.png,45056,11008
patch_7918.png,45312,11008
patch_7919.png,45568,11008
patch_7920.png,45824,11008
patch_7921.png,0,11264
patch_7922.png,256,11264
patch_7923.png,512,11264
patch_7924.png,768,11264
patch_7925.png,1024,11264
patch_7926.png,1280,11264
patch_7927.png,1536,11264
patch_7928.png,1792,11264
patch_7929.png,2048,11264
patch_7930.png,2304,11264
patch_7931.png,2560,11264
patch_7932.png,2816,11264
patch_7933.png,3072,11264
patch_7934.png,3328,11264
patch_7935.png,3584,11264
patch_7936.png,3840,11264
patch_7937.png,4096,11264
patch_7938.png,4352,11264
patch_7939.png,4608,11264
patch_7940.png,4864,11264
patch_7941.png,5120,11264
patch_7942.png,5376,11264
patch_7943.png,5632,11264
patch_7944.png,5888,11264
patch_7945.png,6144,11264
patch_7946.png,6400,11264
patch_7947.png,6656,11264
patch_7948.png,6912,11264
patch_7949.png,7168,11264
patch_7950.png,7424,11264
patch_7951.png,7680,11264
patch_7952.png,7936,11264
patch_7953.png,8192,11264
patch_7954.png,8448,11264
patch_7955.png,8704,11264
patch_7956.png,8960,11264
patch_7957.png,9216,11264
patch_7958.png,9472,11264
patch_7959.png,9728,11264
patch_7960.png,9984,11264
patch_7961.png,10240,11264
patch_7962.png,10496,11264
patch_7963.png,10752,11264
patch_7964.png,11008,11264
patch_7965.png,11264,11264
patch_7966.png,11520,11264
patch_7967.png,11776,11264
patch_7968.png,12032,11264
patch_7969.png,12288,11264
patch_7970.png,12544,11264
patch_7971.png,12800,11264
patch_7972.png,13056,11264
patch_7973.png,13312,11264
patch_7974.png,13568,11264
patch_7975.png,13824,11264
patch_7976.png,14080,11264
patch_7977.png,14336,11264
patch_7978.png,14592,11264
patch_7979.png,14848,11264
patch_7980.png,15104,11264
patch_7981.png,15360,11264
patch_7982.png,15616,11264
patch_7983.png,15872,11264
patch_7984.png,16128,11264
patch_7985.png,16384,11264
patch_7986.png,16640,11264
patch_7987.png,16896,11264
patch_7988.png,17152,11264
patch_7989.png,17408,11264
patch_7990.png,17664,11264
patch_7991.png,17920,11264
patch_7992.png,18176,11264
patch_7993.png,18432,11264
patch_7994.png,18688,11264
patch_7995.png,18944,11264
patch_7996.png,19200,11264
patch_7997.png,19456,11264
patch_7998.png,19712,11264
patch_7999.png,19968,11264
patch_8000.png,20224,11264
patch_8001.png,20480,11264
patch_8002.png,20736,11264
patch_8003.png,20992,11264
patch_8004.png,21248,11264
patch_8005.png,21504,11264
patch_8006.png,21760,11264
patch_8007.png,22016,11264
patch_8008.png,22272,11264
patch_8009.png,22528,11264
patch_8010.png,22784,11264
patch_8011.png,23040,11264
patch_8012.png,23296,11264
patch_8013.png,23552,11264
patch_8014.png,23808,11264
patch_8015.png,24064,11264
patch_8016.png,24320,11264
patch_8017.png,24576,11264
patch_8018.png,24832,11264
patch_8019.png,25088,11264
patch_8020.png,25344,11264
patch_8021.png,25600,11264
patch_8022.png,25856,11264
patch_8023.png,26112,11264
patch_8024.png,26368,11264
patch_8025.png,26624,11264
patch_8026.png,26880,11264
patch_8027.png,27136,11264
patch_8028.png,27392,11264
patch_8029.png,27648,11264
patch_8030.png,27904,11264
patch_8031.png,28160,11264
patch_8032.png,28416,11264
patch_8033.png,28672,11264
patch_8034.png,28928,11264
patch_8035.png,29184,11264
patch_8036.png,29440,11264
patch_8037.png,29696,11264
patch_8038.png,29952,11264
patch_8039.png,30208,11264
patch_8040.png,30464,11264
patch_8041.png,30720,11264
patch_8042.png,30976,11264
patch_8043.png,31232,11264
patch_8044.png,31488,11264
patch_8045.png,31744,11264
patch_8046.png,32000,11264
patch_8047.png,32256,11264
patch_8048.png,32512,11264
patch_8049.png,32768,11264
patch_8050.png,33024,11264
patch_8051.png,33280,11264
patch_8052.png,33536,11264
patch_8053.png,33792,11264
patch_8054.png,34048,11264
patch_8055.png,34304,11264
patch_8056.png,34560,11264
patch_8057.png,34816,11264
patch_8058.png,35072,11264
patch_8059.png,35328,11264
patch_8060.png,35584,11264
patch_8061.png,35840,11264
patch_8062.png,36096,11264
patch_8063.png,36352,11264
patch_8064.png,36608,11264
patch_8065.png,36864,11264
patch_8066.png,37120,11264
patch_8067.png,37376,11264
patch_8068.png,37632,11264
patch_8069.png,37888,11264
patch_8070.png,38144,11264
patch_8071.png,38400,11264
patch_8072.png,38656,11264
patch_8073.png,38912,11264
patch_8074.png,39168,11264
patch_8075.png,39424,11264
patch_8076.png,39680,11264
patch_8077.png,39936,11264
patch_8078.png,40192,11264
patch_8079.png,40448,11264
patch_8080.png,40704,11264
patch_8081.png,40960,11264
patch_8082.png,41216,11264
patch_8083.png,41472,11264
patch_8084.png,41728,11264
patch_8085.png,41984,11264
patch_8086.png,42240,11264
patch_8087.png,42496,11264
patch_8088.png,42752,11264
patch_8089.png,43008,11264
patch_8090.png,43264,11264
patch_8091.png,43520,11264
patch_8092.png,43776,11264
patch_8093.png,44032,11264
patch_8094.png,44288,11264
patch_8095.png,44544,11264
patch_8096.png,44800,11264
patch_8097.png,45056,11264
patch_8098.png,45312,11264
patch_8099.png,45568,11264
patch_8100.png,45824,11264
patch_8101.png,0,11520
patch_8102.png,256,11520
patch_8103.png,512,11520
patch_8104.png,768,11520
patch_8105.png,1024,11520
patch_8106.png,1280,11520
patch_8107.png,1536,11520
patch_8108.png,1792,11520
patch_8109.png,2048,11520
patch_8110.png,2304,11520
patch_8111.png,2560,11520
patch_8112.png,2816,11520
patch_8113.png,3072,11520
patch_8114.png,3328,11520
patch_8115.png,3584,11520
patch_8116.png,3840,11520
patch_8117.png,4096,11520
patch_8118.png,4352,11520
patch_8119.png,4608,11520
patch_8120.png,4864,11520
patch_8121.png,5120,11520
patch_8122.png,5376,11520
patch_8123.png,5632,11520
patch_8124.png,5888,11520
patch_8125.png,6144,11520
patch_8126.png,6400,11520
patch_8127.png,6656,11520
patch_8128.png,6912,11520
patch_8129.png,7168,11520
patch_8130.png,7424,11520
patch_8131.png,7680,11520
patch_8132.png,7936,11520
patch_8133.png,8192,11520
patch_8134.png,8448,11520
patch_8135.png,8704,11520
patch_8136.png,8960,11520
patch_8137.png,9216,11520
patch_8138.png,9472,11520
patch_8139.png,9728,11520
patch_8140.png,9984,11520
patch_8141.png,10240,11520
patch_8142.png,10496,11520
patch_8143.png,10752,11520
patch_8144.png,11008,11520
patch_8145.png,11264,11520
patch_8146.png,11520,11520
patch_8147.png,11776,11520
patch_8148.png,12032,11520
patch_8149.png,12288,11520
patch_8150.png,12544,11520
patch_8151.png,12800,11520
patch_8152.png,13056,11520
patch_8153.png,13312,11520
patch_8154.png,13568,11520
patch_8155.png,13824,11520
patch_8156.png,14080,11520
patch_8157.png,14336,11520
patch_8158.png,14592,11520
patch_8159.png,14848,11520
patch_8160.png,15104,11520
patch_8161.png,15360,11520
patch_8162.png,15616,11520
patch_8163.png,15872,11520
patch_8164.png,16128,11520
patch_8165.png,16384,11520
patch_8166.png,16640,11520
patch_8167.png,16896,11520
patch_8168.png,17152,11520
patch_8169.png,17408,11520
patch_8170.png,17664,11520
patch_8171.png,17920,11520
patch_8172.png,18176,11520
patch_8173.png,18432,11520
patch_8174.png,18688,11520
patch_8175.png,18944,11520
patch_8176.png,19200,11520
patch_8177.png,19456,11520
patch_8178.png,19712,11520
patch_8179.png,19968,11520
patch_8180.png,20224,11520
patch_8181.png,20480,11520
patch_8182.png,20736,11520
patch_8183.png,20992,11520
patch_8184.png,21248,11520
patch_8185.png,21504,11520
patch_8186.png,21760,11520
patch_8187.png,22016,11520
patch_8188.png,22272,11520
patch_8189.png,22528,11520
patch_8190.png,22784,11520
patch_8191.png,23040,11520
patch_8192.png,23296,11520
patch_8193.png,23552,11520
patch_8194.png,23808,11520
patch_8195.png,24064,11520
patch_8196.png,24320,11520
patch_8197.png,24576,11520
patch_8198.png,24832,11520
patch_8199.png,25088,11520
patch_8200.png,25344,11520
patch_8201.png,25600,11520
patch_8202.png,25856,11520
patch_8203.png,26112,11520
patch_8204.png,26368,11520
patch_8205.png,26624,11520
patch_8206.png,26880,11520
patch_8207.png,27136,11520
patch_8208.png,27392,11520
patch_8209.png,27648,11520
patch_8210.png,27904,11520
patch_8211.png,28160,11520
patch_8212.png,28416,11520
patch_8213.png,28672,11520
patch_8214.png,28928,11520
patch_8215.png,29184,11520
patch_8216.png,29440,11520
patch_8217.png,29696,11520
patch_8218.png,29952,11520
patch_8219.png,30208,11520
patch_8220.png,30464,11520
patch_8221.png,30720,11520
patch_8222.png,30976,11520
patch_8223.png,31232,11520
patch_8224.png,31488,11520
patch_8225.png,31744,11520
patch_8226.png,32000,11520
patch_8227.png,32256,11520
patch_8228.png,32512,11520
patch_8229.png,32768,11520
patch_8230.png,33024,11520
patch_8231.png,33280,11520
patch_8232.png,33536,11520
patch_8233.png,33792,11520
patch_8234.png,34048,11520
patch_8235.png,34304,11520
patch_8236.png,34560,11520
patch_8237.png,34816,11520
patch_8238.png,35072,11520
patch_8239.png,35328,11520
patch_8240.png,35584,11520
patch_8241.png,35840,11520
patch_8242.png,36096,11520
patch_8243.png,36352,11520
patch_8244.png,36608,11520
patch_8245.png,36864,11520
patch_8246.png,37120,11520
patch_8247.png,37376,11520
patch_8248.png,37632,11520
patch_8249.png,37888,11520
patch_8250.png,38144,11520
patch_8251.png,38400,11520
patch_8252.png,38656,11520
patch_8253.png,38912,11520
patch_8254.png,39168,11520
patch_8255.png,39424,11520
patch_8256.png,39680,11520
patch_8257.png,39936,11520
patch_8258.png,40192,11520
patch_8259.png,40448,11520
patch_8260.png,40704,11520
patch_8261.png,40960,11520
patch_8262.png,41216,11520
patch_8263.png,41472,11520
patch_8264.png,41728,11520
patch_8265.png,41984,11520
patch_8266.png,42240,11520
patch_8267.png,42496,11520
patch_8268.png,42752,11520
patch_8269.png,43008,11520
patch_8270.png,43264,11520
patch_8271.png,43520,11520
patch_8272.png,43776,11520
patch_8273.png,44032,11520
patch_8274.png,44288,11520
patch_8275.png,44544,11520
patch_8276.png,44800,11520
patch_8277.png,45056,11520
patch_8278.png,45312,11520
patch_8279.png,45568,11520
patch_8280.png,45824,11520
patch_8281.png,0,11776
patch_8282.png,256,11776
patch_8283.png,512,11776
patch_8284.png,768,11776
patch_8285.png,1024,11776
patch_8286.png,1280,11776
patch_8287.png,1536,11776
patch_8288.png,1792,11776
patch_8289.png,2048,11776
patch_8290.png,2304,11776
patch_8291.png,2560,11776
patch_8292.png,2816,11776
patch_8293.png,3072,11776
patch_8294.png,3328,11776
patch_8295.png,3584,11776
patch_8296.png,3840,11776
patch_8297.png,4096,11776
patch_8298.png,4352,11776
patch_8299.png,4608,11776
patch_8300.png,4864,11776
patch_8301.png,5120,11776
patch_8302.png,5376,11776
patch_8303.png,5632,11776
patch_8304.png,5888,11776
patch_8305.png,6144,11776
patch_8306.png,6400,11776
patch_8307.png,6656,11776
patch_8308.png,6912,11776
patch_8309.png,7168,11776
patch_8310.png,7424,11776
patch_8311.png,7680,11776
patch_8312.png,7936,11776
patch_8313.png,8192,11776
patch_8314.png,8448,11776
patch_8315.png,8704,11776
patch_8316.png,8960,11776
patch_8317.png,9216,11776
patch_8318.png,9472,11776
patch_8319.png,9728,11776
patch_8320.png,9984,11776
patch_8321.png,10240,11776
patch_8322.png,10496,11776
patch_8323.png,10752,11776
patch_8324.png,11008,11776
patch_8325.png,11264,11776
patch_8326.png,11520,11776
patch_8327.png,11776,11776
patch_8328.png,12032,11776
patch_8329.png,12288,11776
patch_8330.png,12544,11776
patch_8331.png,12800,11776
patch_8332.png,13056,11776
patch_8333.png,13312,11776
patch_8334.png,13568,11776
patch_8335.png,13824,11776
patch_8336.png,14080,11776
patch_8337.png,14336,11776
patch_8338.png,14592,11776
patch_8339.png,14848,11776
patch_8340.png,15104,11776
patch_8341.png,15360,11776
patch_8342.png,15616,11776
patch_8343.png,15872,11776
patch_8344.png,16128,11776
patch_8345.png,16384,11776
patch_8346.png,16640,11776
patch_8347.png,16896,11776
patch_8348.png,17152,11776
patch_8349.png,17408,11776
patch_8350.png,17664,11776
patch_8351.png,17920,11776
patch_8352.png,18176,11776
patch_8353.png,18432,11776
patch_8354.png,18688,11776
patch_8355.png,18944,11776
patch_8356.png,19200,11776
patch_8357.png,19456,11776
patch_8358.png,19712,11776
patch_8359.png,19968,11776
patch_8360.png,20224,11776
patch_8361.png,20480,11776
patch_8362.png,20736,11776
patch_8363.png,20992,11776
patch_8364.png,21248,11776
patch_8365.png,21504,11776
patch_8366.png,21760,11776
patch_8367.png,22016,11776
patch_8368.png,22272,11776
patch_8369.png,22528,11776
patch_8370.png,22784,11776
patch_8371.png,23040,11776
patch_8372.png,23296,11776
patch_8373.png,23552,11776
patch_8374.png,23808,11776
patch_8375.png,24064,11776
patch_8376.png,24320,11776
patch_8377.png,24576,11776
patch_8378.png,24832,11776
patch_8379.png,25088,11776
patch_8380.png,25344,11776
patch_8381.png,25600,11776
patch_8382.png,25856,11776
patch_8383.png,26112,11776
patch_8384.png,26368,11776
patch_8385.png,26624,11776
patch_8386.png,26880,11776
patch_8387.png,27136,11776
patch_8388.png,27392,11776
patch_8389.png,27648,11776
patch_8390.png,27904,11776
patch_8391.png,28160,11776
patch_8392.png,28416,11776
patch_8393.png,28672,11776
patch_8394.png,28928,11776
patch_8395.png,29184,11776
patch_8396.png,29440,11776
patch_8397.png,29696,11776
patch_8398.png,29952,11776
patch_8399.png,30208,11776
patch_8400.png,30464,11776
patch_8401.png,30720,11776
patch_8402.png,30976,11776
patch_8403.png,31232,11776
patch_8404.png,31488,11776
patch_8405.png,31744,11776
patch_8406.png,32000,11776
patch_8407.png,32256,11776
patch_8408.png,32512,11776
patch_8409.png,32768,11776
patch_8410.png,33024,11776
patch_8411.png,33280,11776
patch_8412.png,33536,11776
patch_8413.png,33792,11776
patch_8414.png,34048,11776
patch_8415.png,34304,11776
patch_8416.png,34560,11776
patch_8417.png,34816,11776
patch_8418.png,35072,11776
patch_8419.png,35328,11776
patch_8420.png,35584,11776
patch_8421.png,35840,11776
patch_8422.png,36096,11776
patch_8423.png,36352,11776
patch_8424.png,36608,11776
patch_8425.png,36864,11776
patch_8426.png,37120,11776
patch_8427.png,37376,11776
patch_8428.png,37632,11776
patch_8429.png,37888,11776
patch_8430.png,38144,11776
patch_8431.png,38400,11776
patch_8432.png,38656,11776
patch_8433.png,38912,11776
patch_8434.png,39168,11776
patch_8435.png,39424,11776
patch_8436.png,39680,11776
patch_8437.png,39936,11776
patch_8438.png,40192,11776
patch_8439.png,40448,11776
patch_8440.png,40704,11776
patch_8441.png,40960,11776
patch_8442.png,41216,11776
patch_8443.png,41472,11776
patch_8444.png,41728,11776
patch_8445.png,41984,11776
patch_8446.png,42240,11776
patch_8447.png,42496,11776
patch_8448.png,42752,11776
patch_8449.png,43008,11776
patch_8450.png,43264,11776
patch_8451.png,43520,11776
patch_8452.png,43776,11776
patch_8453.png,44032,11776
patch_8454.png,44288,11776
patch_8455.png,44544,11776
patch_8456.png,44800,11776
patch_8457.png,45056,11776
patch_8458.png,45312,11776
patch_8459.png,45568,11776
patch_8460.png,45824,11776
patch_8461.png,0,12032
patch_8462.png,256,12032
patch_8463.png,512,12032
patch_8464.png,768,12032
patch_8465.png,1024,12032
patch_8466.png,1280,12032
patch_8467.png,1536,12032
patch_8468.png,1792,12032
patch_8469.png,2048,12032
patch_8470.png,2304,12032
patch_8471.png,2560,12032
patch_8472.png,2816,12032
patch_8473.png,3072,12032
patch_8474.png,3328,12032
patch_8475.png,3584,12032
patch_8476.png,3840,12032
patch_8477.png,4096,12032
patch_8478.png,4352,12032
patch_8479.png,4608,12032
patch_8480.png,4864,12032
patch_8481.png,5120,12032
patch_8482.png,5376,12032
patch_8483.png,5632,12032
patch_8484.png,5888,12032
patch_8485.png,6144,12032
patch_8486.png,6400,12032
patch_8487.png,6656,12032
patch_8488.png,6912,12032
patch_8489.png,7168,12032
patch_8490.png,7424,12032
patch_8491.png,7680,12032
patch_8492.png,7936,12032
patch_8493.png,8192,12032
patch_8494.png,8448,12032
patch_8495.png,8704,12032
patch_8496.png,8960,12032
patch_8497.png,9216,12032
patch_8498.png,9472,12032
patch_8499.png,9728,12032
patch_8500.png,9984,12032
patch_8501.png,10240,12032
patch_8502.png,10496,12032
patch_8503.png,10752,12032
patch_8504.png,11008,12032
patch_8505.png,11264,12032
patch_8506.png,11520,12032
patch_8507.png,11776,12032
patch_8508.png,12032,12032
patch_8509.png,12288,12032
patch_8510.png,12544,12032
patch_8511.png,12800,12032
patch_8512.png,13056,12032
patch_8513.png,13312,12032
patch_8514.png,13568,12032
patch_8515.png,13824,12032
patch_8516.png,14080,12032
patch_8517.png,14336,12032
patch_8518.png,14592,12032
patch_8519.png,14848,12032
patch_8520.png,15104,12032
patch_8521.png,15360,12032
patch_8522.png,15616,12032
patch_8523.png,15872,12032
patch_8524.png,16128,12032
patch_8525.png,16384,12032
patch_8526.png,16640,12032
patch_8527.png,16896,12032
patch_8528.png,17152,12032
patch_8529.png,17408,12032
patch_8530.png,17664,12032
patch_8531.png,17920,12032
patch_8532.png,18176,12032
patch_8533.png,18432,12032
patch_8534.png,18688,12032
patch_8535.png,18944,12032
patch_8536.png,19200,12032
patch_8537.png,19456,12032
patch_8538.png,19712,12032
patch_8539.png,19968,12032
patch_8540.png,20224,12032
patch_8541.png,20480,12032
patch_8542.png,20736,12032
patch_8543.png,20992,12032
patch_8544.png,21248,12032
patch_8545.png,21504,12032
patch_8546.png,21760,12032
patch_8547.png,22016,12032
patch_8548.png,22272,12032
patch_8549.png,22528,12032
patch_8550.png,22784,12032
patch_8551.png,23040,12032
patch_8552.png,23296,12032
patch_8553.png,23552,12032
patch_8554.png,23808,12032
patch_8555.png,24064,12032
patch_8556.png,24320,12032
patch_8557.png,24576,12032
patch_8558.png,24832,12032
patch_8559.png,25088,12032
patch_8560.png,25344,12032
patch_8561.png,25600,12032
patch_8562.png,25856,12032
patch_8563.png,26112,12032
patch_8564.png,26368,12032
patch_8565.png,26624,12032
patch_8566.png,26880,12032
patch_8567.png,27136,12032
patch_8568.png,27392,12032
patch_8569.png,27648,12032
patch_8570.png,27904,12032
patch_8571.png,28160,12032
patch_8572.png,28416,12032
patch_8573.png,28672,12032
patch_8574.png,28928,12032
patch_8575.png,29184,12032
patch_8576.png,29440,12032
patch_8577.png,29696,12032
patch_8578.png,29952,12032
patch_8579.png,30208,12032
patch_8580.png,30464,12032
patch_8581.png,30720,12032
patch_8582.png,30976,12032
patch_8583.png,31232,12032
patch_8584.png,31488,12032
patch_8585.png,31744,12032
patch_8586.png,32000,12032
patch_8587.png,32256,12032
patch_8588.png,32512,12032
patch_8589.png,32768,12032
patch_8590.png,33024,12032
patch_8591.png,33280,12032
patch_8592.png,33536,12032
patch_8593.png,33792,12032
patch_8594.png,34048,12032
patch_8595.png,34304,12032
patch_8596.png,34560,12032
patch_8597.png,34816,12032
patch_8598.png,35072,12032
patch_8599.png,35328,12032
patch_8600.png,35584,12032
patch_8601.png,35840,12032
patch_8602.png,36096,12032
patch_8603.png,36352,12032
patch_8604.png,36608,12032
patch_8605.png,36864,12032
patch_8606.png,37120,12032
patch_8607.png,37376,12032
patch_8608.png,37632,12032
patch_8609.png,37888,12032
patch_8610.png,38144,12032
patch_8611.png,38400,12032
patch_8612.png,38656,12032
patch_8613.png,38912,12032
patch_8614.png,39168,12032
patch_8615.png,39424,12032
patch_8616.png,39680,12032
patch_8617.png,39936,12032
patch_8618.png,40192,12032
patch_8619.png,40448,12032
patch_8620.png,40704,12032
patch_8621.png,40960,12032
patch_8622.png,41216,12032
patch_8623.png,41472,12032
patch_8624.png,41728,12032
patch_8625.png,41984,12032
patch_8626.png,42240,12032
patch_8627.png,42496,12032
patch_8628.png,42752,12032
patch_8629.png,43008,12032
patch_8630.png,43264,12032
patch_8631.png,43520,12032
patch_8632.png,43776,12032
patch_8633.png,44032,12032
patch_8634.png,44288,12032
patch_8635.png,44544,12032
patch_8636.png,44800,12032
patch_8637.png,45056,12032
patch_8638.png,45312,12032
patch_8639.png,45568,12032
patch_8640.png,45824,12032
patch_8641.png,0,12288
patch_8642.png,256,12288
patch_8643.png,512,12288
patch_8644.png,768,12288
patch_8645.png,1024,12288
patch_8646.png,1280,12288
patch_8647.png,1536,12288
patch_8648.png,1792,12288
patch_8649.png,2048,12288
patch_8650.png,2304,12288
patch_8651.png,2560,12288
patch_8652.png,2816,12288
patch_8653.png,3072,12288
patch_8654.png,3328,12288
patch_8655.png,3584,12288
patch_8656.png,3840,12288
patch_8657.png,4096,12288
patch_8658.png,4352,12288
patch_8659.png,4608,12288
patch_8660.png,4864,12288
patch_8661.png,5120,12288
patch_8662.png,5376,12288
patch_8663.png,5632,12288
patch_8664.png,5888,12288
patch_8665.png,6144,12288
patch_8666.png,6400,12288
patch_8667.png,6656,12288
patch_8668.png,6912,12288
patch_8669.png,7168,12288
patch_8670.png,7424,12288
patch_8671.png,7680,12288
patch_8672.png,7936,12288
patch_8673.png,8192,12288
patch_8674.png,8448,12288
patch_8675.png,8704,12288
patch_8676.png,8960,12288
patch_8677.png,9216,12288
patch_8678.png,9472,12288
patch_8679.png,9728,12288
patch_8680.png,9984,12288
patch_8681.png,10240,12288
patch_8682.png,10496,12288
patch_8683.png,10752,12288
patch_8684.png,11008,12288
patch_8685.png,11264,12288
patch_8686.png,11520,12288
patch_8687.png,11776,12288
patch_8688.png,12032,12288
patch_8689.png,12288,12288
patch_8690.png,12544,12288
patch_8691.png,12800,12288
patch_8692.png,13056,12288
patch_8693.png,13312,12288
patch_8694.png,13568,12288
patch_8695.png,13824,12288
patch_8696.png,14080,12288
patch_8697.png,14336,12288
patch_8698.png,14592,12288
patch_8699.png,14848,12288
patch_8700.png,15104,12288
patch_8701.png,15360,12288
patch_8702.png,15616,12288
patch_8703.png,15872,12288
patch_8704.png,16128,12288
patch_8705.png,16384,12288
patch_8706.png,16640,12288
patch_8707.png,16896,12288
patch_8708.png,17152,12288
patch_8709.png,17408,12288
patch_8710.png,17664,12288
patch_8711.png,17920,12288
patch_8712.png,18176,12288
patch_8713.png,18432,12288
patch_8714.png,18688,12288
patch_8715.png,18944,12288
patch_8716.png,19200,12288
patch_8717.png,19456,12288
patch_8718.png,19712,12288
patch_8719.png,19968,12288
patch_8720.png,20224,12288
patch_8721.png,20480,12288
patch_8722.png,20736,12288
patch_8723.png,20992,12288
patch_8724.png,21248,12288
patch_8725.png,21504,12288
patch_8726.png,21760,12288
patch_8727.png,22016,12288
patch_8728.png,22272,12288
patch_8729.png,22528,12288
patch_8730.png,22784,12288
patch_8731.png,23040,12288
patch_8732.png,23296,12288
patch_8733.png,23552,12288
patch_8734.png,23808,12288
patch_8735.png,24064,12288
patch_8736.png,24320,12288
patch_8737.png,24576,12288
patch_8738.png,24832,12288
patch_8739.png,25088,12288
patch_8740.png,25344,12288
patch_8741.png,25600,12288
patch_8742.png,25856,12288
patch_8743.png,26112,12288
patch_8744.png,26368,12288
patch_8745.png,26624,12288
patch_8746.png,26880,12288
patch_8747.png,27136,12288
patch_8748.png,27392,12288
patch_8749.png,27648,12288
patch_8750.png,27904,12288
patch_8751.png,28160,12288
patch_8752.png,28416,12288
patch_8753.png,28672,12288
patch_8754.png,28928,12288
patch_8755.png,29184,12288
patch_8756.png,29440,12288
patch_8757.png,29696,12288
patch_8758.png,29952,12288
patch_8759.png,30208,12288
patch_8760.png,30464,12288
patch_8761.png,30720,12288
patch_8762.png,30976,12288
patch_8763.png,31232,12288
patch_8764.png,31488,12288
patch_8765.png,31744,12288
patch_8766.png,32000,12288
patch_8767.png,32256,12288
patch_8768.png,32512,12288
patch_8769.png,32768,12288
patch_8770.png,33024,12288
patch_8771.png,33280,12288
patch_8772.png,33536,12288
patch_8773.png,33792,12288
patch_8774.png,34048,12288
patch_8775.png,34304,12288
patch_8776.png,34560,12288
patch_8777.png,34816,12288
patch_8778.png,35072,12288
patch_8779.png,35328,12288
patch_8780.png,35584,12288
patch_8781.png,35840,12288
patch_8782.png,36096,12288
patch_8783.png,36352,12288
patch_8784.png,36608,12288
patch_8785.png,36864,12288
patch_8786.png,37120,12288
patch_8787.png,37376,12288
patch_8788.png,37632,12288
patch_8789.png,37888,12288
patch_8790.png,38144,12288
patch_8791.png,38400,12288
patch_8792.png,38656,12288
patch_8793.png,38912,12288
patch_8794.png,39168,12288
patch_8795.png,39424,12288
patch_8796.png,39680,12288
patch_8797.png,39936,12288
patch_8798.png,40192,12288
patch_8799.png,40448,12288
patch_8800.png,40704,12288
patch_8801.png,40960,12288
patch_8802.png,41216,12288
patch_8803.png,41472,12288
patch_8804.png,41728,12288
patch_8805.png,41984,12288
patch_8806.png,42240,12288
patch_8807.png,42496,12288
patch_8808.png,42752,12288
patch_8809.png,43008,12288
patch_8810.png,43264,12288
patch_8811.png,43520,12288
patch_8812.png,43776,12288
patch_8813.png,44032,12288
patch_8814.png,44288,12288
patch_8815.png,44544,12288
patch_8816.png,44800,12288
patch_8817.png,45056,12288
patch_8818.png,45312,12288
patch_8819.png,45568,12288
patch_8820.png,45824,12288
patch_8821.png,0,12544
patch_8822.png,256,12544
patch_8823.png,512,12544
patch_8824.png,768,12544
patch_8825.png,1024,12544
patch_8826.png,1280,12544
patch_8827.png,1536,12544
patch_8828.png,1792,12544
patch_8829.png,2048,12544
patch_8830.png,2304,12544
patch_8831.png,2560,12544
patch_8832.png,2816,12544
patch_8833.png,3072,12544
patch_8834.png,3328,12544
patch_8835.png,3584,12544
patch_8836.png,3840,12544
patch_8837.png,4096,12544
patch_8838.png,4352,12544
patch_8839.png,4608,12544
patch_8840.png,4864,12544
patch_8841.png,5120,12544
patch_8842.png,5376,12544
patch_8843.png,5632,12544
patch_8844.png,5888,12544
patch_8845.png,6144,12544
patch_8846.png,6400,12544
patch_8847.png,6656,12544
patch_8848.png,6912,12544
patch_8849.png,7168,12544
patch_8850.png,7424,12544
patch_8851.png,7680,12544
patch_8852.png,7936,12544
patch_8853.png,8192,12544
patch_8854.png,8448,12544
patch_8855.png,8704,12544
patch_8856.png,8960,12544
patch_8857.png,9216,12544
patch_8858.png,9472,12544
patch_8859.png,9728,12544
patch_8860.png,9984,12544
patch_8861.png,10240,12544
patch_8862.png,10496,12544
patch_8863.png,10752,12544
patch_8864.png,11008,12544
patch_8865.png,11264,12544
patch_8866.png,11520,12544
patch_8867.png,11776,12544
patch_8868.png,12032,12544
patch_8869.png,12288,12544
patch_8870.png,12544,12544
patch_8871.png,12800,12544
patch_8872.png,13056,12544
patch_8873.png,13312,12544
patch_8874.png,13568,12544
patch_8875.png,13824,12544
patch_8876.png,14080,12544
patch_8877.png,14336,12544
patch_8878.png,14592,12544
patch_8879.png,14848,12544
patch_8880.png,15104,12544
patch_8881.png,15360,12544
patch_8882.png,15616,12544
patch_8883.png,15872,12544
patch_8884.png,16128,12544
patch_8885.png,16384,12544
patch_8886.png,16640,12544
patch_8887.png,16896,12544
patch_8888.png,17152,12544
patch_8889.png,17408,12544
patch_8890.png,17664,12544
patch_8891.png,17920,12544
patch_8892.png,18176,12544
patch_8893.png,18432,12544
patch_8894.png,18688,12544
patch_8895.png,18944,12544
patch_8896.png,19200,12544
patch_8897.png,19456,12544
patch_8898.png,19712,12544
patch_8899.png,19968,12544
patch_8900.png,20224,12544
patch_8901.png,20480,12544
patch_8902.png,20736,12544
patch_8903.png,20992,12544
patch_8904.png,21248,12544
patch_8905.png,21504,12544
patch_8906.png,21760,12544
patch_8907.png,22016,12544
patch_8908.png,22272,12544
patch_8909.png,22528,12544
patch_8910.png,22784,12544
patch_8911.png,23040,12544
patch_8912.png,23296,12544
patch_8913.png,23552,12544
patch_8914.png,23808,12544
patch_8915.png,24064,12544
patch_8916.png,24320,12544
patch_8917.png,24576,12544
patch_8918.png,24832,12544
patch_8919.png,25088,12544
patch_8920.png,25344,12544
patch_8921.png,25600,12544
patch_8922.png,25856,12544
patch_8923.png,26112,12544
patch_8924.png,26368,12544
patch_8925.png,26624,12544
patch_8926.png,26880,12544
patch_8927.png,27136,12544
patch_8928.png,27392,12544
patch_8929.png,27648,12544
patch_8930.png,27904,12544
patch_8931.png,28160,12544
patch_8932.png,28416,12544
patch_8933.png,28672,12544
patch_8934.png,28928,12544
patch_8935.png,29184,12544
patch_8936.png,29440,12544
patch_8937.png,29696,12544
patch_8938.png,29952,12544
patch_8939.png,30208,12544
patch_8940.png,30464,12544
patch_8941.png,30720,12544
patch_8942.png,30976,12544
patch_8943.png,31232,12544
patch_8944.png,31488,12544
patch_8945.png,31744,12544
patch_8946.png,32000,12544
patch_8947.png,32256,12544
patch_8948.png,32512,12544
patch_8949.png,32768,12544
patch_8950.png,33024,12544
patch_8951.png,33280,12544
patch_8952.png,33536,12544
patch_8953.png,33792,12544
patch_8954.png,34048,12544
patch_8955.png,34304,12544
patch_8956.png,34560,12544
patch_8957.png,34816,12544
patch_8958.png,35072,12544
patch_8959.png,35328,12544
patch_8960.png,35584,12544
patch_8961.png,35840,12544
patch_8962.png,36096,12544
patch_8963.png,36352,12544
patch_8964.png,36608,12544
patch_8965.png,36864,12544
patch_8966.png,37120,12544
patch_8967.png,37376,12544
patch_8968.png,37632,12544
patch_8969.png,37888,12544
patch_8970.png,38144,12544
patch_8971.png,38400,12544
patch_8972.png,38656,12544
patch_8973.png,38912,12544
patch_8974.png,39168,12544
patch_8975.png,39424,12544
patch_8976.png,39680,12544
patch_8977.png,39936,12544
patch_8978.png,40192,12544
patch_8979.png,40448,12544
patch_8980.png,40704,12544
patch_8981.png,40960,12544
patch_8982.png,41216,12544
patch_8983.png,41472,12544
patch_8984.png,41728,12544
patch_8985.png,41984,12544
patch_8986.png,42240,12544
patch_8987.png,42496,12544
patch_8988.png,42752,12544
patch_8989.png,43008,12544
patch_8990.png,43264,12544
patch_8991.png,43520,12544
patch_8992.png,43776,12544
patch_8993.png,44032,12544
patch_8994.png,44288,12544
patch_8995.png,44544,12544
patch_8996.png,44800,12544
patch_8997.png,45056,12544
patch_8998.png,45312,12544
patch_8999.png,45568,12544
patch_9000.png,45824,12544
patch_9001.png,0,12800
patch_9002.png,256,12800
patch_9003.png,512,12800
patch_9004.png,768,12800
patch_9005.png,1024,12800
patch_9006.png,1280,12800
patch_9007.png,1536,12800
patch_9008.png,1792,12800
patch_9009.png,2048,12800
patch_9010.png,2304,12800
patch_9011.png,2560,12800
patch_9012.png,2816,12800
patch_9013.png,3072,12800
patch_9014.png,3328,12800
patch_9015.png,3584,12800
patch_9016.png,3840,12800
patch_9017.png,4096,12800
patch_9018.png,4352,12800
patch_9019.png,4608,12800
patch_9020.png,4864,12800
patch_9021.png,5120,12800
patch_9022.png,5376,12800
patch_9023.png,5632,12800
patch_9024.png,5888,12800
patch_9025.png,6144,12800
patch_9026.png,6400,12800
patch_9027.png,6656,12800
patch_9028.png,6912,12800
patch_9029.png,7168,12800
patch_9030.png,7424,12800
patch_9031.png,7680,12800
patch_9032.png,7936,12800
patch_9033.png,8192,12800
patch_9034.png,8448,12800
patch_9035.png,8704,12800
patch_9036.png,8960,12800
patch_9037.png,9216,12800
patch_9038.png,9472,12800
patch_9039.png,9728,12800
patch_9040.png,9984,12800
patch_9041.png,10240,12800
patch_9042.png,10496,12800
patch_9043.png,10752,12800
patch_9044.png,11008,12800
patch_9045.png,11264,12800
patch_9046.png,11520,12800
patch_9047.png,11776,12800
patch_9048.png,12032,12800
patch_9049.png,12288,12800
patch_9050.png,12544,12800
patch_9051.png,12800,12800
patch_9052.png,13056,12800
patch_9053.png,13312,12800
patch_9054.png,13568,12800
patch_9055.png,13824,12800
patch_9056.png,14080,12800
patch_9057.png,14336,12800
patch_9058.png,14592,12800
patch_9059.png,14848,12800
patch_9060.png,15104,12800
patch_9061.png,15360,12800
patch_9062.png,15616,12800
patch_9063.png,15872,12800
patch_9064.png,16128,12800
patch_9065.png,16384,12800
patch_9066.png,16640,12800
patch_9067.png,16896,12800
patch_9068.png,17152,12800
patch_9069.png,17408,12800
patch_9070.png,17664,12800
patch_9071.png,17920,12800
patch_9072.png,18176,12800
patch_9073.png,18432,12800
patch_9074.png,18688,12800
patch_9075.png,18944,12800
patch_9076.png,19200,12800
patch_9077.png,19456,12800
patch_9078.png,19712,12800
patch_9079.png,19968,12800
patch_9080.png,20224,12800
patch_9081.png,20480,12800
patch_9082.png,20736,12800
patch_9083.png,20992,12800
patch_9084.png,21248,12800
patch_9085.png,21504,12800
patch_9086.png,21760,12800
patch_9087.png,22016,12800
patch_9088.png,22272,12800
patch_9089.png,22528,12800
patch_9090.png,22784,12800
patch_9091.png,23040,12800
patch_9092.png,23296,12800
patch_9093.png,23552,12800
patch_9094.png,23808,12800
patch_9095.png,24064,12800
patch_9096.png,24320,12800
patch_9097.png,24576,12800
patch_9098.png,24832,12800
patch_9099.png,25088,12800
patch_9100.png,25344,12800
patch_9101.png,25600,12800
patch_9102.png,25856,12800
patch_9103.png,26112,12800
patch_9104.png,26368,12800
patch_9105.png,26624,12800
patch_9106.png,26880,12800
patch_9107.png,27136,12800
patch_9108.png,27392,12800
patch_9109.png,27648,12800
patch_9110.png,27904,12800
patch_9111.png,28160,12800
patch_9112.png,28416,12800
patch_9113.png,28672,12800
patch_9114.png,28928,12800
patch_9115.png,29184,12800
patch_9116.png,29440,12800
patch_9117.png,29696,12800
patch_9118.png,29952,12800
patch_9119.png,30208,12800
patch_9120.png,30464,12800
patch_9121.png,30720,12800
patch_9122.png,30976,12800
patch_9123.png,31232,12800
patch_9124.png,31488,12800
patch_9125.png,31744,12800
patch_9126.png,32000,12800
patch_9127.png,32256,12800
patch_9128.png,32512,12800
patch_9129.png,32768,12800
patch_9130.png,33024,12800
patch_9131.png,33280,12800
patch_9132.png,33536,12800
patch_9133.png,33792,12800
patch_9134.png,34048,12800
patch_9135.png,34304,12800
patch_9136.png,34560,12800
patch_9137.png,34816,12800
patch_9138.png,35072,12800
patch_9139.png,35328,12800
patch_9140.png,35584,12800
patch_9141.png,35840,12800
patch_9142.png,36096,12800
patch_9143.png,36352,12800
patch_9144.png,36608,12800
patch_9145.png,36864,12800
patch_9146.png,37120,12800
patch_9147.png,37376,12800
patch_9148.png,37632,12800
patch_9149.png,37888,12800
patch_9150.png,38144,12800
patch_9151.png,38400,12800
patch_9152.png,38656,12800
patch_9153.png,38912,12800
patch_9154.png,39168,12800
patch_9155.png,39424,12800
patch_9156.png,39680,12800
patch_9157.png,39936,12800
patch_9158.png,40192,12800
patch_9159.png,40448,12800
patch_9160.png,40704,12800
patch_9161.png,40960,12800
patch_9162.png,41216,12800
patch_9163.png,41472,12800
patch_9164.png,41728,12800
patch_9165.png,41984,12800
patch_9166.png,42240,12800
patch_9167.png,42496,12800
patch_9168.png,42752,12800
patch_9169.png,43008,12800
patch_9170.png,43264,12800
patch_9171.png,43520,12800
patch_9172.png,43776,12800
patch_9173.png,44032,12800
patch_9174.png,44288,12800
patch_9175.png,44544,12800
patch_9176.png,44800,12800
patch_9177.png,45056,12800
patch_9178.png,45312,12800
patch_9179.png,45568,12800
patch_9180.png,45824,12800
patch_9181.png,0,13056
patch_9182.png,256,13056
patch_9183.png,512,13056
patch_9184.png,768,13056
patch_9185.png,1024,13056
patch_9186.png,1280,13056
patch_9187.png,1536,13056
patch_9188.png,1792,13056
patch_9189.png,2048,13056
patch_9190.png,2304,13056
patch_9191.png,2560,13056
patch_9192.png,2816,13056
patch_9193.png,3072,13056
patch_9194.png,3328,13056
patch_9195.png,3584,13056
patch_9196.png,3840,13056
patch_9197.png,4096,13056
patch_9198.png,4352,13056
patch_9199.png,4608,13056
patch_9200.png,4864,13056
patch_9201.png,5120,13056
patch_9202.png,5376,13056
patch_9203.png,5632,13056
patch_9204.png,5888,13056
patch_9205.png,6144,13056
patch_9206.png,6400,13056
patch_9207.png,6656,13056
patch_9208.png,6912,13056
patch_9209.png,7168,13056
patch_9210.png,7424,13056
patch_9211.png,7680,13056
patch_9212.png,7936,13056
patch_9213.png,8192,13056
patch_9214.png,8448,13056
patch_9215.png,8704,13056
patch_9216.png,8960,13056
patch_9217.png,9216,13056
patch_9218.png,9472,13056
patch_9219.png,9728,13056
patch_9220.png,9984,13056
patch_9221.png,10240,13056
patch_9222.png,10496,13056
patch_9223.png,10752,13056
patch_9224.png,11008,13056
patch_9225.png,11264,13056
patch_9226.png,11520,13056
patch_9227.png,11776,13056
patch_9228.png,12032,13056
patch_9229.png,12288,13056
patch_9230.png,12544,13056
patch_9231.png,12800,13056
patch_9232.png,13056,13056
patch_9233.png,13312,13056
patch_9234.png,13568,13056
patch_9235.png,13824,13056
patch_9236.png,14080,13056
patch_9237.png,14336,13056
patch_9238.png,14592,13056
patch_9239.png,14848,13056
patch_9240.png,15104,13056
patch_9241.png,15360,13056
patch_9242.png,15616,13056
patch_9243.png,15872,13056
patch_9244.png,16128,13056
patch_9245.png,16384,13056
patch_9246.png,16640,13056
patch_9247.png,16896,13056
patch_9248.png,17152,13056
patch_9249.png,17408,13056
patch_9250.png,17664,13056
patch_9251.png,17920,13056
patch_9252.png,18176,13056
patch_9253.png,18432,13056
patch_9254.png,18688,13056
patch_9255.png,18944,13056
patch_9256.png,19200,13056
patch_9257.png,19456,13056
patch_9258.png,19712,13056
patch_9259.png,19968,13056
patch_9260.png,20224,13056
patch_9261.png,20480,13056
patch_9262.png,20736,13056
patch_9263.png,20992,13056
patch_9264.png,21248,13056
patch_9265.png,21504,13056
patch_9266.png,21760,13056
patch_9267.png,22016,13056
patch_9268.png,22272,13056
patch_9269.png,22528,13056
patch_9270.png,22784,13056
patch_9271.png,23040,13056
patch_9272.png,23296,13056
patch_9273.png,23552,13056
patch_9274.png,23808,13056
patch_9275.png,24064,13056
patch_9276.png,24320,13056
patch_9277.png,24576,13056
patch_9278.png,24832,13056
patch_9279.png,25088,13056
patch_9280.png,25344,13056
patch_9281.png,25600,13056
patch_9282.png,25856,13056
patch_9283.png,26112,13056
patch_9284.png,26368,13056
patch_9285.png,26624,13056
patch_9286.png,26880,13056
patch_9287.png,27136,13056
patch_9288.png,27392,13056
patch_9289.png,27648,13056
patch_9290.png,27904,13056
patch_9291.png,28160,13056
patch_9292.png,28416,13056
patch_9293.png,28672,13056
patch_9294.png,28928,13056
patch_9295.png,29184,13056
patch_9296.png,29440,13056
patch_9297.png,29696,13056
patch_9298.png,29952,13056
patch_9299.png,30208,13056
patch_9300.png,30464,13056
patch_9301.png,30720,13056
patch_9302.png,30976,13056
patch_9303.png,31232,13056
patch_9304.png,31488,13056
patch_9305.png,31744,13056
patch_9306.png,32000,13056
patch_9307.png,32256,13056
patch_9308.png,32512,13056
patch_9309.png,32768,13056
patch_9310.png,33024,13056
patch_9311.png,33280,13056
patch_9312.png,33536,13056
patch_9313.png,33792,13056
patch_9314.png,34048,13056
patch_9315.png,34304,13056
patch_9316.png,34560,13056
patch_9317.png,34816,13056
patch_9318.png,35072,13056
patch_9319.png,35328,13056
patch_9320.png,35584,13056
patch_9321.png,35840,13056
patch_9322.png,36096,13056
patch_9323.png,36352,13056
patch_9324.png,36608,13056
patch_9325.png,36864,13056
patch_9326.png,37120,13056
patch_9327.png,37376,13056
patch_9328.png,37632,13056
patch_9329.png,37888,13056
patch_9330.png,38144,13056
patch_9331.png,38400,13056
patch_9332.png,38656,13056
patch_9333.png,38912,13056
patch_9334.png,39168,13056
patch_9335.png,39424,13056
patch_9336.png,39680,13056
patch_9337.png,39936,13056
patch_9338.png,40192,13056
patch_9339.png,40448,13056
patch_9340.png,40704,13056
patch_9341.png,40960,13056
patch_9342.png,41216,13056
patch_9343.png,41472,13056
patch_9344.png,41728,13056
patch_9345.png,41984,13056
patch_9346.png,42240,13056
patch_9347.png,42496,13056
patch_9348.png,42752,13056
patch_9349.png,43008,13056
patch_9350.png,43264,13056
patch_9351.png,43520,13056
patch_9352.png,43776,13056
patch_9353.png,44032,13056
patch_9354.png,44288,13056
patch_9355.png,44544,13056
patch_9356.png,44800,13056
patch_9357.png,45056,13056
patch_9358.png,45312,13056
patch_9359.png,45568,13056
patch_9360.png,45824,13056
patch_9361.png,0,13312
patch_9362.png,256,13312
patch_9363.png,512,13312
patch_9364.png,768,13312
patch_9365.png,1024,13312
patch_9366.png,1280,13312
patch_9367.png,1536,13312
patch_9368.png,1792,13312
patch_9369.png,2048,13312
patch_9370.png,2304,13312
patch_9371.png,2560,13312
patch_9372.png,2816,13312
patch_9373.png,3072,13312
patch_9374.png,3328,13312
patch_9375.png,3584,13312
patch_9376.png,3840,13312
patch_9377.png,4096,13312
patch_9378.png,4352,13312
patch_9379.png,4608,13312
patch_9380.png,4864,13312
patch_9381.png,5120,13312
patch_9382.png,5376,13312
patch_9383.png,5632,13312
patch_9384.png,5888,13312
patch_9385.png,6144,13312
patch_9386.png,6400,13312
patch_9387.png,6656,13312
patch_9388.png,6912,13312
patch_9389.png,7168,13312
patch_9390.png,7424,13312
patch_9391.png,7680,13312
patch_9392.png,7936,13312
patch_9393.png,8192,13312
patch_9394.png,8448,13312
patch_9395.png,8704,13312
patch_9396.png,8960,13312
patch_9397.png,9216,13312
patch_9398.png,9472,13312
patch_9399.png,9728,13312
patch_9400.png,9984,13312
patch_9401.png,10240,13312
patch_9402.png,10496,13312
patch_9403.png,10752,13312
patch_9404.png,11008,13312
patch_9405.png,11264,13312
patch_9406.png,11520,13312
patch_9407.png,11776,13312
patch_9408.png,12032,13312
patch_9409.png,12288,13312
patch_9410.png,12544,13312
patch_9411.png,12800,13312
patch_9412.png,13056,13312
patch_9413.png,13312,13312
patch_9414.png,13568,13312
patch_9415.png,13824,13312
patch_9416.png,14080,13312
patch_9417.png,14336,13312
patch_9418.png,14592,13312
patch_9419.png,14848,13312
patch_9420.png,15104,13312
patch_9421.png,15360,13312
patch_9422.png,15616,13312
patch_9423.png,15872,13312
patch_9424.png,16128,13312
patch_9425.png,16384,13312
patch_9426.png,16640,13312
patch_9427.png,16896,13312
patch_9428.png,17152,13312
patch_9429.png,17408,13312
patch_9430.png,17664,13312
patch_9431.png,17920,13312
patch_9432.png,18176,13312
patch_9433.png,18432,13312
patch_9434.png,18688,13312
patch_9435.png,18944,13312
patch_9436.png,19200,13312
patch_9437.png,19456,13312
patch_9438.png,19712,13312
patch_9439.png,19968,13312
patch_9440.png,20224,13312
patch_9441.png,20480,13312
patch_9442.png,20736,13312
patch_9443.png,20992,13312
patch_9444.png,21248,13312
patch_9445.png,21504,13312
patch_9446.png,21760,13312
patch_9447.png,22016,13312
patch_9448.png,22272,13312
patch_9449.png,22528,13312
patch_9450.png,22784,13312
patch_9451.png,23040,13312
patch_9452.png,23296,13312
patch_9453.png,23552,13312
patch_9454.png,23808,13312
patch_9455.png,24064,13312
patch_9456.png,24320,13312
patch_9457.png,24576,13312
patch_9458.png,24832,13312
patch_9459.png,25088,13312
patch_9460.png,25344,13312
patch_9461.png,25600,13312
patch_9462.png,25856,13312
patch_9463.png,26112,13312
patch_9464.png,26368,13312
patch_9465.png,26624,13312
patch_9466.png,26880,13312
patch_9467.png,27136,13312
patch_9468.png,27392,13312
patch_9469.png,27648,13312
patch_9470.png,27904,13312
patch_9471.png,28160,13312
patch_9472.png,28416,13312
patch_9473.png,28672,13312
patch_9474.png,28928,13312
patch_9475.png,29184,13312
patch_9476.png,29440,13312
patch_9477.png,29696,13312
patch_9478.png,29952,13312
patch_9479.png,30208,13312
patch_9480.png,30464,13312
patch_9481.png,30720,13312
patch_9482.png,30976,13312
patch_9483.png,31232,13312
patch_9484.png,31488,13312
patch_9485.png,31744,13312
patch_9486.png,32000,13312
patch_9487.png,32256,13312
patch_9488.png,32512,13312
patch_9489.png,32768,13312
patch_9490.png,33024,13312
patch_9491.png,33280,13312
patch_9492.png,33536,13312
patch_9493.png,33792,13312
patch_9494.png,34048,13312
patch_9495.png,34304,13312
patch_9496.png,34560,13312
patch_9497.png,34816,13312
patch_9498.png,35072,13312
patch_9499.png,35328,13312
patch_9500.png,35584,13312
patch_9501.png,35840,13312
patch_9502.png,36096,13312
patch_9503.png,36352,13312
patch_9504.png,36608,13312
patch_9505.png,36864,13312
patch_9506.png,37120,13312
patch_9507.png,37376,13312
patch_9508.png,37632,13312
patch_9509.png,37888,13312
patch_9510.png,38144,13312
patch_9511.png,38400,13312
patch_9512.png,38656,13312
patch_9513.png,38912,13312
patch_9514.png,39168,13312
patch_9515.png,39424,13312
patch_9516.png,39680,13312
patch_9517.png,39936,13312
patch_9518.png,40192,13312
patch_9519.png,40448,13312
patch_9520.png,40704,13312
patch_9521.png,40960,13312
patch_9522.png,41216,13312
patch_9523.png,41472,13312
patch_9524.png,41728,13312
patch_9525.png,41984,13312
patch_9526.png,42240,13312
patch_9527.png,42496,13312
patch_9528.png,42752,13312
patch_9529.png,43008,13312
patch_9530.png,43264,13312
patch_9531.png,43520,13312
patch_9532.png,43776,13312
patch_9533.png,44032,13312
patch_9534.png,44288,13312
patch_9535.png,44544,13312
patch_9536.png,44800,13312
patch_9537.png,45056,13312
patch_9538.png,45312,13312
patch_9539.png,45568,13312
patch_9540.png,45824,13312
patch_9541.png,0,13568
patch_9542.png,256,13568
patch_9543.png,512,13568
patch_9544.png,768,13568
patch_9545.png,1024,13568
patch_9546.png,1280,13568
patch_9547.png,1536,13568
patch_9548.png,1792,13568
patch_9549.png,2048,13568
patch_9550.png,2304,13568
patch_9551.png,2560,13568
patch_9552.png,2816,13568
patch_9553.png,3072,13568
patch_9554.png,3328,13568
patch_9555.png,3584,13568
patch_9556.png,3840,13568
patch_9557.png,4096,13568
patch_9558.png,4352,13568
patch_9559.png,4608,13568
patch_9560.png,4864,13568
patch_9561.png,5120,13568
patch_9562.png,5376,13568
patch_9563.png,5632,13568
patch_9564.png,5888,13568
patch_9565.png,6144,13568
patch_9566.png,6400,13568
patch_9567.png,6656,13568
patch_9568.png,6912,13568
patch_9569.png,7168,13568
patch_9570.png,7424,13568
patch_9571.png,7680,13568
patch_9572.png,7936,13568
patch_9573.png,8192,13568
patch_9574.png,8448,13568
patch_9575.png,8704,13568
patch_9576.png,8960,13568
patch_9577.png,9216,13568
patch_9578.png,9472,13568
patch_9579.png,9728,13568
patch_9580.png,9984,13568
patch_9581.png,10240,13568
patch_9582.png,10496,13568
patch_9583.png,10752,13568
patch_9584.png,11008,13568
patch_9585.png,11264,13568
patch_9586.png,11520,13568
patch_9587.png,11776,13568
patch_9588.png,12032,13568
patch_9589.png,12288,13568
patch_9590.png,12544,13568
patch_9591.png,12800,13568
patch_9592.png,13056,13568
patch_9593.png,13312,13568
patch_9594.png,13568,13568
patch_9595.png,13824,13568
patch_9596.png,14080,13568
patch_9597.png,14336,13568
patch_9598.png,14592,13568
patch_9599.png,14848,13568
patch_9600.png,15104,13568
patch_9601.png,15360,13568
patch_9602.png,15616,13568
patch_9603.png,15872,13568
patch_9604.png,16128,13568
patch_9605.png,16384,13568
patch_9606.png,16640,13568
patch_9607.png,16896,13568
patch_9608.png,17152,13568
patch_9609.png,17408,13568
patch_9610.png,17664,13568
patch_9611.png,17920,13568
patch_9612.png,18176,13568
patch_9613.png,18432,13568
patch_9614.png,18688,13568
patch_9615.png,18944,13568
patch_9616.png,19200,13568
patch_9617.png,19456,13568
patch_9618.png,19712,13568
patch_9619.png,19968,13568
patch_9620.png,20224,13568
patch_9621.png,20480,13568
patch_9622.png,20736,13568
patch_9623.png,20992,13568
patch_9624.png,21248,13568
patch_9625.png,21504,13568
patch_9626.png,21760,13568
patch_9627.png,22016,13568
patch_9628.png,22272,13568
patch_9629.png,22528,13568
patch_9630.png,22784,13568
patch_9631.png,23040,13568
patch_9632.png,23296,13568
patch_9633.png,23552,13568
patch_9634.png,23808,13568
patch_9635.png,24064,13568
patch_9636.png,24320,13568
patch_9637.png,24576,13568
patch_9638.png,24832,13568
patch_9639.png,25088,13568
patch_9640.png,25344,13568
patch_9641.png,25600,13568
patch_9642.png,25856,13568
patch_9643.png,26112,13568
patch_9644.png,26368,13568
patch_9645.png,26624,13568
patch_9646.png,26880,13568
patch_9647.png,27136,13568
patch_9648.png,27392,13568
patch_9649.png,27648,13568
patch_9650.png,27904,13568
patch_9651.png,28160,13568
patch_9652.png,28416,13568
patch_9653.png,28672,13568
patch_9654.png,28928,13568
patch_9655.png,29184,13568
patch_9656.png,29440,13568
patch_9657.png,29696,13568
patch_9658.png,29952,13568
patch_9659.png,30208,13568
patch_9660.png,30464,13568
patch_9661.png,30720,13568
patch_9662.png,30976,13568
patch_9663.png,31232,13568
patch_9664.png,31488,13568
patch_9665.png,31744,13568
patch_9666.png,32000,13568
patch_9667.png,32256,13568
patch_9668.png,32512,13568
patch_9669.png,32768,13568
patch_9670.png,33024,13568
patch_9671.png,33280,13568
patch_9672.png,33536,13568
patch_9673.png,33792,13568
patch_9674.png,34048,13568
patch_9675.png,34304,13568
patch_9676.png,34560,13568
patch_9677.png,34816,13568
patch_9678.png,35072,13568
patch_9679.png,35328,13568
patch_9680.png,35584,13568
patch_9681.png,35840,13568
patch_9682.png,36096,13568
patch_9683.png,36352,13568
patch_9684.png,36608,13568
patch_9685.png,36864,13568
patch_9686.png,37120,13568
patch_9687.png,37376,13568
patch_9688.png,37632,13568
patch_9689.png,37888,13568
patch_9690.png,38144,13568
patch_9691.png,38400,13568
patch_9692.png,38656,13568
patch_9693.png,38912,13568
patch_9694.png,39168,13568
patch_9695.png,39424,13568
patch_9696.png,39680,13568
patch_9697.png,39936,13568
patch_9698.png,40192,13568
patch_9699.png,40448,13568
patch_9700.png,40704,13568
patch_9701.png,40960,13568
patch_9702.png,41216,13568
patch_9703.png,41472,13568
patch_9704.png,41728,13568
patch_9705.png,41984,13568
patch_9706.png,42240,13568
patch_9707.png,42496,13568
patch_9708.png,42752,13568
patch_9709.png,43008,13568
patch_9710.png,43264,13568
patch_9711.png,43520,13568
patch_9712.png,43776,13568
patch_9713.png,44032,13568
patch_9714.png,44288,13568
patch_9715.png,44544,13568
patch_9716.png,44800,13568
patch_9717.png,45056,13568
patch_9718.png,45312,13568
patch_9719.png,45568,13568
patch_9720.png,45824,13568
patch_9721.png,0,13824
patch_9722.png,256,13824
patch_9723.png,512,13824
patch_9724.png,768,13824
patch_9725.png,1024,13824
patch_9726.png,1280,13824
patch_9727.png,1536,13824
patch_9728.png,1792,13824
patch_9729.png,2048,13824
patch_9730.png,2304,13824
patch_9731.png,2560,13824
patch_9732.png,2816,13824
patch_9733.png,3072,13824
patch_9734.png,3328,13824
patch_9735.png,3584,13824
patch_9736.png,3840,13824
patch_9737.png,4096,13824
patch_9738.png,4352,13824
patch_9739.png,4608,13824
patch_9740.png,4864,13824
patch_9741.png,5120,13824
patch_9742.png,5376,13824
patch_9743.png,5632,13824
patch_9744.png,5888,13824
patch_9745.png,6144,13824
patch_9746.png,6400,13824
patch_9747.png,6656,13824
patch_9748.png,6912,13824
patch_9749.png,7168,13824
patch_9750.png,7424,13824
patch_9751.png,7680,13824
patch_9752.png,7936,13824
patch_9753.png,8192,13824
patch_9754.png,8448,13824
patch_9755.png,8704,13824
patch_9756.png,8960,13824
patch_9757.png,9216,13824
patch_9758.png,9472,13824
patch_9759.png,9728,13824
patch_9760.png,9984,13824
patch_9761.png,10240,13824
patch_9762.png,10496,13824
patch_9763.png,10752,13824
patch_9764.png,11008,13824
patch_9765.png,11264,13824
patch_9766.png,11520,13824
patch_9767.png,11776,13824
patch_9768.png,12032,13824
patch_9769.png,12288,13824
patch_9770.png,12544,13824
patch_9771.png,12800,13824
patch_9772.png,13056,13824
patch_9773.png,13312,13824
patch_9774.png,13568,13824
patch_9775.png,13824,13824
patch_9776.png,14080,13824
patch_9777.png,14336,13824
patch_9778.png,14592,13824
patch_9779.png,14848,13824
patch_9780.png,15104,13824
patch_9781.png,15360,13824
patch_9782.png,15616,13824
patch_9783.png,15872,13824
patch_9784.png,16128,13824
patch_9785.png,16384,13824
patch_9786.png,16640,13824
patch_9787.png,16896,13824
patch_9788.png,17152,13824
patch_9789.png,17408,13824
patch_9790.png,17664,13824
patch_9791.png,17920,13824
patch_9792.png,18176,13824
patch_9793.png,18432,13824
patch_9794.png,18688,13824
patch_9795.png,18944,13824
patch_9796.png,19200,13824
patch_9797.png,19456,13824
patch_9798.png,19712,13824
patch_9799.png,19968,13824
patch_9800.png,20224,13824
patch_9801.png,20480,13824
patch_9802.png,20736,13824
patch_9803.png,20992,13824
patch_9804.png,21248,13824
patch_9805.png,21504,13824
patch_9806.png,21760,13824
patch_9807.png,22016,13824
patch_9808.png,22272,13824
patch_9809.png,22528,13824
patch_9810.png,22784,13824
patch_9811.png,23040,13824
patch_9812.png,23296,13824
patch_9813.png,23552,13824
patch_9814.png,23808,13824
patch_9815.png,24064,13824
patch_9816.png,24320,13824
patch_9817.png,24576,13824
patch_9818.png,24832,13824
patch_9819.png,25088,13824
patch_9820.png,25344,13824
patch_9821.png,25600,13824
patch_9822.png,25856,13824
patch_9823.png,26112,13824
patch_9824.png,26368,13824
patch_9825.png,26624,13824
patch_9826.png,26880,13824
patch_9827.png,27136,13824
patch_9828.png,27392,13824
patch_9829.png,27648,13824
patch_9830.png,27904,13824
patch_9831.png,28160,13824
patch_9832.png,28416,13824
patch_9833.png,28672,13824
patch_9834.png,28928,13824
patch_9835.png,29184,13824
patch_9836.png,29440,13824
patch_9837.png,29696,13824
patch_9838.png,29952,13824
patch_9839.png,30208,13824
patch_9840.png,30464,13824
patch_9841.png,30720,13824
patch_9842.png,30976,13824
patch_9843.png,31232,13824
patch_9844.png,31488,13824
patch_9845.png,31744,13824
patch_9846.png,32000,13824
patch_9847.png,32256,13824
patch_9848.png,32512,13824
patch_9849.png,32768,13824
patch_9850.png,33024,13824
patch_9851.png,33280,13824
patch_9852.png,33536,13824
patch_9853.png,33792,13824
patch_9854.png,34048,13824
patch_9855.png,34304,13824
patch_9856.png,34560,13824
patch_9857.png,34816,13824
patch_9858.png,35072,13824
patch_9859.png,35328,13824
patch_9860.png,35584,13824
patch_9861.png,35840,13824
patch_9862.png,36096,13824
patch_9863.png,36352,13824
patch_9864.png,36608,13824
patch_9865.png,36864,13824
patch_9866.png,37120,13824
patch_9867.png,37376,13824
patch_9868.png,37632,13824
patch_9869.png,37888,13824
patch_9870.png,38144,13824
patch_9871.png,38400,13824
patch_9872.png,38656,13824
patch_9873.png,38912,13824
patch_9874.png,39168,13824
patch_9875.png,39424,13824
patch_9876.png,39680,13824
patch_9877.png,39936,13824
patch_9878.png,40192,13824
patch_9879.png,40448,13824
patch_9880.png,40704,13824
patch_9881.png,40960,13824
patch_9882.png,41216,13824
patch_9883.png,41472,13824
patch_9884.png,41728,13824
patch_9885.png,41984,13824
patch_9886.png,42240,13824
patch_9887.png,42496,13824
patch_9888.png,42752,13824
patch_9889.png,43008,13824
patch_9890.png,43264,13824
patch_9891.png,43520,13824
patch_9892.png,43776,13824
patch_9893.png,44032,13824
patch_9894.png,44288,13824
patch_9895.png,44544,13824
patch_9896.png,44800,13824
patch_9897.png,45056,13824
patch_9898.png,45312,13824
patch_9899.png,45568,13824
patch_9900.png,45824,13824
patch_9901.png,0,14080
patch_9902.png,256,14080
patch_9903.png,512,14080
patch_9904.png,768,14080
patch_9905.png,1024,14080
patch_9906.png,1280,14080
patch_9907.png,1536,14080
patch_9908.png,1792,14080
patch_9909.png,2048,14080
patch_9910.png,2304,14080
patch_9911.png,2560,14080
patch_9912.png,2816,14080
patch_9913.png,3072,14080
patch_9914.png,3328,14080
patch_9915.png,3584,14080
patch_9916.png,3840,14080
patch_9917.png,4096,14080
patch_9918.png,4352,14080
patch_9919.png,4608,14080
patch_9920.png,4864,14080
patch_9921.png,5120,14080
patch_9922.png,5376,14080
patch_9923.png,5632,14080
patch_9924.png,5888,14080
patch_9925.png,6144,14080
patch_9926.png,6400,14080
patch_9927.png,6656,14080
patch_9928.png,6912,14080
patch_9929.png,7168,14080
patch_9930.png,7424,14080
patch_9931.png,7680,14080
patch_9932.png,7936,14080
patch_9933.png,8192,14080
patch_9934.png,8448,14080
patch_9935.png,8704,14080
patch_9936.png,8960,14080
patch_9937.png,9216,14080
patch_9938.png,9472,14080
patch_9939.png,9728,14080
patch_9940.png,9984,14080
patch_9941.png,10240,14080
patch_9942.png,10496,14080
patch_9943.png,10752,14080
patch_9944.png,11008,14080
patch_9945.png,11264,14080
patch_9946.png,11520,14080
patch_9947.png,11776,14080
patch_9948.png,12032,14080
patch_9949.png,12288,14080
patch_9950.png,12544,14080
patch_9951.png,12800,14080
patch_9952.png,13056,14080
patch_9953.png,13312,14080
patch_9954.png,13568,14080
patch_9955.png,13824,14080
patch_9956.png,14080,14080
patch_9957.png,14336,14080
patch_9958.png,14592,14080
patch_9959.png,14848,14080
patch_9960.png,15104,14080
patch_9961.png,15360,14080
patch_9962.png,15616,14080
patch_9963.png,15872,14080
patch_9964.png,16128,14080
patch_9965.png,16384,14080
patch_9966.png,16640,14080
patch_9967.png,16896,14080
patch_9968.png,17152,14080
patch_9969.png,17408,14080
patch_9970.png,17664,14080
patch_9971.png,17920,14080
patch_9972.png,18176,14080
patch_9973.png,18432,14080
patch_9974.png,18688,14080
patch_9975.png,18944,14080
patch_9976.png,19200,14080
patch_9977.png,19456,14080
patch_9978.png,19712,14080
patch_9979.png,19968,14080
patch_9980.png,20224,14080
patch_9981.png,20480,14080
patch_9982.png,20736,14080
patch_9983.png,20992,14080
patch_9984.png,21248,14080
patch_9985.png,21504,14080
patch_9986.png,21760,14080
patch_9987.png,22016,14080
patch_9988.png,22272,14080
patch_9989.png,22528,14080
patch_9990.png,22784,14080
patch_9991.png,23040,14080
patch_9992.png,23296,14080
patch_9993.png,23552,14080
patch_9994.png,23808,14080
patch_9995.png,24064,14080
patch_9996.png,24320,14080
patch_9997.png,24576,14080
patch_9998.png,24832,14080
patch_9999.png,25088,14080
patch_10000.png,25344,14080
patch_10001.png,25600,14080
patch_10002.png,25856,14080
patch_10003.png,26112,14080
patch_10004.png,26368,14080
patch_10005.png,26624,14080
patch_10006.png,26880,14080
patch_10007.png,27136,14080
patch_10008.png,27392,14080
patch_10009.png,27648,14080
patch_10010.png,27904,14080
patch_10011.png,28160,14080
patch_10012.png,28416,14080
patch_10013.png,28672,14080
patch_10014.png,28928,14080
patch_10015.png,29184,14080
patch_10016.png,29440,14080
patch_10017.png,29696,14080
patch_10018.png,29952,14080
patch_10019.png,30208,14080
patch_10020.png,30464,14080
patch_10021.png,30720,14080
patch_10022.png,30976,14080
patch_10023.png,31232,14080
patch_10024.png,31488,14080
patch_10025.png,31744,14080
patch_10026.png,32000,14080
patch_10027.png,32256,14080
patch_10028.png,32512,14080
patch_10029.png,32768,14080
patch_10030.png,33024,14080
patch_10031.png,33280,14080
patch_10032.png,33536,14080
patch_10033.png,33792,14080
patch_10034.png,34048,14080
patch_10035.png,34304,14080
patch_10036.png,34560,14080
patch_10037.png,34816,14080
patch_10038.png,35072,14080
patch_10039.png,35328,14080
patch_10040.png,35584,14080
patch_10041.png,35840,14080
patch_10042.png,36096,14080
patch_10043.png,36352,14080
patch_10044.png,36608,14080
patch_10045.png,36864,14080
patch_10046.png,37120,14080
patch_10047.png,37376,14080
patch_10048.png,37632,14080
patch_10049.png,37888,14080
patch_10050.png,38144,14080
patch_10051.png,38400,14080
patch_10052.png,38656,14080
patch_10053.png,38912,14080
patch_10054.png,39168,14080
patch_10055.png,39424,14080
patch_10056.png,39680,14080
patch_10057.png,39936,14080
patch_10058.png,40192,14080
patch_10059.png,40448,14080
patch_10060.png,40704,14080
patch_10061.png,40960,14080
patch_10062.png,41216,14080
patch_10063.png,41472,14080
patch_10064.png,41728,14080
patch_10065.png,41984,14080
patch_10066.png,42240,14080
patch_10067.png,42496,14080
patch_10068.png,42752,14080
patch_10069.png,43008,14080
patch_10070.png,43264,14080
patch_10071.png,43520,14080
patch_10072.png,43776,14080
patch_10073.png,44032,14080
patch_10074.png,44288,14080
patch_10075.png,44544,14080
patch_10076.png,44800,14080
patch_10077.png,45056,14080
patch_10078.png,45312,14080
patch_10079.png,45568,14080
patch_10080.png,45824,14080
patch_10081.png,0,14336
patch_10082.png,256,14336
patch_10083.png,512,14336
patch_10084.png,768,14336
patch_10085.png,1024,14336
patch_10086.png,1280,14336
patch_10087.png,1536,14336
patch_10088.png,1792,14336
patch_10089.png,2048,14336
patch_10090.png,2304,14336
patch_10091.png,2560,14336
patch_10092.png,2816,14336
patch_10093.png,3072,14336
patch_10094.png,3328,14336
patch_10095.png,3584,14336
patch_10096.png,3840,14336
patch_10097.png,4096,14336
patch_10098.png,4352,14336
patch_10099.png,4608,14336
patch_10100.png,4864,14336
patch_10101.png,5120,14336
patch_10102.png,5376,14336
patch_10103.png,5632,14336
patch_10104.png,5888,14336
patch_10105.png,6144,14336
patch_10106.png,6400,14336
patch_10107.png,6656,14336
patch_10108.png,6912,14336
patch_10109.png,7168,14336
patch_10110.png,7424,14336
patch_10111.png,7680,14336
patch_10112.png,7936,14336
patch_10113.png,8192,14336
patch_10114.png,8448,14336
patch_10115.png,8704,14336
patch_10116.png,8960,14336
patch_10117.png,9216,14336
patch_10118.png,9472,14336
patch_10119.png,9728,14336
patch_10120.png,9984,14336
patch_10121.png,10240,14336
patch_10122.png,10496,14336
patch_10123.png,10752,14336
patch_10124.png,11008,14336
patch_10125.png,11264,14336
patch_10126.png,11520,14336
patch_10127.png,11776,14336
patch_10128.png,12032,14336
patch_10129.png,12288,14336
patch_10130.png,12544,14336
patch_10131.png,12800,14336
patch_10132.png,13056,14336
patch_10133.png,13312,14336
patch_10134.png,13568,14336
patch_10135.png,13824,14336
patch_10136.png,14080,14336
patch_10137.png,14336,14336
patch_10138.png,14592,14336
patch_10139.png,14848,14336
patch_10140.png,15104,14336
patch_10141.png,15360,14336
patch_10142.png,15616,14336
patch_10143.png,15872,14336
patch_10144.png,16128,14336
patch_10145.png,16384,14336
patch_10146.png,16640,14336
patch_10147.png,16896,14336
patch_10148.png,17152,14336
patch_10149.png,17408,14336
patch_10150.png,17664,14336
patch_10151.png,17920,14336
patch_10152.png,18176,14336
patch_10153.png,18432,14336
patch_10154.png,18688,14336
patch_10155.png,18944,14336
patch_10156.png,19200,14336
patch_10157.png,19456,14336
patch_10158.png,19712,14336
patch_10159.png,19968,14336
patch_10160.png,20224,14336
patch_10161.png,20480,14336
patch_10162.png,20736,14336
patch_10163.png,20992,14336
patch_10164.png,21248,14336
patch_10165.png,21504,14336
patch_10166.png,21760,14336
patch_10167.png,22016,14336
patch_10168.png,22272,14336
patch_10169.png,22528,14336
patch_10170.png,22784,14336
patch_10171.png,23040,14336
patch_10172.png,23296,14336
patch_10173.png,23552,14336
patch_10174.png,23808,14336
patch_10175.png,24064,14336
patch_10176.png,24320,14336
patch_10177.png,24576,14336
patch_10178.png,24832,14336
patch_10179.png,25088,14336
patch_10180.png,25344,14336
patch_10181.png,25600,14336
patch_10182.png,25856,14336
patch_10183.png,26112,14336
patch_10184.png,26368,14336
patch_10185.png,26624,14336
patch_10186.png,26880,14336
patch_10187.png,27136,14336
patch_10188.png,27392,14336
patch_10189.png,27648,14336
patch_10190.png,27904,14336
patch_10191.png,28160,14336
patch_10192.png,28416,14336
patch_10193.png,28672,14336
patch_10194.png,28928,14336
patch_10195.png,29184,14336
patch_10196.png,29440,14336
patch_10197.png,29696,14336
patch_10198.png,29952,14336
patch_10199.png,30208,14336
patch_10200.png,30464,14336
patch_10201.png,30720,14336
patch_10202.png,30976,14336
patch_10203.png,31232,14336
patch_10204.png,31488,14336
patch_10205.png,31744,14336
patch_10206.png,32000,14336
patch_10207.png,32256,14336
patch_10208.png,32512,14336
patch_10209.png,32768,14336
patch_10210.png,33024,14336
patch_10211.png,33280,14336
patch_10212.png,33536,14336
patch_10213.png,33792,14336
patch_10214.png,34048,14336
patch_10215.png,34304,14336
patch_10216.png,34560,14336
patch_10217.png,34816,14336
patch_10218.png,35072,14336
patch_10219.png,35328,14336
patch_10220.png,35584,14336
patch_10221.png,35840,14336
patch_10222.png,36096,14336
patch_10223.png,36352,14336
patch_10224.png,36608,14336
patch_10225.png,36864,14336
patch_10226.png,37120,14336
patch_10227.png,37376,14336
patch_10228.png,37632,14336
patch_10229.png,37888,14336
patch_10230.png,38144,14336
patch_10231.png,38400,14336
patch_10232.png,38656,14336
patch_10233.png,38912,14336
patch_10234.png,39168,14336
patch_10235.png,39424,14336
patch_10236.png,39680,14336
patch_10237.png,39936,14336
patch_10238.png,40192,14336
patch_10239.png,40448,14336
patch_10240.png,40704,14336
patch_10241.png,40960,14336
patch_10242.png,41216,14336
patch_10243.png,41472,14336
patch_10244.png,41728,14336
patch_10245.png,41984,14336
patch_10246.png,42240,14336
patch_10247.png,42496,14336
patch_10248.png,42752,14336
patch_10249.png,43008,14336
patch_10250.png,43264,14336
patch_10251.png,43520,14336
patch_10252.png,43776,14336
patch_10253.png,44032,14336
patch_10254.png,44288,14336
patch_10255.png,44544,14336
patch_10256.png,44800,14336
patch_10257.png,45056,14336
patch_10258.png,45312,14336
patch_10259.png,45568,14336
patch_10260.png,45824,14336
patch_10261.png,0,14592
patch_10262.png,256,14592
patch_10263.png,512,14592
patch_10264.png,768,14592
patch_10265.png,1024,14592
patch_10266.png,1280,14592
patch_10267.png,1536,14592
patch_10268.png,1792,14592
patch_10269.png,2048,14592
patch_10270.png,2304,14592
patch_10271.png,2560,14592
patch_10272.png,2816,14592
patch_10273.png,3072,14592
patch_10274.png,3328,14592
patch_10275.png,3584,14592
patch_10276.png,3840,14592
patch_10277.png,4096,14592
patch_10278.png,4352,14592
patch_10279.png,4608,14592
patch_10280.png,4864,14592
patch_10281.png,5120,14592
patch_10282.png,5376,14592
patch_10283.png,5632,14592
patch_10284.png,5888,14592
patch_10285.png,6144,14592
patch_10286.png,6400,14592
patch_10287.png,6656,14592
patch_10288.png,6912,14592
patch_10289.png,7168,14592
patch_10290.png,7424,14592
patch_10291.png,7680,14592
patch_10292.png,7936,14592
patch_10293.png,8192,14592
patch_10294.png,8448,14592
patch_10295.png,8704,14592
patch_10296.png,8960,14592
patch_10297.png,9216,14592
patch_10298.png,9472,14592
patch_10299.png,9728,14592
patch_10300.png,9984,14592
patch_10301.png,10240,14592
patch_10302.png,10496,14592
patch_10303.png,10752,14592
patch_10304.png,11008,14592
patch_10305.png,11264,14592
patch_10306.png,11520,14592
patch_10307.png,11776,14592
patch_10308.png,12032,14592
patch_10309.png,12288,14592
patch_10310.png,12544,14592
patch_10311.png,12800,14592
patch_10312.png,13056,14592
patch_10313.png,13312,14592
patch_10314.png,13568,14592
patch_10315.png,13824,14592
patch_10316.png,14080,14592
patch_10317.png,14336,14592
patch_10318.png,14592,14592
patch_10319.png,14848,14592
patch_10320.png,15104,14592
patch_10321.png,15360,14592
patch_10322.png,15616,14592
patch_10323.png,15872,14592
patch_10324.png,16128,14592
patch_10325.png,16384,14592
patch_10326.png,16640,14592
patch_10327.png,16896,14592
patch_10328.png,17152,14592
patch_10329.png,17408,14592
patch_10330.png,17664,14592
patch_10331.png,17920,14592
patch_10332.png,18176,14592
patch_10333.png,18432,14592
patch_10334.png,18688,14592
patch_10335.png,18944,14592
patch_10336.png,19200,14592
patch_10337.png,19456,14592
patch_10338.png,19712,14592
patch_10339.png,19968,14592
patch_10340.png,20224,14592
patch_10341.png,20480,14592
patch_10342.png,20736,14592
patch_10343.png,20992,14592
patch_10344.png,21248,14592
patch_10345.png,21504,14592
patch_10346.png,21760,14592
patch_10347.png,22016,14592
patch_10348.png,22272,14592
patch_10349.png,22528,14592
patch_10350.png,22784,14592
patch_10351.png,23040,14592
patch_10352.png,23296,14592
patch_10353.png,23552,14592
patch_10354.png,23808,14592
patch_10355.png,24064,14592
patch_10356.png,24320,14592
patch_10357.png,24576,14592
patch_10358.png,24832,14592
patch_10359.png,25088,14592
patch_10360.png,25344,14592
patch_10361.png,25600,14592
patch_10362.png,25856,14592
patch_10363.png,26112,14592
patch_10364.png,26368,14592
patch_10365.png,26624,14592
patch_10366.png,26880,14592
patch_10367.png,27136,14592
patch_10368.png,27392,14592
patch_10369.png,27648,14592
patch_10370.png,27904,14592
patch_10371.png,28160,14592
patch_10372.png,28416,14592
patch_10373.png,28672,14592
patch_10374.png,28928,14592
patch_10375.png,29184,14592
patch_10376.png,29440,14592
patch_10377.png,29696,14592
patch_10378.png,29952,14592
patch_10379.png,30208,14592
patch_10380.png,30464,14592
patch_10381.png,30720,14592
patch_10382.png,30976,14592
patch_10383.png,31232,14592
patch_10384.png,31488,14592
patch_10385.png,31744,14592
patch_10386.png,32000,14592
patch_10387.png,32256,14592
patch_10388.png,32512,14592
patch_10389.png,32768,14592
patch_10390.png,33024,14592
patch_10391.png,33280,14592
patch_10392.png,33536,14592
patch_10393.png,33792,14592
patch_10394.png,34048,14592
patch_10395.png,34304,14592
patch_10396.png,34560,14592
patch_10397.png,34816,14592
patch_10398.png,35072,14592
patch_10399.png,35328,14592
patch_10400.png,35584,14592
patch_10401.png,35840,14592
patch_10402.png,36096,14592
patch_10403.png,36352,14592
patch_10404.png,36608,14592
patch_10405.png,36864,14592
patch_10406.png,37120,14592
patch_10407.png,37376,14592
patch_10408.png,37632,14592
patch_10409.png,37888,14592
patch_10410.png,38144,14592
patch_10411.png,38400,14592
patch_10412.png,38656,14592
patch_10413.png,38912,14592
patch_10414.png,39168,14592
patch_10415.png,39424,14592
patch_10416.png,39680,14592
patch_10417.png,39936,14592
patch_10418.png,40192,14592
patch_10419.png,40448,14592
patch_10420.png,40704,14592
patch_10421.png,40960,14592
patch_10422.png,41216,14592
patch_10423.png,41472,14592
patch_10424.png,41728,14592
patch_10425.png,41984,14592
patch_10426.png,42240,14592
patch_10427.png,42496,14592
patch_10428.png,42752,14592
patch_10429.png,43008,14592
patch_10430.png,43264,14592
patch_10431.png,43520,14592
patch_10432.png,43776,14592
patch_10433.png,44032,14592
patch_10434.png,44288,14592
patch_10435.png,44544,14592
patch_10436.png,44800,14592
patch_10437.png,45056,14592
patch_10438.png,45312,14592
patch_10439.png,45568,14592
patch_10440.png,45824,14592
patch_10441.png,0,14848
patch_10442.png,256,14848
patch_10443.png,512,14848
patch_10444.png,768,14848
patch_10445.png,1024,14848
patch_10446.png,1280,14848
patch_10447.png,1536,14848
patch_10448.png,1792,14848
patch_10449.png,2048,14848
patch_10450.png,2304,14848
patch_10451.png,2560,14848
patch_10452.png,2816,14848
patch_10453.png,3072,14848
patch_10454.png,3328,14848
patch_10455.png,3584,14848
patch_10456.png,3840,14848
patch_10457.png,4096,14848
patch_10458.png,4352,14848
patch_10459.png,4608,14848
patch_10460.png,4864,14848
patch_10461.png,5120,14848
patch_10462.png,5376,14848
patch_10463.png,5632,14848
patch_10464.png,5888,14848
patch_10465.png,6144,14848
patch_10466.png,6400,14848
patch_10467.png,6656,14848
patch_10468.png,6912,14848
patch_10469.png,7168,14848
patch_10470.png,7424,14848
patch_10471.png,7680,14848
patch_10472.png,7936,14848
patch_10473.png,8192,14848
patch_10474.png,8448,14848
patch_10475.png,8704,14848
patch_10476.png,8960,14848
patch_10477.png,9216,14848
patch_10478.png,9472,14848
patch_10479.png,9728,14848
patch_10480.png,9984,14848
patch_10481.png,10240,14848
patch_10482.png,10496,14848
patch_10483.png,10752,14848
patch_10484.png,11008,14848
patch_10485.png,11264,14848
patch_10486.png,11520,14848
patch_10487.png,11776,14848
patch_10488.png,12032,14848
patch_10489.png,12288,14848
patch_10490.png,12544,14848
patch_10491.png,12800,14848
patch_10492.png,13056,14848
patch_10493.png,13312,14848
patch_10494.png,13568,14848
patch_10495.png,13824,14848
patch_10496.png,14080,14848
patch_10497.png,14336,14848
patch_10498.png,14592,14848
patch_10499.png,14848,14848
patch_10500.png,15104,14848
patch_10501.png,15360,14848
patch_10502.png,15616,14848
patch_10503.png,15872,14848
patch_10504.png,16128,14848
patch_10505.png,16384,14848
patch_10506.png,16640,14848
patch_10507.png,16896,14848
patch_10508.png,17152,14848
patch_10509.png,17408,14848
patch_10510.png,17664,14848
patch_10511.png,17920,14848
patch_10512.png,18176,14848
patch_10513.png,18432,14848
patch_10514.png,18688,14848
patch_10515.png,18944,14848
patch_10516.png,19200,14848
patch_10517.png,19456,14848
patch_10518.png,19712,14848
patch_10519.png,19968,14848
patch_10520.png,20224,14848
patch_10521.png,20480,14848
patch_10522.png,20736,14848
patch_10523.png,20992,14848
patch_10524.png,21248,14848
patch_10525.png,21504,14848
patch_10526.png,21760,14848
patch_10527.png,22016,14848
patch_10528.png,22272,14848
patch_10529.png,22528,14848
patch_10530.png,22784,14848
patch_10531.png,23040,14848
patch_10532.png,23296,14848
patch_10533.png,23552,14848
patch_10534.png,23808,14848
patch_10535.png,24064,14848
patch_10536.png,24320,14848
patch_10537.png,24576,14848
patch_10538.png,24832,14848
patch_10539.png,25088,14848
patch_10540.png,25344,14848
patch_10541.png,25600,14848
patch_10542.png,25856,14848
patch_10543.png,26112,14848
patch_10544.png,26368,14848
patch_10545.png,26624,14848
patch_10546.png,26880,14848
patch_10547.png,27136,14848
patch_10548.png,27392,14848
patch_10549.png,27648,14848
patch_10550.png,27904,14848
patch_10551.png,28160,14848
patch_10552.png,28416,14848
patch_10553.png,28672,14848
patch_10554.png,28928,14848
patch_10555.png,29184,14848
patch_10556.png,29440,14848
patch_10557.png,29696,14848
patch_10558.png,29952,14848
patch_10559.png,30208,14848
patch_10560.png,30464,14848
patch_10561.png,30720,14848
patch_10562.png,30976,14848
patch_10563.png,31232,14848
patch_10564.png,31488,14848
patch_10565.png,31744,14848
patch_10566.png,32000,14848
patch_10567.png,32256,14848
patch_10568.png,32512,14848
patch_10569.png,32768,14848
patch_10570.png,33024,14848
patch_10571.png,33280,14848
patch_10572.png,33536,14848
patch_10573.png,33792,14848
patch_10574.png,34048,14848
patch_10575.png,34304,14848
patch_10576.png,34560,14848
patch_10577.png,34816,14848
patch_10578.png,35072,14848
patch_10579.png,35328,14848
patch_10580.png,35584,14848
patch_10581.png,35840,14848
patch_10582.png,36096,14848
patch_10583.png,36352,14848
patch_10584.png,36608,14848
patch_10585.png,36864,14848
patch_10586.png,37120,14848
patch_10587.png,37376,14848
patch_10588.png,37632,14848
patch_10589.png,37888,14848
patch_10590.png,38144,14848
patch_10591.png,38400,14848
patch_10592.png,38656,14848
patch_10593.png,38912,14848
patch_10594.png,39168,14848
patch_10595.png,39424,14848
patch_10596.png,39680,14848
patch_10597.png,39936,14848
patch_10598.png,40192,14848
patch_10599.png,40448,14848
patch_10600.png,40704,14848
patch_10601.png,40960,14848
patch_10602.png,41216,14848
patch_10603.png,41472,14848
patch_10604.png,41728,14848
patch_10605.png,41984,14848
patch_10606.png,42240,14848
patch_10607.png,42496,14848
patch_10608.png,42752,14848
patch_10609.png,43008,14848
patch_10610.png,43264,14848
patch_10611.png,43520,14848
patch_10612.png,43776,14848
patch_10613.png,44032,14848
patch_10614.png,44288,14848
patch_10615.png,44544,14848
patch_10616.png,44800,14848
patch_10617.png,45056,14848
patch_10618.png,45312,14848
patch_10619.png,45568,14848
patch_10620.png,45824,14848
patch_10621.png,0,15104
patch_10622.png,256,15104
patch_10623.png,512,15104
patch_10624.png,768,15104
patch_10625.png,1024,15104
patch_10626.png,1280,15104
patch_10627.png,1536,15104
patch_10628.png,1792,15104
patch_10629.png,2048,15104
patch_10630.png,2304,15104
patch_10631.png,2560,15104
patch_10632.png,2816,15104
patch_10633.png,3072,15104
patch_10634.png,3328,15104
patch_10635.png,3584,15104
patch_10636.png,3840,15104
patch_10637.png,4096,15104
patch_10638.png,4352,15104
patch_10639.png,4608,15104
patch_10640.png,4864,15104
patch_10641.png,5120,15104
patch_10642.png,5376,15104
patch_10643.png,5632,15104
patch_10644.png,5888,15104
patch_10645.png,6144,15104
patch_10646.png,6400,15104
patch_10647.png,6656,15104
patch_10648.png,6912,15104
patch_10649.png,7168,15104
patch_10650.png,7424,15104
patch_10651.png,7680,15104
patch_10652.png,7936,15104
patch_10653.png,8192,15104
patch_10654.png,8448,15104
patch_10655.png,8704,15104
patch_10656.png,8960,15104
patch_10657.png,9216,15104
patch_10658.png,9472,15104
patch_10659.png,9728,15104
patch_10660.png,9984,15104
patch_10661.png,10240,15104
patch_10662.png,10496,15104
patch_10663.png,10752,15104
patch_10664.png,11008,15104
patch_10665.png,11264,15104
patch_10666.png,11520,15104
patch_10667.png,11776,15104
patch_10668.png,12032,15104
patch_10669.png,12288,15104
patch_10670.png,12544,15104
patch_10671.png,12800,15104
patch_10672.png,13056,15104
patch_10673.png,13312,15104
patch_10674.png,13568,15104
patch_10675.png,13824,15104
patch_10676.png,14080,15104
patch_10677.png,14336,15104
patch_10678.png,14592,15104
patch_10679.png,14848,15104
patch_10680.png,15104,15104
patch_10681.png,15360,15104
patch_10682.png,15616,15104
patch_10683.png,15872,15104
patch_10684.png,16128,15104
patch_10685.png,16384,15104
patch_10686.png,16640,15104
patch_10687.png,16896,15104
patch_10688.png,17152,15104
patch_10689.png,17408,15104
patch_10690.png,17664,15104
patch_10691.png,17920,15104
patch_10692.png,18176,15104
patch_10693.png,18432,15104
patch_10694.png,18688,15104
patch_10695.png,18944,15104
patch_10696.png,19200,15104
patch_10697.png,19456,15104
patch_10698.png,19712,15104
patch_10699.png,19968,15104
patch_10700.png,20224,15104
patch_10701.png,20480,15104
patch_10702.png,20736,15104
patch_10703.png,20992,15104
patch_10704.png,21248,15104
patch_10705.png,21504,15104
patch_10706.png,21760,15104
patch_10707.png,22016,15104
patch_10708.png,22272,15104
patch_10709.png,22528,15104
patch_10710.png,22784,15104
patch_10711.png,23040,15104
patch_10712.png,23296,15104
patch_10713.png,23552,15104
patch_10714.png,23808,15104
patch_10715.png,24064,15104
patch_10716.png,24320,15104
patch_10717.png,24576,15104
patch_10718.png,24832,15104
patch_10719.png,25088,15104
patch_10720.png,25344,15104
patch_10721.png,25600,15104
patch_10722.png,25856,15104
patch_10723.png,26112,15104
patch_10724.png,26368,15104
patch_10725.png,26624,15104
patch_10726.png,26880,15104
patch_10727.png,27136,15104
patch_10728.png,27392,15104
patch_10729.png,27648,15104
patch_10730.png,27904,15104
patch_10731.png,28160,15104
patch_10732.png,28416,15104
patch_10733.png,28672,15104
patch_10734.png,28928,15104
patch_10735.png,29184,15104
patch_10736.png,29440,15104
patch_10737.png,29696,15104
patch_10738.png,29952,15104
patch_10739.png,30208,15104
patch_10740.png,30464,15104
patch_10741.png,30720,15104
patch_10742.png,30976,15104
patch_10743.png,31232,15104
patch_10744.png,31488,15104
patch_10745.png,31744,15104
patch_10746.png,32000,15104
patch_10747.png,32256,15104
patch_10748.png,32512,15104
patch_10749.png,32768,15104
patch_10750.png,33024,15104
patch_10751.png,33280,15104
patch_10752.png,33536,15104
patch_10753.png,33792,15104
patch_10754.png,34048,15104
patch_10755.png,34304,15104
patch_10756.png,34560,15104
patch_10757.png,34816,15104
patch_10758.png,35072,15104
patch_10759.png,35328,15104
patch_10760.png,35584,15104
patch_10761.png,35840,15104
patch_10762.png,36096,15104
patch_10763.png,36352,15104
patch_10764.png,36608,15104
patch_10765.png,36864,15104
patch_10766.png,37120,15104
patch_10767.png,37376,15104
patch_10768.png,37632,15104
patch_10769.png,37888,15104
patch_10770.png,38144,15104
patch_10771.png,38400,15104
patch_10772.png,38656,15104
patch_10773.png,38912,15104
patch_10774.png,39168,15104
patch_10775.png,39424,15104
patch_10776.png,39680,15104
patch_10777.png,39936,15104
patch_10778.png,40192,15104
patch_10779.png,40448,15104
patch_10780.png,40704,15104
patch_10781.png,40960,15104
patch_10782.png,41216,15104
patch_10783.png,41472,15104
patch_10784.png,41728,15104
patch_10785.png,41984,15104
patch_10786.png,42240,15104
patch_10787.png,42496,15104
patch_10788.png,42752,15104
patch_10789.png,43008,15104
patch_10790.png,43264,15104
patch_10791.png,43520,15104
patch_10792.png,43776,15104
patch_10793.png,44032,15104
patch_10794.png,44288,15104
patch_10795.png,44544,15104
patch_10796.png,44800,15104
patch_10797.png,45056,15104
patch_10798.png,45312,15104
patch_10799.png,45568,15104
patch_10800.png,45824,15104
patch_10801.png,0,15360
patch_10802.png,256,15360
patch_10803.png,512,15360
patch_10804.png,768,15360
patch_10805.png,1024,15360
patch_10806.png,1280,15360
patch_10807.png,1536,15360
patch_10808.png,1792,15360
patch_10809.png,2048,15360
patch_10810.png,2304,15360
patch_10811.png,2560,15360
patch_10812.png,2816,15360
patch_10813.png,3072,15360
patch_10814.png,3328,15360
patch_10815.png,3584,15360
patch_10816.png,3840,15360
patch_10817.png,4096,15360
patch_10818.png,4352,15360
patch_10819.png,4608,15360
patch_10820.png,4864,15360
patch_10821.png,5120,15360
patch_10822.png,5376,15360
patch_10823.png,5632,15360
patch_10824.png,5888,15360
patch_10825.png,6144,15360
patch_10826.png,6400,15360
patch_10827.png,6656,15360
patch_10828.png,6912,15360
patch_10829.png,7168,15360
patch_10830.png,7424,15360
patch_10831.png,7680,15360
patch_10832.png,7936,15360
patch_10833.png,8192,15360
patch_10834.png,8448,15360
patch_10835.png,8704,15360
patch_10836.png,8960,15360
patch_10837.png,9216,15360
patch_10838.png,9472,15360
patch_10839.png,9728,15360
patch_10840.png,9984,15360
patch_10841.png,10240,15360
patch_10842.png,10496,15360
patch_10843.png,10752,15360
patch_10844.png,11008,15360
patch_10845.png,11264,15360
patch_10846.png,11520,15360
patch_10847.png,11776,15360
patch_10848.png,12032,15360
patch_10849.png,12288,15360
patch_10850.png,12544,15360
patch_10851.png,12800,15360
patch_10852.png,13056,15360
patch_10853.png,13312,15360
patch_10854.png,13568,15360
patch_10855.png,13824,15360
patch_10856.png,14080,15360
patch_10857.png,14336,15360
patch_10858.png,14592,15360
patch_10859.png,14848,15360
patch_10860.png,15104,15360
patch_10861.png,15360,15360
patch_10862.png,15616,15360
patch_10863.png,15872,15360
patch_10864.png,16128,15360
patch_10865.png,16384,15360
patch_10866.png,16640,15360
patch_10867.png,16896,15360
patch_10868.png,17152,15360
patch_10869.png,17408,15360
patch_10870.png,17664,15360
patch_10871.png,17920,15360
patch_10872.png,18176,15360
patch_10873.png,18432,15360
patch_10874.png,18688,15360
patch_10875.png,18944,15360
patch_10876.png,19200,15360
patch_10877.png,19456,15360
patch_10878.png,19712,15360
patch_10879.png,19968,15360
patch_10880.png,20224,15360
patch_10881.png,20480,15360
patch_10882.png,20736,15360
patch_10883.png,20992,15360
patch_10884.png,21248,15360
patch_10885.png,21504,15360
patch_10886.png,21760,15360
patch_10887.png,22016,15360
patch_10888.png,22272,15360
patch_10889.png,22528,15360
patch_10890.png,22784,15360
patch_10891.png,23040,15360
patch_10892.png,23296,15360
patch_10893.png,23552,15360
patch_10894.png,23808,15360
patch_10895.png,24064,15360
patch_10896.png,24320,15360
patch_10897.png,24576,15360
patch_10898.png,24832,15360
patch_10899.png,25088,15360
patch_10900.png,25344,15360
patch_10901.png,25600,15360
patch_10902.png,25856,15360
patch_10903.png,26112,15360
patch_10904.png,26368,15360
patch_10905.png,26624,15360
patch_10906.png,26880,15360
patch_10907.png,27136,15360
patch_10908.png,27392,15360
patch_10909.png,27648,15360
patch_10910.png,27904,15360
patch_10911.png,28160,15360
patch_10912.png,28416,15360
patch_10913.png,28672,15360
patch_10914.png,28928,15360
patch_10915.png,29184,15360
patch_10916.png,29440,15360
patch_10917.png,29696,15360
patch_10918.png,29952,15360
patch_10919.png,30208,15360
patch_10920.png,30464,15360
patch_10921.png,30720,15360
patch_10922.png,30976,15360
patch_10923.png,31232,15360
patch_10924.png,31488,15360
patch_10925.png,31744,15360
patch_10926.png,32000,15360
patch_10927.png,32256,15360
patch_10928.png,32512,15360
patch_10929.png,32768,15360
patch_10930.png,33024,15360
patch_10931.png,33280,15360
patch_10932.png,33536,15360
patch_10933.png,33792,15360
patch_10934.png,34048,15360
patch_10935.png,34304,15360
patch_10936.png,34560,15360
patch_10937.png,34816,15360
patch_10938.png,35072,15360
patch_10939.png,35328,15360
patch_10940.png,35584,15360
patch_10941.png,35840,15360
patch_10942.png,36096,15360
patch_10943.png,36352,15360
patch_10944.png,36608,15360
patch_10945.png,36864,15360
patch_10946.png,37120,15360
patch_10947.png,37376,15360
patch_10948.png,37632,15360
patch_10949.png,37888,15360
patch_10950.png,38144,15360
patch_10951.png,38400,15360
patch_10952.png,38656,15360
patch_10953.png,38912,15360
patch_10954.png,39168,15360
patch_10955.png,39424,15360
patch_10956.png,39680,15360
patch_10957.png,39936,15360
patch_10958.png,40192,15360
patch_10959.png,40448,15360
patch_10960.png,40704,15360
patch_10961.png,40960,15360
patch_10962.png,41216,15360
patch_10963.png,41472,15360
patch_10964.png,41728,15360
patch_10965.png,41984,15360
patch_10966.png,42240,15360
patch_10967.png,42496,15360
patch_10968.png,42752,15360
patch_10969.png,43008,15360
patch_10970.png,43264,15360
patch_10971.png,43520,15360
patch_10972.png,43776,15360
patch_10973.png,44032,15360
patch_10974.png,44288,15360
patch_10975.png,44544,15360
patch_10976.png,44800,15360
patch_10977.png,45056,15360
patch_10978.png,45312,15360
patch_10979.png,45568,15360
patch_10980.png,45824,15360
patch_10981.png,0,15616
patch_10982.png,256,15616
patch_10983.png,512,15616
patch_10984.png,768,15616
patch_10985.png,1024,15616
patch_10986.png,1280,15616
patch_10987.png,1536,15616
patch_10988.png,1792,15616
patch_10989.png,2048,15616
patch_10990.png,2304,15616
patch_10991.png,2560,15616
patch_10992.png,2816,15616
patch_10993.png,3072,15616
patch_10994.png,3328,15616
patch_10995.png,3584,15616
patch_10996.png,3840,15616
patch_10997.png,4096,15616
patch_10998.png,4352,15616
patch_10999.png,4608,15616
patch_11000.png,4864,15616
patch_11001.png,5120,15616
patch_11002.png,5376,15616
patch_11003.png,5632,15616
patch_11004.png,5888,15616
patch_11005.png,6144,15616
patch_11006.png,6400,15616
patch_11007.png,6656,15616
patch_11008.png,6912,15616
patch_11009.png,7168,15616
patch_11010.png,7424,15616
patch_11011.png,7680,15616
patch_11012.png,7936,15616
patch_11013.png,8192,15616
patch_11014.png,8448,15616
patch_11015.png,8704,15616
patch_11016.png,8960,15616
patch_11017.png,9216,15616
patch_11018.png,9472,15616
patch_11019.png,9728,15616
patch_11020.png,9984,15616
patch_11021.png,10240,15616
patch_11022.png,10496,15616
patch_11023.png,10752,15616
patch_11024.png,11008,15616
patch_11025.png,11264,15616
patch_11026.png,11520,15616
patch_11027.png,11776,15616
patch_11028.png,12032,15616
patch_11029.png,12288,15616
patch_11030.png,12544,15616
patch_11031.png,12800,15616
patch_11032.png,13056,15616
patch_11033.png,13312,15616
patch_11034.png,13568,15616
patch_11035.png,13824,15616
patch_11036.png,14080,15616
patch_11037.png,14336,15616
patch_11038.png,14592,15616
patch_11039.png,14848,15616
patch_11040.png,15104,15616
patch_11041.png,15360,15616
patch_11042.png,15616,15616
patch_11043.png,15872,15616
patch_11044.png,16128,15616
patch_11045.png,16384,15616
patch_11046.png,16640,15616
patch_11047.png,16896,15616
patch_11048.png,17152,15616
patch_11049.png,17408,15616
patch_11050.png,17664,15616
patch_11051.png,17920,15616
patch_11052.png,18176,15616
patch_11053.png,18432,15616
patch_11054.png,18688,15616
patch_11055.png,18944,15616
patch_11056.png,19200,15616
patch_11057.png,19456,15616
patch_11058.png,19712,15616
patch_11059.png,19968,15616
patch_11060.png,20224,15616
patch_11061.png,20480,15616
patch_11062.png,20736,15616
patch_11063.png,20992,15616
patch_11064.png,21248,15616
patch_11065.png,21504,15616
patch_11066.png,21760,15616
patch_11067.png,22016,15616
patch_11068.png,22272,15616
patch_11069.png,22528,15616
patch_11070.png,22784,15616
patch_11071.png,23040,15616
patch_11072.png,23296,15616
patch_11073.png,23552,15616
patch_11074.png,23808,15616
patch_11075.png,24064,15616
patch_11076.png,24320,15616
patch_11077.png,24576,15616
patch_11078.png,24832,15616
patch_11079.png,25088,15616
patch_11080.png,25344,15616
patch_11081.png,25600,15616
patch_11082.png,25856,15616
patch_11083.png,26112,15616
patch_11084.png,26368,15616
patch_11085.png,26624,15616
patch_11086.png,26880,15616
patch_11087.png,27136,15616
patch_11088.png,27392,15616
patch_11089.png,27648,15616
patch_11090.png,27904,15616
patch_11091.png,28160,15616
patch_11092.png,28416,15616
patch_11093.png,28672,15616
patch_11094.png,28928,15616
patch_11095.png,29184,15616
patch_11096.png,29440,15616
patch_11097.png,29696,15616
patch_11098.png,29952,15616
patch_11099.png,30208,15616
patch_11100.png,30464,15616
patch_11101.png,30720,15616
patch_11102.png,30976,15616
patch_11103.png,31232,15616
patch_11104.png,31488,15616
patch_11105.png,31744,15616
patch_11106.png,32000,15616
patch_11107.png,32256,15616
patch_11108.png,32512,15616
patch_11109.png,32768,15616
patch_11110.png,33024,15616
patch_11111.png,33280,15616
patch_11112.png,33536,15616
patch_11113.png,33792,15616
patch_11114.png,34048,15616
patch_11115.png,34304,15616
patch_11116.png,34560,15616
patch_11117.png,34816,15616
patch_11118.png,35072,15616
patch_11119.png,35328,15616
patch_11120.png,35584,15616
patch_11121.png,35840,15616
patch_11122.png,36096,15616
patch_11123.png,36352,15616
patch_11124.png,36608,15616
patch_11125.png,36864,15616
patch_11126.png,37120,15616
patch_11127.png,37376,15616
patch_11128.png,37632,15616
patch_11129.png,37888,15616
patch_11130.png,38144,15616
patch_11131.png,38400,15616
patch_11132.png,38656,15616
patch_11133.png,38912,15616
patch_11134.png,39168,15616
patch_11135.png,39424,15616
patch_11136.png,39680,15616
patch_11137.png,39936,15616
patch_11138.png,40192,15616
patch_11139.png,40448,15616
patch_11140.png,40704,15616
patch_11141.png,40960,15616
patch_11142.png,41216,15616
patch_11143.png,41472,15616
patch_11144.png,41728,15616
patch_11145.png,41984,15616
patch_11146.png,42240,15616
patch_11147.png,42496,15616
patch_11148.png,42752,15616
patch_11149.png,43008,15616
patch_11150.png,43264,15616
patch_11151.png,43520,15616
patch_11152.png,43776,15616
patch_11153.png,44032,15616
patch_11154.png,44288,15616
patch_11155.png,44544,15616
patch_11156.png,44800,15616
patch_11157.png,45056,15616
patch_11158.png,45312,15616
patch_11159.png,45568,15616
patch_11160.png,45824,15616
patch_11161.png,0,15872
patch_11162.png,256,15872
patch_11163.png,512,15872
patch_11164.png,768,15872
patch_11165.png,1024,15872
patch_11166.png,1280,15872
patch_11167.png,1536,15872
patch_11168.png,1792,15872
patch_11169.png,2048,15872
patch_11170.png,2304,15872
patch_11171.png,2560,15872
patch_11172.png,2816,15872
patch_11173.png,3072,15872
patch_11174.png,3328,15872
patch_11175.png,3584,15872
patch_11176.png,3840,15872
patch_11177.png,4096,15872
patch_11178.png,4352,15872
patch_11179.png,4608,15872
patch_11180.png,4864,15872
patch_11181.png,5120,15872
patch_11182.png,5376,15872
patch_11183.png,5632,15872
patch_11184.png,5888,15872
patch_11185.png,6144,15872
patch_11186.png,6400,15872
patch_11187.png,6656,15872
patch_11188.png,6912,15872
patch_11189.png,7168,15872
patch_11190.png,7424,15872
patch_11191.png,7680,15872
patch_11192.png,7936,15872
patch_11193.png,8192,15872
patch_11194.png,8448,15872
patch_11195.png,8704,15872
patch_11196.png,8960,15872
patch_11197.png,9216,15872
patch_11198.png,9472,15872
patch_11199.png,9728,15872
patch_11200.png,9984,15872
patch_11201.png,10240,15872
patch_11202.png,10496,15872
patch_11203.png,10752,15872
patch_11204.png,11008,15872
patch_11205.png,11264,15872
patch_11206.png,11520,15872
patch_11207.png,11776,15872
patch_11208.png,12032,15872
patch_11209.png,12288,15872
patch_11210.png,12544,15872
patch_11211.png,12800,15872
patch_11212.png,13056,15872
patch_11213.png,13312,15872
patch_11214.png,13568,15872
patch_11215.png,13824,15872
patch_11216.png,14080,15872
patch_11217.png,14336,15872
patch_11218.png,14592,15872
patch_11219.png,14848,15872
patch_11220.png,15104,15872
patch_11221.png,15360,15872
patch_11222.png,15616,15872
patch_11223.png,15872,15872
patch_11224.png,16128,15872
patch_11225.png,16384,15872
patch_11226.png,16640,15872
patch_11227.png,16896,15872
patch_11228.png,17152,15872
patch_11229.png,17408,15872
patch_11230.png,17664,15872
patch_11231.png,17920,15872
patch_11232.png,18176,15872
patch_11233.png,18432,15872
patch_11234.png,18688,15872
patch_11235.png,18944,15872
patch_11236.png,19200,15872
patch_11237.png,19456,15872
patch_11238.png,19712,15872
patch_11239.png,19968,15872
patch_11240.png,20224,15872
patch_11241.png,20480,15872
patch_11242.png,20736,15872
patch_11243.png,20992,15872
patch_11244.png,21248,15872
patch_11245.png,21504,15872
patch_11246.png,21760,15872
patch_11247.png,22016,15872
patch_11248.png,22272,15872
patch_11249.png,22528,15872
patch_11250.png,22784,15872
patch_11251.png,23040,15872
patch_11252.png,23296,15872
patch_11253.png,23552,15872
patch_11254.png,23808,15872
patch_11255.png,24064,15872
patch_11256.png,24320,15872
patch_11257.png,24576,15872
patch_11258.png,24832,15872
patch_11259.png,25088,15872
patch_11260.png,25344,15872
patch_11261.png,25600,15872
patch_11262.png,25856,15872
patch_11263.png,26112,15872
patch_11264.png,26368,15872
patch_11265.png,26624,15872
patch_11266.png,26880,15872
patch_11267.png,27136,15872
patch_11268.png,27392,15872
patch_11269.png,27648,15872
patch_11270.png,27904,15872
patch_11271.png,28160,15872
patch_11272.png,28416,15872
patch_11273.png,28672,15872
patch_11274.png,28928,15872
patch_11275.png,29184,15872
patch_11276.png,29440,15872
patch_11277.png,29696,15872
patch_11278.png,29952,15872
patch_11279.png,30208,15872
patch_11280.png,30464,15872
patch_11281.png,30720,15872
patch_11282.png,30976,15872
patch_11283.png,31232,15872
patch_11284.png,31488,15872
patch_11285.png,31744,15872
patch_11286.png,32000,15872
patch_11287.png,32256,15872
patch_11288.png,32512,15872
patch_11289.png,32768,15872
patch_11290.png,33024,15872
patch_11291.png,33280,15872
patch_11292.png,33536,15872
patch_11293.png,33792,15872
patch_11294.png,34048,15872
patch_11295.png,34304,15872
patch_11296.png,34560,15872
patch_11297.png,34816,15872
patch_11298.png,35072,15872
patch_11299.png,35328,15872
patch_11300.png,35584,15872
patch_11301.png,35840,15872
patch_11302.png,36096,15872
patch_11303.png,36352,15872
patch_11304.png,36608,15872
patch_11305.png,36864,15872
patch_11306.png,37120,15872
patch_11307.png,37376,15872
patch_11308.png,37632,15872
patch_11309.png,37888,15872
patch_11310.png,38144,15872
patch_11311.png,38400,15872
patch_11312.png,38656,15872
patch_11313.png,38912,15872
patch_11314.png,39168,15872
patch_11315.png,39424,15872
patch_11316.png,39680,15872
patch_11317.png,39936,15872
patch_11318.png,40192,15872
patch_11319.png,40448,15872
patch_11320.png,40704,15872
patch_11321.png,40960,15872
patch_11322.png,41216,15872
patch_11323.png,41472,15872
patch_11324.png,41728,15872
patch_11325.png,41984,15872
patch_11326.png,42240,15872
patch_11327.png,42496,15872
patch_11328.png,42752,15872
patch_11329.png,43008,15872
patch_11330.png,43264,15872
patch_11331.png,43520,15872
patch_11332.png,43776,15872
patch_11333.png,44032,15872
patch_11334.png,44288,15872
patch_11335.png,44544,15872
patch_11336.png,44800,15872
patch_11337.png,45056,15872
patch_11338.png,45312,15872
patch_11339.png,45568,15872
patch_11340.png,45824,15872
patch_11341.png,0,16128
patch_11342.png,256,16128
patch_11343.png,512,16128
patch_11344.png,768,16128
patch_11345.png,1024,16128
patch_11346.png,1280,16128
patch_11347.png,1536,16128
patch_11348.png,1792,16128
patch_11349.png,2048,16128
patch_11350.png,2304,16128
patch_11351.png,2560,16128
patch_11352.png,2816,16128
patch_11353.png,3072,16128
patch_11354.png,3328,16128
patch_11355.png,3584,16128
patch_11356.png,3840,16128
patch_11357.png,4096,16128
patch_11358.png,4352,16128
patch_11359.png,4608,16128
patch_11360.png,4864,16128
patch_11361.png,5120,16128
patch_11362.png,5376,16128
patch_11363.png,5632,16128
patch_11364.png,5888,16128
patch_11365.png,6144,16128
patch_11366.png,6400,16128
patch_11367.png,6656,16128
patch_11368.png,6912,16128
patch_11369.png,7168,16128
patch_11370.png,7424,16128
patch_11371.png,7680,16128
patch_11372.png,7936,16128
patch_11373.png,8192,16128
patch_11374.png,8448,16128
patch_11375.png,8704,16128
patch_11376.png,8960,16128
patch_11377.png,9216,16128
patch_11378.png,9472,16128
patch_11379.png,9728,16128
patch_11380.png,9984,16128
patch_11381.png,10240,16128
patch_11382.png,10496,16128
patch_11383.png,10752,16128
patch_11384.png,11008,16128
patch_11385.png,11264,16128
patch_11386.png,11520,16128
patch_11387.png,11776,16128
patch_11388.png,12032,16128
patch_11389.png,12288,16128
patch_11390.png,12544,16128
patch_11391.png,12800,16128
patch_11392.png,13056,16128
patch_11393.png,13312,16128
patch_11394.png,13568,16128
patch_11395.png,13824,16128
patch_11396.png,14080,16128
patch_11397.png,14336,16128
patch_11398.png,14592,16128
patch_11399.png,14848,16128
patch_11400.png,15104,16128
patch_11401.png,15360,16128
patch_11402.png,15616,16128
patch_11403.png,15872,16128
patch_11404.png,16128,16128
patch_11405.png,16384,16128
patch_11406.png,16640,16128
patch_11407.png,16896,16128
patch_11408.png,17152,16128
patch_11409.png,17408,16128
patch_11410.png,17664,16128
patch_11411.png,17920,16128
patch_11412.png,18176,16128
patch_11413.png,18432,16128
patch_11414.png,18688,16128
patch_11415.png,18944,16128
patch_11416.png,19200,16128
patch_11417.png,19456,16128
patch_11418.png,19712,16128
patch_11419.png,19968,16128
patch_11420.png,20224,16128
patch_11421.png,20480,16128
patch_11422.png,20736,16128
patch_11423.png,20992,16128
patch_11424.png,21248,16128
patch_11425.png,21504,16128
patch_11426.png,21760,16128
patch_11427.png,22016,16128
patch_11428.png,22272,16128
patch_11429.png,22528,16128
patch_11430.png,22784,16128
patch_11431.png,23040,16128
patch_11432.png,23296,16128
patch_11433.png,23552,16128
patch_11434.png,23808,16128
patch_11435.png,24064,16128
patch_11436.png,24320,16128
patch_11437.png,24576,16128
patch_11438.png,24832,16128
patch_11439.png,25088,16128
patch_11440.png,25344,16128
patch_11441.png,25600,16128
patch_11442.png,25856,16128
patch_11443.png,26112,16128
patch_11444.png,26368,16128
patch_11445.png,26624,16128
patch_11446.png,26880,16128
patch_11447.png,27136,16128
patch_11448.png,27392,16128
patch_11449.png,27648,16128
patch_11450.png,27904,16128
patch_11451.png,28160,16128
patch_11452.png,28416,16128
patch_11453.png,28672,16128
patch_11454.png,28928,16128
patch_11455.png,29184,16128
patch_11456.png,29440,16128
patch_11457.png,29696,16128
patch_11458.png,29952,16128
patch_11459.png,30208,16128
patch_11460.png,30464,16128
patch_11461.png,30720,16128
patch_11462.png,30976,16128
patch_11463.png,31232,16128
patch_11464.png,31488,16128
patch_11465.png,31744,16128
patch_11466.png,32000,16128
patch_11467.png,32256,16128
patch_11468.png,32512,16128
patch_11469.png,32768,16128
patch_11470.png,33024,16128
patch_11471.png,33280,16128
patch_11472.png,33536,16128
patch_11473.png,33792,16128
patch_11474.png,34048,16128
patch_11475.png,34304,16128
patch_11476.png,34560,16128
patch_11477.png,34816,16128
patch_11478.png,35072,16128
patch_11479.png,35328,16128
patch_11480.png,35584,16128
patch_11481.png,35840,16128
patch_11482.png,36096,16128
patch_11483.png,36352,16128
patch_11484.png,36608,16128
patch_11485.png,36864,16128
patch_11486.png,37120,16128
patch_11487.png,37376,16128
patch_11488.png,37632,16128
patch_11489.png,37888,16128
patch_11490.png,38144,16128
patch_11491.png,38400,16128
patch_11492.png,38656,16128
patch_11493.png,38912,16128
patch_11494.png,39168,16128
patch_11495.png,39424,16128
patch_11496.png,39680,16128
patch_11497.png,39936,16128
patch_11498.png,40192,16128
patch_11499.png,40448,16128
patch_11500.png,40704,16128
patch_11501.png,40960,16128
patch_11502.png,41216,16128
patch_11503.png,41472,16128
patch_11504.png,41728,16128
patch_11505.png,41984,16128
patch_11506.png,42240,16128
patch_11507.png,42496,16128
patch_11508.png,42752,16128
patch_11509.png,43008,16128
patch_11510.png,43264,16128
patch_11511.png,43520,16128
patch_11512.png,43776,16128
patch_11513.png,44032,16128
patch_11514.png,44288,16128
patch_11515.png,44544,16128
patch_11516.png,44800,16128
patch_11517.png,45056,16128
patch_11518.png,45312,16128
patch_11519.png,45568,16128
patch_11520.png,45824,16128
patch_11521.png,0,16384
patch_11522.png,256,16384
patch_11523.png,512,16384
patch_11524.png,768,16384
patch_11525.png,1024,16384
patch_11526.png,1280,16384
patch_11527.png,1536,16384
patch_11528.png,1792,16384
patch_11529.png,2048,16384
patch_11530.png,2304,16384
patch_11531.png,2560,16384
patch_11532.png,2816,16384
patch_11533.png,3072,16384
patch_11534.png,3328,16384
patch_11535.png,3584,16384
patch_11536.png,3840,16384
patch_11537.png,4096,16384
patch_11538.png,4352,16384
patch_11539.png,4608,16384
patch_11540.png,4864,16384
patch_11541.png,5120,16384
patch_11542.png,5376,16384
patch_11543.png,5632,16384
patch_11544.png,5888,16384
patch_11545.png,6144,16384
patch_11546.png,6400,16384
patch_11547.png,6656,16384
patch_11548.png,6912,16384
patch_11549.png,7168,16384
patch_11550.png,7424,16384
patch_11551.png,7680,16384
patch_11552.png,7936,16384
patch_11553.png,8192,16384
patch_11554.png,8448,16384
patch_11555.png,8704,16384
patch_11556.png,8960,16384
patch_11557.png,9216,16384
patch_11558.png,9472,16384
patch_11559.png,9728,16384
patch_11560.png,9984,16384
patch_11561.png,10240,16384
patch_11562.png,10496,16384
patch_11563.png,10752,16384
patch_11564.png,11008,16384
patch_11565.png,11264,16384
patch_11566.png,11520,16384
patch_11567.png,11776,16384
patch_11568.png,12032,16384
patch_11569.png,12288,16384
patch_11570.png,12544,16384
patch_11571.png,12800,16384
patch_11572.png,13056,16384
patch_11573.png,13312,16384
patch_11574.png,13568,16384
patch_11575.png,13824,16384
patch_11576.png,14080,16384
patch_11577.png,14336,16384
patch_11578.png,14592,16384
patch_11579.png,14848,16384
patch_11580.png,15104,16384
patch_11581.png,15360,16384
patch_11582.png,15616,16384
patch_11583.png,15872,16384
patch_11584.png,16128,16384
patch_11585.png,16384,16384
patch_11586.png,16640,16384
patch_11587.png,16896,16384
patch_11588.png,17152,16384
patch_11589.png,17408,16384
patch_11590.png,17664,16384
patch_11591.png,17920,16384
patch_11592.png,18176,16384
patch_11593.png,18432,16384
patch_11594.png,18688,16384
patch_11595.png,18944,16384
patch_11596.png,19200,16384
patch_11597.png,19456,16384
patch_11598.png,19712,16384
patch_11599.png,19968,16384
patch_11600.png,20224,16384
patch_11601.png,20480,16384
patch_11602.png,20736,16384
patch_11603.png,20992,16384
patch_11604.png,21248,16384
patch_11605.png,21504,16384
patch_11606.png,21760,16384
patch_11607.png,22016,16384
patch_11608.png,22272,16384
patch_11609.png,22528,16384
patch_11610.png,22784,16384
patch_11611.png,23040,16384
patch_11612.png,23296,16384
patch_11613.png,23552,16384
patch_11614.png,23808,16384
patch_11615.png,24064,16384
patch_11616.png,24320,16384
patch_11617.png,24576,16384
patch_11618.png,24832,16384
patch_11619.png,25088,16384
patch_11620.png,25344,16384
patch_11621.png,25600,16384
patch_11622.png,25856,16384
patch_11623.png,26112,16384
patch_11624.png,26368,16384
patch_11625.png,26624,16384
patch_11626.png,26880,16384
patch_11627.png,27136,16384
patch_11628.png,27392,16384
patch_11629.png,27648,16384
patch_11630.png,27904,16384
patch_11631.png,28160,16384
patch_11632.png,28416,16384
patch_11633.png,28672,16384
patch_11634.png,28928,16384
patch_11635.png,29184,16384
patch_11636.png,29440,16384
patch_11637.png,29696,16384
patch_11638.png,29952,16384
patch_11639.png,30208,16384
patch_11640.png,30464,16384
patch_11641.png,30720,16384
patch_11642.png,30976,16384
patch_11643.png,31232,16384
patch_11644.png,31488,16384
patch_11645.png,31744,16384
patch_11646.png,32000,16384
patch_11647.png,32256,16384
patch_11648.png,32512,16384
patch_11649.png,32768,16384
patch_11650.png,33024,16384
patch_11651.png,33280,16384
patch_11652.png,33536,16384
patch_11653.png,33792,16384
patch_11654.png,34048,16384
patch_11655.png,34304,16384
patch_11656.png,34560,16384
patch_11657.png,34816,16384
patch_11658.png,35072,16384
patch_11659.png,35328,16384
patch_11660.png,35584,16384
patch_11661.png,35840,16384
patch_11662.png,36096,16384
patch_11663.png,36352,16384
patch_11664.png,36608,16384
patch_11665.png,36864,16384
patch_11666.png,37120,16384
patch_11667.png,37376,16384
patch_11668.png,37632,16384
patch_11669.png,37888,16384
patch_11670.png,38144,16384
patch_11671.png,38400,16384
patch_11672.png,38656,16384
patch_11673.png,38912,16384
patch_11674.png,39168,16384
patch_11675.png,39424,16384
patch_11676.png,39680,16384
patch_11677.png,39936,16384
patch_11678.png,40192,16384
patch_11679.png,40448,16384
patch_11680.png,40704,16384
patch_11681.png,40960,16384
patch_11682.png,41216,16384
patch_11683.png,41472,16384
patch_11684.png,41728,16384
patch_11685.png,41984,16384
patch_11686.png,42240,16384
patch_11687.png,42496,16384
patch_11688.png,42752,16384
patch_11689.png,43008,16384
patch_11690.png,43264,16384
patch_11691.png,43520,16384
patch_11692.png,43776,16384
patch_11693.png,44032,16384
patch_11694.png,44288,16384
patch_11695.png,44544,16384
patch_11696.png,44800,16384
patch_11697.png,45056,16384
patch_11698.png,45312,16384
patch_11699.png,45568,16384
patch_11700.png,45824,16384
patch_11701.png,0,16640
patch_11702.png,256,16640
patch_11703.png,512,16640
patch_11704.png,768,16640
patch_11705.png,1024,16640
patch_11706.png,1280,16640
patch_11707.png,1536,16640
patch_11708.png,1792,16640
patch_11709.png,2048,16640
patch_11710.png,2304,16640
patch_11711.png,2560,16640
patch_11712.png,2816,16640
patch_11713.png,3072,16640
patch_11714.png,3328,16640
patch_11715.png,3584,16640
patch_11716.png,3840,16640
patch_11717.png,4096,16640
patch_11718.png,4352,16640
patch_11719.png,4608,16640
patch_11720.png,4864,16640
patch_11721.png,5120,16640
patch_11722.png,5376,16640
patch_11723.png,5632,16640
patch_11724.png,5888,16640
patch_11725.png,6144,16640
patch_11726.png,6400,16640
patch_11727.png,6656,16640
patch_11728.png,6912,16640
patch_11729.png,7168,16640
patch_11730.png,7424,16640
patch_11731.png,7680,16640
patch_11732.png,7936,16640
patch_11733.png,8192,16640
patch_11734.png,8448,16640
patch_11735.png,8704,16640
patch_11736.png,8960,16640
patch_11737.png,9216,16640
patch_11738.png,9472,16640
patch_11739.png,9728,16640
patch_11740.png,9984,16640
patch_11741.png,10240,16640
patch_11742.png,10496,16640
patch_11743.png,10752,16640
patch_11744.png,11008,16640
patch_11745.png,11264,16640
patch_11746.png,11520,16640
patch_11747.png,11776,16640
patch_11748.png,12032,16640
patch_11749.png,12288,16640
patch_11750.png,12544,16640
patch_11751.png,12800,16640
patch_11752.png,13056,16640
patch_11753.png,13312,16640
patch_11754.png,13568,16640
patch_11755.png,13824,16640
patch_11756.png,14080,16640
patch_11757.png,14336,16640
patch_11758.png,14592,16640
patch_11759.png,14848,16640
patch_11760.png,15104,16640
patch_11761.png,15360,16640
patch_11762.png,15616,16640
patch_11763.png,15872,16640
patch_11764.png,16128,16640
patch_11765.png,16384,16640
patch_11766.png,16640,16640
patch_11767.png,16896,16640
patch_11768.png,17152,16640
patch_11769.png,17408,16640
patch_11770.png,17664,16640
patch_11771.png,17920,16640
patch_11772.png,18176,16640
patch_11773.png,18432,16640
patch_11774.png,18688,16640
patch_11775.png,18944,16640
patch_11776.png,19200,16640
patch_11777.png,19456,16640
patch_11778.png,19712,16640
patch_11779.png,19968,16640
patch_11780.png,20224,16640
patch_11781.png,20480,16640
patch_11782.png,20736,16640
patch_11783.png,20992,16640
patch_11784.png,21248,16640
patch_11785.png,21504,16640
patch_11786.png,21760,16640
patch_11787.png,22016,16640
patch_11788.png,22272,16640
patch_11789.png,22528,16640
patch_11790.png,22784,16640
patch_11791.png,23040,16640
patch_11792.png,23296,16640
patch_11793.png,23552,16640
patch_11794.png,23808,16640
patch_11795.png,24064,16640
patch_11796.png,24320,16640
patch_11797.png,24576,16640
patch_11798.png,24832,16640
patch_11799.png,25088,16640
patch_11800.png,25344,16640
patch_11801.png,25600,16640
patch_11802.png,25856,16640
patch_11803.png,26112,16640
patch_11804.png,26368,16640
patch_11805.png,26624,16640
patch_11806.png,26880,16640
patch_11807.png,27136,16640
patch_11808.png,27392,16640
patch_11809.png,27648,16640
patch_11810.png,27904,16640
patch_11811.png,28160,16640
patch_11812.png,28416,16640
patch_11813.png,28672,16640
patch_11814.png,28928,16640
patch_11815.png,29184,16640
patch_11816.png,29440,16640
patch_11817.png,29696,16640
patch_11818.png,29952,16640
patch_11819.png,30208,16640
patch_11820.png,30464,16640
patch_11821.png,30720,16640
patch_11822.png,30976,16640
patch_11823.png,31232,16640
patch_11824.png,31488,16640
patch_11825.png,31744,16640
patch_11826.png,32000,16640
patch_11827.png,32256,16640
patch_11828.png,32512,16640
patch_11829.png,32768,16640
patch_11830.png,33024,16640
patch_11831.png,33280,16640
patch_11832.png,33536,16640
patch_11833.png,33792,16640
patch_11834.png,34048,16640
patch_11835.png,34304,16640
patch_11836.png,34560,16640
patch_11837.png,34816,16640
patch_11838.png,35072,16640
patch_11839.png,35328,16640
patch_11840.png,35584,16640
patch_11841.png,35840,16640
patch_11842.png,36096,16640
patch_11843.png,36352,16640
patch_11844.png,36608,16640
patch_11845.png,36864,16640
patch_11846.png,37120,16640
patch_11847.png,37376,16640
patch_11848.png,37632,16640
patch_11849.png,37888,16640
patch_11850.png,38144,16640
patch_11851.png,38400,16640
patch_11852.png,38656,16640
patch_11853.png,38912,16640
patch_11854.png,39168,16640
patch_11855.png,39424,16640
patch_11856.png,39680,16640
patch_11857.png,39936,16640
patch_11858.png,40192,16640
patch_11859.png,40448,16640
patch_11860.png,40704,16640
patch_11861.png,40960,16640
patch_11862.png,41216,16640
patch_11863.png,41472,16640
patch_11864.png,41728,16640
patch_11865.png,41984,16640
patch_11866.png,42240,16640
patch_11867.png,42496,16640
patch_11868.png,42752,16640
patch_11869.png,43008,16640
patch_11870.png,43264,16640
patch_11871.png,43520,16640
patch_11872.png,43776,16640
patch_11873.png,44032,16640
patch_11874.png,44288,16640
patch_11875.png,44544,16640
patch_11876.png,44800,16640
patch_11877.png,45056,16640
patch_11878.png,45312,16640
patch_11879.png,45568,16640
patch_11880.png,45824,16640
patch_11881.png,0,16896
patch_11882.png,256,16896
patch_11883.png,512,16896
patch_11884.png,768,16896
patch_11885.png,1024,16896
patch_11886.png,1280,16896
patch_11887.png,1536,16896
patch_11888.png,1792,16896
patch_11889.png,2048,16896
patch_11890.png,2304,16896
patch_11891.png,2560,16896
patch_11892.png,2816,16896
patch_11893.png,3072,16896
patch_11894.png,3328,16896
patch_11895.png,3584,16896
patch_11896.png,3840,16896
patch_11897.png,4096,16896
patch_11898.png,4352,16896
patch_11899.png,4608,16896
patch_11900.png,4864,16896
patch_11901.png,5120,16896
patch_11902.png,5376,16896
patch_11903.png,5632,16896
patch_11904.png,5888,16896
patch_11905.png,6144,16896
patch_11906.png,6400,16896
patch_11907.png,6656,16896
patch_11908.png,6912,16896
patch_11909.png,7168,16896
patch_11910.png,7424,16896
patch_11911.png,7680,16896
patch_11912.png,7936,16896
patch_11913.png,8192,16896
patch_11914.png,8448,16896
patch_11915.png,8704,16896
patch_11916.png,8960,16896
patch_11917.png,9216,16896
patch_11918.png,9472,16896
patch_11919.png,9728,16896
patch_11920.png,9984,16896
patch_11921.png,10240,16896
patch_11922.png,10496,16896
patch_11923.png,10752,16896
patch_11924.png,11008,16896
patch_11925.png,11264,16896
patch_11926.png,11520,16896
patch_11927.png,11776,16896
patch_11928.png,12032,16896
patch_11929.png,12288,16896
patch_11930.png,12544,16896
patch_11931.png,12800,16896
patch_11932.png,13056,16896
patch_11933.png,13312,16896
patch_11934.png,13568,16896
patch_11935.png,13824,16896
patch_11936.png,14080,16896
patch_11937.png,14336,16896
patch_11938.png,14592,16896
patch_11939.png,14848,16896
patch_11940.png,15104,16896
patch_11941.png,15360,16896
patch_11942.png,15616,16896
patch_11943.png,15872,16896
patch_11944.png,16128,16896
patch_11945.png,16384,16896
patch_11946.png,16640,16896
patch_11947.png,16896,16896
patch_11948.png,17152,16896
patch_11949.png,17408,16896
patch_11950.png,17664,16896
patch_11951.png,17920,16896
patch_11952.png,18176,16896
patch_11953.png,18432,16896
patch_11954.png,18688,16896
patch_11955.png,18944,16896
patch_11956.png,19200,16896
patch_11957.png,19456,16896
patch_11958.png,19712,16896
patch_11959.png,19968,16896
patch_11960.png,20224,16896
patch_11961.png,20480,16896
patch_11962.png,20736,16896
patch_11963.png,20992,16896
patch_11964.png,21248,16896
patch_11965.png,21504,16896
patch_11966.png,21760,16896
patch_11967.png,22016,16896
patch_11968.png,22272,16896
patch_11969.png,22528,16896
patch_11970.png,22784,16896
patch_11971.png,23040,16896
patch_11972.png,23296,16896
patch_11973.png,23552,16896
patch_11974.png,23808,16896
patch_11975.png,24064,16896
patch_11976.png,24320,16896
patch_11977.png,24576,16896
patch_11978.png,24832,16896
patch_11979.png,25088,16896
patch_11980.png,25344,16896
patch_11981.png,25600,16896
patch_11982.png,25856,16896
patch_11983.png,26112,16896
patch_11984.png,26368,16896
patch_11985.png,26624,16896
patch_11986.png,26880,16896
patch_11987.png,27136,16896
patch_11988.png,27392,16896
patch_11989.png,27648,16896
patch_11990.png,27904,16896
patch_11991.png,28160,16896
patch_11992.png,28416,16896
patch_11993.png,28672,16896
patch_11994.png,28928,16896
patch_11995.png,29184,16896
patch_11996.png,29440,16896
patch_11997.png,29696,16896
patch_11998.png,29952,16896
patch_11999.png,30208,16896
patch_12000.png,30464,16896
patch_12001.png,30720,16896
patch_12002.png,30976,16896
patch_12003.png,31232,16896
patch_12004.png,31488,16896
patch_12005.png,31744,16896
patch_12006.png,32000,16896
patch_12007.png,32256,16896
patch_12008.png,32512,16896
patch_12009.png,32768,16896
patch_12010.png,33024,16896
patch_12011.png,33280,16896
patch_12012.png,33536,16896
patch_12013.png,33792,16896
patch_12014.png,34048,16896
patch_12015.png,34304,16896
patch_12016.png,34560,16896
patch_12017.png,34816,16896
patch_12018.png,35072,16896
patch_12019.png,35328,16896
patch_12020.png,35584,16896
patch_12021.png,35840,16896
patch_12022.png,36096,16896
patch_12023.png,36352,16896
patch_12024.png,36608,16896
patch_12025.png,36864,16896
patch_12026.png,37120,16896
patch_12027.png,37376,16896
patch_12028.png,37632,16896
patch_12029.png,37888,16896
patch_12030.png,38144,16896
patch_12031.png,38400,16896
patch_12032.png,38656,16896
patch_12033.png,38912,16896
patch_12034.png,39168,16896
patch_12035.png,39424,16896
patch_12036.png,39680,16896
patch_12037.png,39936,16896
patch_12038.png,40192,16896
patch_12039.png,40448,16896
patch_12040.png,40704,16896
patch_12041.png,40960,16896
patch_12042.png,41216,16896
patch_12043.png,41472,16896
patch_12044.png,41728,16896
patch_12045.png,41984,16896
patch_12046.png,42240,16896
patch_12047.png,42496,16896
patch_12048.png,42752,16896
patch_12049.png,43008,16896
patch_12050.png,43264,16896
patch_12051.png,43520,16896
patch_12052.png,43776,16896
patch_12053.png,44032,16896
patch_12054.png,44288,16896
patch_12055.png,44544,16896
patch_12056.png,44800,16896
patch_12057.png,45056,16896
patch_12058.png,45312,16896
patch_12059.png,45568,16896
patch_12060.png,45824,16896
patch_12061.png,0,17152
patch_12062.png,256,17152
patch_12063.png,512,17152
patch_12064.png,768,17152
patch_12065.png,1024,17152
patch_12066.png,1280,17152
patch_12067.png,1536,17152
patch_12068.png,1792,17152
patch_12069.png,2048,17152
patch_12070.png,2304,17152
patch_12071.png,2560,17152
patch_12072.png,2816,17152
patch_12073.png,3072,17152
patch_12074.png,3328,17152
patch_12075.png,3584,17152
patch_12076.png,3840,17152
patch_12077.png,4096,17152
patch_12078.png,4352,17152
patch_12079.png,4608,17152
patch_12080.png,4864,17152
patch_12081.png,5120,17152
patch_12082.png,5376,17152
patch_12083.png,5632,17152
patch_12084.png,5888,17152
patch_12085.png,6144,17152
patch_12086.png,6400,17152
patch_12087.png,6656,17152
patch_12088.png,6912,17152
patch_12089.png,7168,17152
patch_12090.png,7424,17152
patch_12091.png,7680,17152
patch_12092.png,7936,17152
patch_12093.png,8192,17152
patch_12094.png,8448,17152
patch_12095.png,8704,17152
patch_12096.png,8960,17152
patch_12097.png,9216,17152
patch_12098.png,9472,17152
patch_12099.png,9728,17152
patch_12100.png,9984,17152
patch_12101.png,10240,17152
patch_12102.png,10496,17152
patch_12103.png,10752,17152
patch_12104.png,11008,17152
patch_12105.png,11264,17152
patch_12106.png,11520,17152
patch_12107.png,11776,17152
patch_12108.png,12032,17152
patch_12109.png,12288,17152
patch_12110.png,12544,17152
patch_12111.png,12800,17152
patch_12112.png,13056,17152
patch_12113.png,13312,17152
patch_12114.png,13568,17152
patch_12115.png,13824,17152
patch_12116.png,14080,17152
patch_12117.png,14336,17152
patch_12118.png,14592,17152
patch_12119.png,14848,17152
patch_12120.png,15104,17152
patch_12121.png,15360,17152
patch_12122.png,15616,17152
patch_12123.png,15872,17152
patch_12124.png,16128,17152
patch_12125.png,16384,17152
patch_12126.png,16640,17152
patch_12127.png,16896,17152
patch_12128.png,17152,17152
patch_12129.png,17408,17152
patch_12130.png,17664,17152
patch_12131.png,17920,17152
patch_12132.png,18176,17152
patch_12133.png,18432,17152
patch_12134.png,18688,17152
patch_12135.png,18944,17152
patch_12136.png,19200,17152
patch_12137.png,19456,17152
patch_12138.png,19712,17152
patch_12139.png,19968,17152
patch_12140.png,20224,17152
patch_12141.png,20480,17152
patch_12142.png,20736,17152
patch_12143.png,20992,17152
patch_12144.png,21248,17152
patch_12145.png,21504,17152
patch_12146.png,21760,17152
patch_12147.png,22016,17152
patch_12148.png,22272,17152
patch_12149.png,22528,17152
patch_12150.png,22784,17152
patch_12151.png,23040,17152
patch_12152.png,23296,17152
patch_12153.png,23552,17152
patch_12154.png,23808,17152
patch_12155.png,24064,17152
patch_12156.png,24320,17152
patch_12157.png,24576,17152
patch_12158.png,24832,17152
patch_12159.png,25088,17152
patch_12160.png,25344,17152
patch_12161.png,25600,17152
patch_12162.png,25856,17152
patch_12163.png,26112,17152
patch_12164.png,26368,17152
patch_12165.png,26624,17152
patch_12166.png,26880,17152
patch_12167.png,27136,17152
patch_12168.png,27392,17152
patch_12169.png,27648,17152
patch_12170.png,27904,17152
patch_12171.png,28160,17152
patch_12172.png,28416,17152
patch_12173.png,28672,17152
patch_12174.png,28928,17152
patch_12175.png,29184,17152
patch_12176.png,29440,17152
patch_12177.png,29696,17152
patch_12178.png,29952,17152
patch_12179.png,30208,17152
patch_12180.png,30464,17152
patch_12181.png,30720,17152
patch_12182.png,30976,17152
patch_12183.png,31232,17152
patch_12184.png,31488,17152
patch_12185.png,31744,17152
patch_12186.png,32000,17152
patch_12187.png,32256,17152
patch_12188.png,32512,17152
patch_12189.png,32768,17152
patch_12190.png,33024,17152
patch_12191.png,33280,17152
patch_12192.png,33536,17152
patch_12193.png,33792,17152
patch_12194.png,34048,17152
patch_12195.png,34304,17152
patch_12196.png,34560,17152
patch_12197.png,34816,17152
patch_12198.png,35072,17152
patch_12199.png,35328,17152
patch_12200.png,35584,17152
patch_12201.png,35840,17152
patch_12202.png,36096,17152
patch_12203.png,36352,17152
patch_12204.png,36608,17152
patch_12205.png,36864,17152
patch_12206.png,37120,17152
patch_12207.png,37376,17152
patch_12208.png,37632,17152
patch_12209.png,37888,17152
patch_12210.png,38144,17152
patch_12211.png,38400,17152
patch_12212.png,38656,17152
patch_12213.png,38912,17152
patch_12214.png,39168,17152
patch_12215.png,39424,17152
patch_12216.png,39680,17152
patch_12217.png,39936,17152
patch_12218.png,40192,17152
patch_12219.png,40448,17152
patch_12220.png,40704,17152
patch_12221.png,40960,17152
patch_12222.png,41216,17152
patch_12223.png,41472,17152
patch_12224.png,41728,17152
patch_12225.png,41984,17152
patch_12226.png,42240,17152
patch_12227.png,42496,17152
patch_12228.png,42752,17152
patch_12229.png,43008,17152
patch_12230.png,43264,17152
patch_12231.png,43520,17152
patch_12232.png,43776,17152
patch_12233.png,44032,17152
patch_12234.png,44288,17152
patch_12235.png,44544,17152
patch_12236.png,44800,17152
patch_12237.png,45056,17152
patch_12238.png,45312,17152
patch_12239.png,45568,17152
patch_12240.png,45824,17152
patch_12241.png,0,17408
patch_12242.png,256,17408
patch_12243.png,512,17408
patch_12244.png,768,17408
patch_12245.png,1024,17408
patch_12246.png,1280,17408
patch_12247.png,1536,17408
patch_12248.png,1792,17408
patch_12249.png,2048,17408
patch_12250.png,2304,17408
patch_12251.png,2560,17408
patch_12252.png,2816,17408
patch_12253.png,3072,17408
patch_12254.png,3328,17408
patch_12255.png,3584,17408
patch_12256.png,3840,17408
patch_12257.png,4096,17408
patch_12258.png,4352,17408
patch_12259.png,4608,17408
patch_12260.png,4864,17408
patch_12261.png,5120,17408
patch_12262.png,5376,17408
patch_12263.png,5632,17408
patch_12264.png,5888,17408
patch_12265.png,6144,17408
patch_12266.png,6400,17408
patch_12267.png,6656,17408
patch_12268.png,6912,17408
patch_12269.png,7168,17408
patch_12270.png,7424,17408
patch_12271.png,7680,17408
patch_12272.png,7936,17408
patch_12273.png,8192,17408
patch_12274.png,8448,17408
patch_12275.png,8704,17408
patch_12276.png,8960,17408
patch_12277.png,9216,17408
patch_12278.png,9472,17408
patch_12279.png,9728,17408
patch_12280.png,9984,17408
patch_12281.png,10240,17408
patch_12282.png,10496,17408
patch_12283.png,10752,17408
patch_12284.png,11008,17408
patch_12285.png,11264,17408
patch_12286.png,11520,17408
patch_12287.png,11776,17408
patch_12288.png,12032,17408
patch_12289.png,12288,17408
patch_12290.png,12544,17408
patch_12291.png,12800,17408
patch_12292.png,13056,17408
patch_12293.png,13312,17408
patch_12294.png,13568,17408
patch_12295.png,13824,17408
patch_12296.png,14080,17408
patch_12297.png,14336,17408
patch_12298.png,14592,17408
patch_12299.png,14848,17408
patch_12300.png,15104,17408
patch_12301.png,15360,17408
patch_12302.png,15616,17408
patch_12303.png,15872,17408
patch_12304.png,16128,17408
patch_12305.png,16384,17408
patch_12306.png,16640,17408
patch_12307.png,16896,17408
patch_12308.png,17152,17408
patch_12309.png,17408,17408
patch_12310.png,17664,17408
patch_12311.png,17920,17408
patch_12312.png,18176,17408
patch_12313.png,18432,17408
patch_12314.png,18688,17408
patch_12315.png,18944,17408
patch_12316.png,19200,17408
patch_12317.png,19456,17408
patch_12318.png,19712,17408
patch_12319.png,19968,17408
patch_12320.png,20224,17408
patch_12321.png,20480,17408
patch_12322.png,20736,17408
patch_12323.png,20992,17408
patch_12324.png,21248,17408
patch_12325.png,21504,17408
patch_12326.png,21760,17408
patch_12327.png,22016,17408
patch_12328.png,22272,17408
patch_12329.png,22528,17408
patch_12330.png,22784,17408
patch_12331.png,23040,17408
patch_12332.png,23296,17408
patch_12333.png,23552,17408
patch_12334.png,23808,17408
patch_12335.png,24064,17408
patch_12336.png,24320,17408
patch_12337.png,24576,17408
patch_12338.png,24832,17408
patch_12339.png,25088,17408
patch_12340.png,25344,17408
patch_12341.png,25600,17408
patch_12342.png,25856,17408
patch_12343.png,26112,17408
patch_12344.png,26368,17408
patch_12345.png,26624,17408
patch_12346.png,26880,17408
patch_12347.png,27136,17408
patch_12348.png,27392,17408
patch_12349.png,27648,17408
patch_12350.png,27904,17408
patch_12351.png,28160,17408
patch_12352.png,28416,17408
patch_12353.png,28672,17408
patch_12354.png,28928,17408
patch_12355.png,29184,17408
patch_12356.png,29440,17408
patch_12357.png,29696,17408
patch_12358.png,29952,17408
patch_12359.png,30208,17408
patch_12360.png,30464,17408
patch_12361.png,30720,17408
patch_12362.png,30976,17408
patch_12363.png,31232,17408
patch_12364.png,31488,17408
patch_12365.png,31744,17408
patch_12366.png,32000,17408
patch_12367.png,32256,17408
patch_12368.png,32512,17408
patch_12369.png,32768,17408
patch_12370.png,33024,17408
patch_12371.png,33280,17408
patch_12372.png,33536,17408
patch_12373.png,33792,17408
patch_12374.png,34048,17408
patch_12375.png,34304,17408
patch_12376.png,34560,17408
patch_12377.png,34816,17408
patch_12378.png,35072,17408
patch_12379.png,35328,17408
patch_12380.png,35584,17408
patch_12381.png,35840,17408
patch_12382.png,36096,17408
patch_12383.png,36352,17408
patch_12384.png,36608,17408
patch_12385.png,36864,17408
patch_12386.png,37120,17408
patch_12387.png,37376,17408
patch_12388.png,37632,17408
patch_12389.png,37888,17408
patch_12390.png,38144,17408
patch_12391.png,38400,17408
patch_12392.png,38656,17408
patch_12393.png,38912,17408
patch_12394.png,39168,17408
patch_12395.png,39424,17408
patch_12396.png,39680,17408
patch_12397.png,39936,17408
patch_12398.png,40192,17408
patch_12399.png,40448,17408
patch_12400.png,40704,17408
patch_12401.png,40960,17408
patch_12402.png,41216,17408
patch_12403.png,41472,17408
patch_12404.png,41728,17408
patch_12405.png,41984,17408
patch_12406.png,42240,17408
patch_12407.png,42496,17408
patch_12408.png,42752,17408
patch_12409.png,43008,17408
patch_12410.png,43264,17408
patch_12411.png,43520,17408
patch_12412.png,43776,17408
patch_12413.png,44032,17408
patch_12414.png,44288,17408
patch_12415.png,44544,17408
patch_12416.png,44800,17408
patch_12417.png,45056,17408
patch_12418.png,45312,17408
patch_12419.png,45568,17408
patch_12420.png,45824,17408
patch_12421.png,0,17664
patch_12422.png,256,17664
patch_12423.png,512,17664
patch_12424.png,768,17664
patch_12425.png,1024,17664
patch_12426.png,1280,17664
patch_12427.png,1536,17664
patch_12428.png,1792,17664
patch_12429.png,2048,17664
patch_12430.png,2304,17664
patch_12431.png,2560,17664
patch_12432.png,2816,17664
patch_12433.png,3072,17664
patch_12434.png,3328,17664
patch_12435.png,3584,17664
patch_12436.png,3840,17664
patch_12437.png,4096,17664
patch_12438.png,4352,17664
patch_12439.png,4608,17664
patch_12440.png,4864,17664
patch_12441.png,5120,17664
patch_12442.png,5376,17664
patch_12443.png,5632,17664
patch_12444.png,5888,17664
patch_12445.png,6144,17664
patch_12446.png,6400,17664
patch_12447.png,6656,17664
patch_12448.png,6912,17664
patch_12449.png,7168,17664
patch_12450.png,7424,17664
patch_12451.png,7680,17664
patch_12452.png,7936,17664
patch_12453.png,8192,17664
patch_12454.png,8448,17664
patch_12455.png,8704,17664
patch_12456.png,8960,17664
patch_12457.png,9216,17664
patch_12458.png,9472,17664
patch_12459.png,9728,17664
patch_12460.png,9984,17664
patch_12461.png,10240,17664
patch_12462.png,10496,17664
patch_12463.png,10752,17664
patch_12464.png,11008,17664
patch_12465.png,11264,17664
patch_12466.png,11520,17664
patch_12467.png,11776,17664
patch_12468.png,12032,17664
patch_12469.png,12288,17664
patch_12470.png,12544,17664
patch_12471.png,12800,17664
patch_12472.png,13056,17664
patch_12473.png,13312,17664
patch_12474.png,13568,17664
patch_12475.png,13824,17664
patch_12476.png,14080,17664
patch_12477.png,14336,17664
patch_12478.png,14592,17664
patch_12479.png,14848,17664
patch_12480.png,15104,17664
patch_12481.png,15360,17664
patch_12482.png,15616,17664
patch_12483.png,15872,17664
patch_12484.png,16128,17664
patch_12485.png,16384,17664
patch_12486.png,16640,17664
patch_12487.png,16896,17664
patch_12488.png,17152,17664
patch_12489.png,17408,17664
patch_12490.png,17664,17664
patch_12491.png,17920,17664
patch_12492.png,18176,17664
patch_12493.png,18432,17664
patch_12494.png,18688,17664
patch_12495.png,18944,17664
patch_12496.png,19200,17664
patch_12497.png,19456,17664
patch_12498.png,19712,17664
patch_12499.png,19968,17664
patch_12500.png,20224,17664
patch_12501.png,20480,17664
patch_12502.png,20736,17664
patch_12503.png,20992,17664
patch_12504.png,21248,17664
patch_12505.png,21504,17664
patch_12506.png,21760,17664
patch_12507.png,22016,17664
patch_12508.png,22272,17664
patch_12509.png,22528,17664
patch_12510.png,22784,17664
patch_12511.png,23040,17664
patch_12512.png,23296,17664
patch_12513.png,23552,17664
patch_12514.png,23808,17664
patch_12515.png,24064,17664
patch_12516.png,24320,17664
patch_12517.png,24576,17664
patch_12518.png,24832,17664
patch_12519.png,25088,17664
patch_12520.png,25344,17664
patch_12521.png,25600,17664
patch_12522.png,25856,17664
patch_12523.png,26112,17664
patch_12524.png,26368,17664
patch_12525.png,26624,17664
patch_12526.png,26880,17664
patch_12527.png,27136,17664
patch_12528.png,27392,17664
patch_12529.png,27648,17664
patch_12530.png,27904,17664
patch_12531.png,28160,17664
patch_12532.png,28416,17664
patch_12533.png,28672,17664
patch_12534.png,28928,17664
patch_12535.png,29184,17664
patch_12536.png,29440,17664
patch_12537.png,29696,17664
patch_12538.png,29952,17664
patch_12539.png,30208,17664
patch_12540.png,30464,17664
patch_12541.png,30720,17664
patch_12542.png,30976,17664
patch_12543.png,31232,17664
patch_12544.png,31488,17664
patch_12545.png,31744,17664
patch_12546.png,32000,17664
patch_12547.png,32256,17664
patch_12548.png,32512,17664
patch_12549.png,32768,17664
patch_12550.png,33024,17664
patch_12551.png,33280,17664
patch_12552.png,33536,17664
patch_12553.png,33792,17664
patch_12554.png,34048,17664
patch_12555.png,34304,17664
patch_12556.png,34560,17664
patch_12557.png,34816,17664
patch_12558.png,35072,17664
patch_12559.png,35328,17664
patch_12560.png,35584,17664
patch_12561.png,35840,17664
patch_12562.png,36096,17664
patch_12563.png,36352,17664
patch_12564.png,36608,17664
patch_12565.png,36864,17664
patch_12566.png,37120,17664
patch_12567.png,37376,17664
patch_12568.png,37632,17664
patch_12569.png,37888,17664
patch_12570.png,38144,17664
patch_12571.png,38400,17664
patch_12572.png,38656,17664
patch_12573.png,38912,17664
patch_12574.png,39168,17664
patch_12575.png,39424,17664
patch_12576.png,39680,17664
patch_12577.png,39936,17664
patch_12578.png,40192,17664
patch_12579.png,40448,17664
patch_12580.png,40704,17664
patch_12581.png,40960,17664
patch_12582.png,41216,17664
patch_12583.png,41472,17664
patch_12584.png,41728,17664
patch_12585.png,41984,17664
patch_12586.png,42240,17664
patch_12587.png,42496,17664
patch_12588.png,42752,17664
patch_12589.png,43008,17664
patch_12590.png,43264,17664
patch_12591.png,43520,17664
patch_12592.png,43776,17664
patch_12593.png,44032,17664
patch_12594.png,44288,17664
patch_12595.png,44544,17664
patch_12596.png,44800,17664
patch_12597.png,45056,17664
patch_12598.png,45312,17664
patch_12599.png,45568,17664
patch_12600.png,45824,17664
patch_12601.png,0,17920
patch_12602.png,256,17920
patch_12603.png,512,17920
patch_12604.png,768,17920
patch_12605.png,1024,17920
patch_12606.png,1280,17920
patch_12607.png,1536,17920
patch_12608.png,1792,17920
patch_12609.png,2048,17920
patch_12610.png,2304,17920
patch_12611.png,2560,17920
patch_12612.png,2816,17920
patch_12613.png,3072,17920
patch_12614.png,3328,17920
patch_12615.png,3584,17920
patch_12616.png,3840,17920
patch_12617.png,4096,17920
patch_12618.png,4352,17920
patch_12619.png,4608,17920
patch_12620.png,4864,17920
patch_12621.png,5120,17920
patch_12622.png,5376,17920
patch_12623.png,5632,17920
patch_12624.png,5888,17920
patch_12625.png,6144,17920
patch_12626.png,6400,17920
patch_12627.png,6656,17920
patch_12628.png,6912,17920
patch_12629.png,7168,17920
patch_12630.png,7424,17920
patch_12631.png,7680,17920
patch_12632.png,7936,17920
patch_12633.png,8192,17920
patch_12634.png,8448,17920
patch_12635.png,8704,17920
patch_12636.png,8960,17920
patch_12637.png,9216,17920
patch_12638.png,9472,17920
patch_12639.png,9728,17920
patch_12640.png,9984,17920
patch_12641.png,10240,17920
patch_12642.png,10496,17920
patch_12643.png,10752,17920
patch_12644.png,11008,17920
patch_12645.png,11264,17920
patch_12646.png,11520,17920
patch_12647.png,11776,17920
patch_12648.png,12032,17920
patch_12649.png,12288,17920
patch_12650.png,12544,17920
patch_12651.png,12800,17920
patch_12652.png,13056,17920
patch_12653.png,13312,17920
patch_12654.png,13568,17920
patch_12655.png,13824,17920
patch_12656.png,14080,17920
patch_12657.png,14336,17920
patch_12658.png,14592,17920
patch_12659.png,14848,17920
patch_12660.png,15104,17920
patch_12661.png,15360,17920
patch_12662.png,15616,17920
patch_12663.png,15872,17920
patch_12664.png,16128,17920
patch_12665.png,16384,17920
patch_12666.png,16640,17920
patch_12667.png,16896,17920
patch_12668.png,17152,17920
patch_12669.png,17408,17920
patch_12670.png,17664,17920
patch_12671.png,17920,17920
patch_12672.png,18176,17920
patch_12673.png,18432,17920
patch_12674.png,18688,17920
patch_12675.png,18944,17920
patch_12676.png,19200,17920
patch_12677.png,19456,17920
patch_12678.png,19712,17920
patch_12679.png,19968,17920
patch_12680.png,20224,17920
patch_12681.png,20480,17920
patch_12682.png,20736,17920
patch_12683.png,20992,17920
patch_12684.png,21248,17920
patch_12685.png,21504,17920
patch_12686.png,21760,17920
patch_12687.png,22016,17920
patch_12688.png,22272,17920
patch_12689.png,22528,17920
patch_12690.png,22784,17920
patch_12691.png,23040,17920
patch_12692.png,23296,17920
patch_12693.png,23552,17920
patch_12694.png,23808,17920
patch_12695.png,24064,17920
patch_12696.png,24320,17920
patch_12697.png,24576,17920
patch_12698.png,24832,17920
patch_12699.png,25088,17920
patch_12700.png,25344,17920
patch_12701.png,25600,17920
patch_12702.png,25856,17920
patch_12703.png,26112,17920
patch_12704.png,26368,17920
patch_12705.png,26624,17920
patch_12706.png,26880,17920
patch_12707.png,27136,17920
patch_12708.png,27392,17920
patch_12709.png,27648,17920
patch_12710.png,27904,17920
patch_12711.png,28160,17920
patch_12712.png,28416,17920
patch_12713.png,28672,17920
patch_12714.png,28928,17920
patch_12715.png,29184,17920
patch_12716.png,29440,17920
patch_12717.png,29696,17920
patch_12718.png,29952,17920
patch_12719.png,30208,17920
patch_12720.png,30464,17920
patch_12721.png,30720,17920
patch_12722.png,30976,17920
patch_12723.png,31232,17920
patch_12724.png,31488,17920
patch_12725.png,31744,17920
patch_12726.png,32000,17920
patch_12727.png,32256,17920
patch_12728.png,32512,17920
patch_12729.png,32768,17920
patch_12730.png,33024,17920
patch_12731.png,33280,17920
patch_12732.png,33536,17920
patch_12733.png,33792,17920
patch_12734.png,34048,17920
patch_12735.png,34304,17920
patch_12736.png,34560,17920
patch_12737.png,34816,17920
patch_12738.png,35072,17920
patch_12739.png,35328,17920
patch_12740.png,35584,17920
patch_12741.png,35840,17920
patch_12742.png,36096,17920
patch_12743.png,36352,17920
patch_12744.png,36608,17920
patch_12745.png,36864,17920
patch_12746.png,37120,17920
patch_12747.png,37376,17920
patch_12748.png,37632,17920
patch_12749.png,37888,17920
patch_12750.png,38144,17920
patch_12751.png,38400,17920
patch_12752.png,38656,17920
patch_12753.png,38912,17920
patch_12754.png,39168,17920
patch_12755.png,39424,17920
patch_12756.png,39680,17920
patch_12757.png,39936,17920
patch_12758.png,40192,17920
patch_12759.png,40448,17920
patch_12760.png,40704,17920
patch_12761.png,40960,17920
patch_12762.png,41216,17920
patch_12763.png,41472,17920
patch_12764.png,41728,17920
patch_12765.png,41984,17920
patch_12766.png,42240,17920
patch_12767.png,42496,17920
patch_12768.png,42752,17920
patch_12769.png,43008,17920
patch_12770.png,43264,17920
patch_12771.png,43520,17920
patch_12772.png,43776,17920
patch_12773.png,44032,17920
patch_12774.png,44288,17920
patch_12775.png,44544,17920
patch_12776.png,44800,17920
patch_12777.png,45056,17920
patch_12778.png,45312,17920
patch_12779.png,45568,17920
patch_12780.png,45824,17920
patch_12781.png,0,18176
patch_12782.png,256,18176
patch_12783.png,512,18176
patch_12784.png,768,18176
patch_12785.png,1024,18176
patch_12786.png,1280,18176
patch_12787.png,1536,18176
patch_12788.png,1792,18176
patch_12789.png,2048,18176
patch_12790.png,2304,18176
patch_12791.png,2560,18176
patch_12792.png,2816,18176
patch_12793.png,3072,18176
patch_12794.png,3328,18176
patch_12795.png,3584,18176
patch_12796.png,3840,18176
patch_12797.png,4096,18176
patch_12798.png,4352,18176
patch_12799.png,4608,18176
patch_12800.png,4864,18176
patch_12801.png,5120,18176
patch_12802.png,5376,18176
patch_12803.png,5632,18176
patch_12804.png,5888,18176
patch_12805.png,6144,18176
patch_12806.png,6400,18176
patch_12807.png,6656,18176
patch_12808.png,6912,18176
patch_12809.png,7168,18176
patch_12810.png,7424,18176
patch_12811.png,7680,18176
patch_12812.png,7936,18176
patch_12813.png,8192,18176
patch_12814.png,8448,18176
patch_12815.png,8704,18176
patch_12816.png,8960,18176
patch_12817.png,9216,18176
patch_12818.png,9472,18176
patch_12819.png,9728,18176
patch_12820.png,9984,18176
patch_12821.png,10240,18176
patch_12822.png,10496,18176
patch_12823.png,10752,18176
patch_12824.png,11008,18176
patch_12825.png,11264,18176
patch_12826.png,11520,18176
patch_12827.png,11776,18176
patch_12828.png,12032,18176
patch_12829.png,12288,18176
patch_12830.png,12544,18176
patch_12831.png,12800,18176
patch_12832.png,13056,18176
patch_12833.png,13312,18176
patch_12834.png,13568,18176
patch_12835.png,13824,18176
patch_12836.png,14080,18176
patch_12837.png,14336,18176
patch_12838.png,14592,18176
patch_12839.png,14848,18176
patch_12840.png,15104,18176
patch_12841.png,15360,18176
patch_12842.png,15616,18176
patch_12843.png,15872,18176
patch_12844.png,16128,18176
patch_12845.png,16384,18176
patch_12846.png,16640,18176
patch_12847.png,16896,18176
patch_12848.png,17152,18176
patch_12849.png,17408,18176
patch_12850.png,17664,18176
patch_12851.png,17920,18176
patch_12852.png,18176,18176
patch_12853.png,18432,18176
patch_12854.png,18688,18176
patch_12855.png,18944,18176
patch_12856.png,19200,18176
patch_12857.png,19456,18176
patch_12858.png,19712,18176
patch_12859.png,19968,18176
patch_12860.png,20224,18176
patch_12861.png,20480,18176
patch_12862.png,20736,18176
patch_12863.png,20992,18176
patch_12864.png,21248,18176
patch_12865.png,21504,18176
patch_12866.png,21760,18176
patch_12867.png,22016,18176
patch_12868.png,22272,18176
patch_12869.png,22528,18176
patch_12870.png,22784,18176
patch_12871.png,23040,18176
patch_12872.png,23296,18176
patch_12873.png,23552,18176
patch_12874.png,23808,18176
patch_12875.png,24064,18176
patch_12876.png,24320,18176
patch_12877.png,24576,18176
patch_12878.png,24832,18176
patch_12879.png,25088,18176
patch_12880.png,25344,18176
patch_12881.png,25600,18176
patch_12882.png,25856,18176
patch_12883.png,26112,18176
patch_12884.png,26368,18176
patch_12885.png,26624,18176
patch_12886.png,26880,18176
patch_12887.png,27136,18176
patch_12888.png,27392,18176
patch_12889.png,27648,18176
patch_12890.png,27904,18176
patch_12891.png,28160,18176
patch_12892.png,28416,18176
patch_12893.png,28672,18176
patch_12894.png,28928,18176
patch_12895.png,29184,18176
patch_12896.png,29440,18176
patch_12897.png,29696,18176
patch_12898.png,29952,18176
patch_12899.png,30208,18176
patch_12900.png,30464,18176
patch_12901.png,30720,18176
patch_12902.png,30976,18176
patch_12903.png,31232,18176
patch_12904.png,31488,18176
patch_12905.png,31744,18176
patch_12906.png,32000,18176
patch_12907.png,32256,18176
patch_12908.png,32512,18176
patch_12909.png,32768,18176
patch_12910.png,33024,18176
patch_12911.png,33280,18176
patch_12912.png,33536,18176
patch_12913.png,33792,18176
patch_12914.png,34048,18176
patch_12915.png,34304,18176
patch_12916.png,34560,18176
patch_12917.png,34816,18176
patch_12918.png,35072,18176
patch_12919.png,35328,18176
patch_12920.png,35584,18176
patch_12921.png,35840,18176
patch_12922.png,36096,18176
patch_12923.png,36352,18176
patch_12924.png,36608,18176
patch_12925.png,36864,18176
patch_12926.png,37120,18176
patch_12927.png,37376,18176
patch_12928.png,37632,18176
patch_12929.png,37888,18176
patch_12930.png,38144,18176
patch_12931.png,38400,18176
patch_12932.png,38656,18176
patch_12933.png,38912,18176
patch_12934.png,39168,18176
patch_12935.png,39424,18176
patch_12936.png,39680,18176
patch_12937.png,39936,18176
patch_12938.png,40192,18176
patch_12939.png,40448,18176
patch_12940.png,40704,18176
patch_12941.png,40960,18176
patch_12942.png,41216,18176
patch_12943.png,41472,18176
patch_12944.png,41728,18176
patch_12945.png,41984,18176
patch_12946.png,42240,18176
patch_12947.png,42496,18176
patch_12948.png,42752,18176
patch_12949.png,43008,18176
patch_12950.png,43264,18176
patch_12951.png,43520,18176
patch_12952.png,43776,18176
patch_12953.png,44032,18176
patch_12954.png,44288,18176
patch_12955.png,44544,18176
patch_12956.png,44800,18176
patch_12957.png,45056,18176
patch_12958.png,45312,18176
patch_12959.png,45568,18176
patch_12960.png,45824,18176
patch_12961.png,0,18432
patch_12962.png,256,18432
patch_12963.png,512,18432
patch_12964.png,768,18432
patch_12965.png,1024,18432
patch_12966.png,1280,18432
patch_12967.png,1536,18432
patch_12968.png,1792,18432
patch_12969.png,2048,18432
patch_12970.png,2304,18432
patch_12971.png,2560,18432
patch_12972.png,2816,18432
patch_12973.png,3072,18432
patch_12974.png,3328,18432
patch_12975.png,3584,18432
patch_12976.png,3840,18432
patch_12977.png,4096,18432
patch_12978.png,4352,18432
patch_12979.png,4608,18432
patch_12980.png,4864,18432
patch_12981.png,5120,18432
patch_12982.png,5376,18432
patch_12983.png,5632,18432
patch_12984.png,5888,18432
patch_12985.png,6144,18432
patch_12986.png,6400,18432
patch_12987.png,6656,18432
patch_12988.png,6912,18432
patch_12989.png,7168,18432
patch_12990.png,7424,18432
patch_12991.png,7680,18432
patch_12992.png,7936,18432
patch_12993.png,8192,18432
patch_12994.png,8448,18432
patch_12995.png,8704,18432
patch_12996.png,8960,18432
patch_12997.png,9216,18432
patch_12998.png,9472,18432
patch_12999.png,9728,18432
patch_13000.png,9984,18432
patch_13001.png,10240,18432
patch_13002.png,10496,18432
patch_13003.png,10752,18432
patch_13004.png,11008,18432
patch_13005.png,11264,18432
patch_13006.png,11520,18432
patch_13007.png,11776,18432
patch_13008.png,12032,18432
patch_13009.png,12288,18432
patch_13010.png,12544,18432
patch_13011.png,12800,18432
patch_13012.png,13056,18432
patch_13013.png,13312,18432
patch_13014.png,13568,18432
patch_13015.png,13824,18432
patch_13016.png,14080,18432
patch_13017.png,14336,18432
patch_13018.png,14592,18432
patch_13019.png,14848,18432
patch_13020.png,15104,18432
patch_13021.png,15360,18432
patch_13022.png,15616,18432
patch_13023.png,15872,18432
patch_13024.png,16128,18432
patch_13025.png,16384,18432
patch_13026.png,16640,18432
patch_13027.png,16896,18432
patch_13028.png,17152,18432
patch_13029.png,17408,18432
patch_13030.png,17664,18432
patch_13031.png,17920,18432
patch_13032.png,18176,18432
patch_13033.png,18432,18432
patch_13034.png,18688,18432
patch_13035.png,18944,18432
patch_13036.png,19200,18432
patch_13037.png,19456,18432
patch_13038.png,19712,18432
patch_13039.png,19968,18432
patch_13040.png,20224,18432
patch_13041.png,20480,18432
patch_13042.png,20736,18432
patch_13043.png,20992,18432
patch_13044.png,21248,18432
patch_13045.png,21504,18432
patch_13046.png,21760,18432
patch_13047.png,22016,18432
patch_13048.png,22272,18432
patch_13049.png,22528,18432
patch_13050.png,22784,18432
patch_13051.png,23040,18432
patch_13052.png,23296,18432
patch_13053.png,23552,18432
patch_13054.png,23808,18432
patch_13055.png,24064,18432
patch_13056.png,24320,18432
patch_13057.png,24576,18432
patch_13058.png,24832,18432
patch_13059.png,25088,18432
patch_13060.png,25344,18432
patch_13061.png,25600,18432
patch_13062.png,25856,18432
patch_13063.png,26112,18432
patch_13064.png,26368,18432
patch_13065.png,26624,18432
patch_13066.png,26880,18432
patch_13067.png,27136,18432
patch_13068.png,27392,18432
patch_13069.png,27648,18432
patch_13070.png,27904,18432
patch_13071.png,28160,18432
patch_13072.png,28416,18432
patch_13073.png,28672,18432
patch_13074.png,28928,18432
patch_13075.png,29184,18432
patch_13076.png,29440,18432
patch_13077.png,29696,18432
patch_13078.png,29952,18432
patch_13079.png,30208,18432
patch_13080.png,30464,18432
patch_13081.png,30720,18432
patch_13082.png,30976,18432
patch_13083.png,31232,18432
patch_13084.png,31488,18432
patch_13085.png,31744,18432
patch_13086.png,32000,18432
patch_13087.png,32256,18432
patch_13088.png,32512,18432
patch_13089.png,32768,18432
patch_13090.png,33024,18432
patch_13091.png,33280,18432
patch_13092.png,33536,18432
patch_13093.png,33792,18432
patch_13094.png,34048,18432
patch_13095.png,34304,18432
patch_13096.png,34560,18432
patch_13097.png,34816,18432
patch_13098.png,35072,18432
patch_13099.png,35328,18432
patch_13100.png,35584,18432
patch_13101.png,35840,18432
patch_13102.png,36096,18432
patch_13103.png,36352,18432
patch_13104.png,36608,18432
patch_13105.png,36864,18432
patch_13106.png,37120,18432
patch_13107.png,37376,18432
patch_13108.png,37632,18432
patch_13109.png,37888,18432
patch_13110.png,38144,18432
patch_13111.png,38400,18432
patch_13112.png,38656,18432
patch_13113.png,38912,18432
patch_13114.png,39168,18432
patch_13115.png,39424,18432
patch_13116.png,39680,18432
patch_13117.png,39936,18432
patch_13118.png,40192,18432
patch_13119.png,40448,18432
patch_13120.png,40704,18432
patch_13121.png,40960,18432
patch_13122.png,41216,18432
patch_13123.png,41472,18432
patch_13124.png,41728,18432
patch_13125.png,41984,18432
patch_13126.png,42240,18432
patch_13127.png,42496,18432
patch_13128.png,42752,18432
patch_13129.png,43008,18432
patch_13130.png,43264,18432
patch_13131.png,43520,18432
patch_13132.png,43776,18432
patch_13133.png,44032,18432
patch_13134.png,44288,18432
patch_13135.png,44544,18432
patch_13136.png,44800,18432
patch_13137.png,45056,18432
patch_13138.png,45312,18432
patch_13139.png,45568,18432
patch_13140.png,45824,18432
patch_13141.png,0,18688
patch_13142.png,256,18688
patch_13143.png,512,18688
patch_13144.png,768,18688
patch_13145.png,1024,18688
patch_13146.png,1280,18688
patch_13147.png,1536,18688
patch_13148.png,1792,18688
patch_13149.png,2048,18688
patch_13150.png,2304,18688
patch_13151.png,2560,18688
patch_13152.png,2816,18688
patch_13153.png,3072,18688
patch_13154.png,3328,18688
patch_13155.png,3584,18688
patch_13156.png,3840,18688
patch_13157.png,4096,18688
patch_13158.png,4352,18688
patch_13159.png,4608,18688
patch_13160.png,4864,18688
patch_13161.png,5120,18688
patch_13162.png,5376,18688
patch_13163.png,5632,18688
patch_13164.png,5888,18688
patch_13165.png,6144,18688
patch_13166.png,6400,18688
patch_13167.png,6656,18688
patch_13168.png,6912,18688
patch_13169.png,7168,18688
patch_13170.png,7424,18688
patch_13171.png,7680,18688
patch_13172.png,7936,18688
patch_13173.png,8192,18688
patch_13174.png,8448,18688
patch_13175.png,8704,18688
patch_13176.png,8960,18688
patch_13177.png,9216,18688
patch_13178.png,9472,18688
patch_13179.png,9728,18688
patch_13180.png,9984,18688
patch_13181.png,10240,18688
patch_13182.png,10496,18688
patch_13183.png,10752,18688
patch_13184.png,11008,18688
patch_13185.png,11264,18688
patch_13186.png,11520,18688
patch_13187.png,11776,18688
patch_13188.png,12032,18688
patch_13189.png,12288,18688
patch_13190.png,12544,18688
patch_13191.png,12800,18688
patch_13192.png,13056,18688
patch_13193.png,13312,18688
patch_13194.png,13568,18688
patch_13195.png,13824,18688
patch_13196.png,14080,18688
patch_13197.png,14336,18688
patch_13198.png,14592,18688
patch_13199.png,14848,18688
patch_13200.png,15104,18688
patch_13201.png,15360,18688
patch_13202.png,15616,18688
patch_13203.png,15872,18688
patch_13204.png,16128,18688
patch_13205.png,16384,18688
patch_13206.png,16640,18688
patch_13207.png,16896,18688
patch_13208.png,17152,18688
patch_13209.png,17408,18688
patch_13210.png,17664,18688
patch_13211.png,17920,18688
patch_13212.png,18176,18688
patch_13213.png,18432,18688
patch_13214.png,18688,18688
patch_13215.png,18944,18688
patch_13216.png,19200,18688
patch_13217.png,19456,18688
patch_13218.png,19712,18688
patch_13219.png,19968,18688
patch_13220.png,20224,18688
patch_13221.png,20480,18688
patch_13222.png,20736,18688
patch_13223.png,20992,18688
patch_13224.png,21248,18688
patch_13225.png,21504,18688
patch_13226.png,21760,18688
patch_13227.png,22016,18688
patch_13228.png,22272,18688
patch_13229.png,22528,18688
patch_13230.png,22784,18688
patch_13231.png,23040,18688
patch_13232.png,23296,18688
patch_13233.png,23552,18688
patch_13234.png,23808,18688
patch_13235.png,24064,18688
patch_13236.png,24320,18688
patch_13237.png,24576,18688
patch_13238.png,24832,18688
patch_13239.png,25088,18688
patch_13240.png,25344,18688
patch_13241.png,25600,18688
patch_13242.png,25856,18688
patch_13243.png,26112,18688
patch_13244.png,26368,18688
patch_13245.png,26624,18688
patch_13246.png,26880,18688
patch_13247.png,27136,18688
patch_13248.png,27392,18688
patch_13249.png,27648,18688
patch_13250.png,27904,18688
patch_13251.png,28160,18688
patch_13252.png,28416,18688
patch_13253.png,28672,18688
patch_13254.png,28928,18688
patch_13255.png,29184,18688
patch_13256.png,29440,18688
patch_13257.png,29696,18688
patch_13258.png,29952,18688
patch_13259.png,30208,18688
patch_13260.png,30464,18688
patch_13261.png,30720,18688
patch_13262.png,30976,18688
patch_13263.png,31232,18688
patch_13264.png,31488,18688
patch_13265.png,31744,18688
patch_13266.png,32000,18688
patch_13267.png,32256,18688
patch_13268.png,32512,18688
patch_13269.png,32768,18688
patch_13270.png,33024,18688
patch_13271.png,33280,18688
patch_13272.png,33536,18688
patch_13273.png,33792,18688
patch_13274.png,34048,18688
patch_13275.png,34304,18688
patch_13276.png,34560,18688
patch_13277.png,34816,18688
patch_13278.png,35072,18688
patch_13279.png,35328,18688
patch_13280.png,35584,18688
patch_13281.png,35840,18688
patch_13282.png,36096,18688
patch_13283.png,36352,18688
patch_13284.png,36608,18688
patch_13285.png,36864,18688
patch_13286.png,37120,18688
patch_13287.png,37376,18688
patch_13288.png,37632,18688
patch_13289.png,37888,18688
patch_13290.png,38144,18688
patch_13291.png,38400,18688
patch_13292.png,38656,18688
patch_13293.png,38912,18688
patch_13294.png,39168,18688
patch_13295.png,39424,18688
patch_13296.png,39680,18688
patch_13297.png,39936,18688
patch_13298.png,40192,18688
patch_13299.png,40448,18688
patch_13300.png,40704,18688
patch_13301.png,40960,18688
patch_13302.png,41216,18688
patch_13303.png,41472,18688
patch_13304.png,41728,18688
patch_13305.png,41984,18688
patch_13306.png,42240,18688
patch_13307.png,42496,18688
patch_13308.png,42752,18688
patch_13309.png,43008,18688
patch_13310.png,43264,18688
patch_13311.png,43520,18688
patch_13312.png,43776,18688
patch_13313.png,44032,18688
patch_13314.png,44288,18688
patch_13315.png,44544,18688
patch_13316.png,44800,18688
patch_13317.png,45056,18688
patch_13318.png,45312,18688
patch_13319.png,45568,18688
patch_13320.png,45824,18688
patch_13321.png,0,18944
patch_13322.png,256,18944
patch_13323.png,512,18944
patch_13324.png,768,18944
patch_13325.png,1024,18944
patch_13326.png,1280,18944
patch_13327.png,1536,18944
patch_13328.png,1792,18944
patch_13329.png,2048,18944
patch_13330.png,2304,18944
patch_13331.png,2560,18944
patch_13332.png,2816,18944
patch_13333.png,3072,18944
patch_13334.png,3328,18944
patch_13335.png,3584,18944
patch_13336.png,3840,18944
patch_13337.png,4096,18944
patch_13338.png,4352,18944
patch_13339.png,4608,18944
patch_13340.png,4864,18944
patch_13341.png,5120,18944
patch_13342.png,5376,18944
patch_13343.png,5632,18944
patch_13344.png,5888,18944
patch_13345.png,6144,18944
patch_13346.png,6400,18944
patch_13347.png,6656,18944
patch_13348.png,6912,18944
patch_13349.png,7168,18944
patch_13350.png,7424,18944
patch_13351.png,7680,18944
patch_13352.png,7936,18944
patch_13353.png,8192,18944
patch_13354.png,8448,18944
patch_13355.png,8704,18944
patch_13356.png,8960,18944
patch_13357.png,9216,18944
patch_13358.png,9472,18944
patch_13359.png,9728,18944
patch_13360.png,9984,18944
patch_13361.png,10240,18944
patch_13362.png,10496,18944
patch_13363.png,10752,18944
patch_13364.png,11008,18944
patch_13365.png,11264,18944
patch_13366.png,11520,18944
patch_13367.png,11776,18944
patch_13368.png,12032,18944
patch_13369.png,12288,18944
patch_13370.png,12544,18944
patch_13371.png,12800,18944
patch_13372.png,13056,18944
patch_13373.png,13312,18944
patch_13374.png,13568,18944
patch_13375.png,13824,18944
patch_13376.png,14080,18944
patch_13377.png,14336,18944
patch_13378.png,14592,18944
patch_13379.png,14848,18944
patch_13380.png,15104,18944
patch_13381.png,15360,18944
patch_13382.png,15616,18944
patch_13383.png,15872,18944
patch_13384.png,16128,18944
patch_13385.png,16384,18944
patch_13386.png,16640,18944
patch_13387.png,16896,18944
patch_13388.png,17152,18944
patch_13389.png,17408,18944
patch_13390.png,17664,18944
patch_13391.png,17920,18944
patch_13392.png,18176,18944
patch_13393.png,18432,18944
patch_13394.png,18688,18944
patch_13395.png,18944,18944
patch_13396.png,19200,18944
patch_13397.png,19456,18944
patch_13398.png,19712,18944
patch_13399.png,19968,18944
patch_13400.png,20224,18944
patch_13401.png,20480,18944
patch_13402.png,20736,18944
patch_13403.png,20992,18944
patch_13404.png,21248,18944
patch_13405.png,21504,18944
patch_13406.png,21760,18944
patch_13407.png,22016,18944
patch_13408.png,22272,18944
patch_13409.png,22528,18944
patch_13410.png,22784,18944
patch_13411.png,23040,18944
patch_13412.png,23296,18944
patch_13413.png,23552,18944
patch_13414.png,23808,18944
patch_13415.png,24064,18944
patch_13416.png,24320,18944
patch_13417.png,24576,18944
patch_13418.png,24832,18944
patch_13419.png,25088,18944
patch_13420.png,25344,18944
patch_13421.png,25600,18944
patch_13422.png,25856,18944
patch_13423.png,26112,18944
patch_13424.png,26368,18944
patch_13425.png,26624,18944
patch_13426.png,26880,18944
patch_13427.png,27136,18944
patch_13428.png,27392,18944
patch_13429.png,27648,18944
patch_13430.png,27904,18944
patch_13431.png,28160,18944
patch_13432.png,28416,18944
patch_13433.png,28672,18944
patch_13434.png,28928,18944
patch_13435.png,29184,18944
patch_13436.png,29440,18944
patch_13437.png,29696,18944
patch_13438.png,29952,18944
patch_13439.png,30208,18944
patch_13440.png,30464,18944
patch_13441.png,30720,18944
patch_13442.png,30976,18944
patch_13443.png,31232,18944
patch_13444.png,31488,18944
patch_13445.png,31744,18944
patch_13446.png,32000,18944
patch_13447.png,32256,18944
patch_13448.png,32512,18944
patch_13449.png,32768,18944
patch_13450.png,33024,18944
patch_13451.png,33280,18944
patch_13452.png,33536,18944
patch_13453.png,33792,18944
patch_13454.png,34048,18944
patch_13455.png,34304,18944
patch_13456.png,34560,18944
patch_13457.png,34816,18944
patch_13458.png,35072,18944
patch_13459.png,35328,18944
patch_13460.png,35584,18944
patch_13461.png,35840,18944
patch_13462.png,36096,18944
patch_13463.png,36352,18944
patch_13464.png,36608,18944
patch_13465.png,36864,18944
patch_13466.png,37120,18944
patch_13467.png,37376,18944
patch_13468.png,37632,18944
patch_13469.png,37888,18944
patch_13470.png,38144,18944
patch_13471.png,38400,18944
patch_13472.png,38656,18944
patch_13473.png,38912,18944
patch_13474.png,39168,18944
patch_13475.png,39424,18944
patch_13476.png,39680,18944
patch_13477.png,39936,18944
patch_13478.png,40192,18944
patch_13479.png,40448,18944
patch_13480.png,40704,18944
patch_13481.png,40960,18944
patch_13482.png,41216,18944
patch_13483.png,41472,18944
patch_13484.png,41728,18944
patch_13485.png,41984,18944
patch_13486.png,42240,18944
patch_13487.png,42496,18944
patch_13488.png,42752,18944
patch_13489.png,43008,18944
patch_13490.png,43264,18944
patch_13491.png,43520,18944
patch_13492.png,43776,18944
patch_13493.png,44032,18944
patch_13494.png,44288,18944
patch_13495.png,44544,18944
patch_13496.png,44800,18944
patch_13497.png,45056,18944
patch_13498.png,45312,18944
patch_13499.png,45568,18944
patch_13500.png,45824,18944
patch_13501.png,0,19200
patch_13502.png,256,19200
patch_13503.png,512,19200
patch_13504.png,768,19200
patch_13505.png,1024,19200
patch_13506.png,1280,19200
patch_13507.png,1536,19200
patch_13508.png,1792,19200
patch_13509.png,2048,19200
patch_13510.png,2304,19200
patch_13511.png,2560,19200
patch_13512.png,2816,19200
patch_13513.png,3072,19200
patch_13514.png,3328,19200
patch_13515.png,3584,19200
patch_13516.png,3840,19200
patch_13517.png,4096,19200
patch_13518.png,4352,19200
patch_13519.png,4608,19200
patch_13520.png,4864,19200
patch_13521.png,5120,19200
patch_13522.png,5376,19200
patch_13523.png,5632,19200
patch_13524.png,5888,19200
patch_13525.png,6144,19200
patch_13526.png,6400,19200
patch_13527.png,6656,19200
patch_13528.png,6912,19200
patch_13529.png,7168,19200
patch_13530.png,7424,19200
patch_13531.png,7680,19200
patch_13532.png,7936,19200
patch_13533.png,8192,19200
patch_13534.png,8448,19200
patch_13535.png,8704,19200
patch_13536.png,8960,19200
patch_13537.png,9216,19200
patch_13538.png,9472,19200
patch_13539.png,9728,19200
patch_13540.png,9984,19200
patch_13541.png,10240,19200
patch_13542.png,10496,19200
patch_13543.png,10752,19200
patch_13544.png,11008,19200
patch_13545.png,11264,19200
patch_13546.png,11520,19200
patch_13547.png,11776,19200
patch_13548.png,12032,19200
patch_13549.png,12288,19200
patch_13550.png,12544,19200
patch_13551.png,12800,19200
patch_13552.png,13056,19200
patch_13553.png,13312,19200
patch_13554.png,13568,19200
patch_13555.png,13824,19200
patch_13556.png,14080,19200
patch_13557.png,14336,19200
patch_13558.png,14592,19200
patch_13559.png,14848,19200
patch_13560.png,15104,19200
patch_13561.png,15360,19200
patch_13562.png,15616,19200
patch_13563.png,15872,19200
patch_13564.png,16128,19200
patch_13565.png,16384,19200
patch_13566.png,16640,19200
patch_13567.png,16896,19200
patch_13568.png,17152,19200
patch_13569.png,17408,19200
patch_13570.png,17664,19200
patch_13571.png,17920,19200
patch_13572.png,18176,19200
patch_13573.png,18432,19200
patch_13574.png,18688,19200
patch_13575.png,18944,19200
patch_13576.png,19200,19200
patch_13577.png,19456,19200
patch_13578.png,19712,19200
patch_13579.png,19968,19200
patch_13580.png,20224,19200
patch_13581.png,20480,19200
patch_13582.png,20736,19200
patch_13583.png,20992,19200
patch_13584.png,21248,19200
patch_13585.png,21504,19200
patch_13586.png,21760,19200
patch_13587.png,22016,19200
patch_13588.png,22272,19200
patch_13589.png,22528,19200
patch_13590.png,22784,19200
patch_13591.png,23040,19200
patch_13592.png,23296,19200
patch_13593.png,23552,19200
patch_13594.png,23808,19200
patch_13595.png,24064,19200
patch_13596.png,24320,19200
patch_13597.png,24576,19200
patch_13598.png,24832,19200
patch_13599.png,25088,19200
patch_13600.png,25344,19200
patch_13601.png,25600,19200
patch_13602.png,25856,19200
patch_13603.png,26112,19200
patch_13604.png,26368,19200
patch_13605.png,26624,19200
patch_13606.png,26880,19200
patch_13607.png,27136,19200
patch_13608.png,27392,19200
patch_13609.png,27648,19200
patch_13610.png,27904,19200
patch_13611.png,28160,19200
patch_13612.png,28416,19200
patch_13613.png,28672,19200
patch_13614.png,28928,19200
patch_13615.png,29184,19200
patch_13616.png,29440,19200
patch_13617.png,29696,19200
patch_13618.png,29952,19200
patch_13619.png,30208,19200
patch_13620.png,30464,19200
patch_13621.png,30720,19200
patch_13622.png,30976,19200
patch_13623.png,31232,19200
patch_13624.png,31488,19200
patch_13625.png,31744,19200
patch_13626.png,32000,19200
patch_13627.png,32256,19200
patch_13628.png,32512,19200
patch_13629.png,32768,19200
patch_13630.png,33024,19200
patch_13631.png,33280,19200
patch_13632.png,33536,19200
patch_13633.png,33792,19200
patch_13634.png,34048,19200
patch_13635.png,34304,19200
patch_13636.png,34560,19200
patch_13637.png,34816,19200
patch_13638.png,35072,19200
patch_13639.png,35328,19200
patch_13640.png,35584,19200
patch_13641.png,35840,19200
patch_13642.png,36096,19200
patch_13643.png,36352,19200
patch_13644.png,36608,19200
patch_13645.png,36864,19200
patch_13646.png,37120,19200
patch_13647.png,37376,19200
patch_13648.png,37632,19200
patch_13649.png,37888,19200
patch_13650.png,38144,19200
patch_13651.png,38400,19200
patch_13652.png,38656,19200
patch_13653.png,38912,19200
patch_13654.png,39168,19200
patch_13655.png,39424,19200
patch_13656.png,39680,19200
patch_13657.png,39936,19200
patch_13658.png,40192,19200
patch_13659.png,40448,19200
patch_13660.png,40704,19200
patch_13661.png,40960,19200
patch_13662.png,41216,19200
patch_13663.png,41472,19200
patch_13664.png,41728,19200
patch_13665.png,41984,19200
patch_13666.png,42240,19200
patch_13667.png,42496,19200
patch_13668.png,42752,19200
patch_13669.png,43008,19200
patch_13670.png,43264,19200
patch_13671.png,43520,19200
patch_13672.png,43776,19200
patch_13673.png,44032,19200
patch_13674.png,44288,19200
patch_13675.png,44544,19200
patch_13676.png,44800,19200
patch_13677.png,45056,19200
patch_13678.png,45312,19200
patch_13679.png,45568,19200
patch_13680.png,45824,19200
patch_13681.png,0,19456
patch_13682.png,256,19456
patch_13683.png,512,19456
patch_13684.png,768,19456
patch_13685.png,1024,19456
patch_13686.png,1280,19456
patch_13687.png,1536,19456
patch_13688.png,1792,19456
patch_13689.png,2048,19456
patch_13690.png,2304,19456
patch_13691.png,2560,19456
patch_13692.png,2816,19456
patch_13693.png,3072,19456
patch_13694.png,3328,19456
patch_13695.png,3584,19456
patch_13696.png,3840,19456
patch_13697.png,4096,19456
patch_13698.png,4352,19456
patch_13699.png,4608,19456
patch_13700.png,4864,19456
patch_13701.png,5120,19456
patch_13702.png,5376,19456
patch_13703.png,5632,19456
patch_13704.png,5888,19456
patch_13705.png,6144,19456
patch_13706.png,6400,19456
patch_13707.png,6656,19456
patch_13708.png,6912,19456
patch_13709.png,7168,19456
patch_13710.png,7424,19456
patch_13711.png,7680,19456
patch_13712.png,7936,19456
patch_13713.png,8192,19456
patch_13714.png,8448,19456
patch_13715.png,8704,19456
patch_13716.png,8960,19456
patch_13717.png,9216,19456
patch_13718.png,9472,19456
patch_13719.png,9728,19456
patch_13720.png,9984,19456
patch_13721.png,10240,19456
patch_13722.png,10496,19456
patch_13723.png,10752,19456
patch_13724.png,11008,19456
patch_13725.png,11264,19456
patch_13726.png,11520,19456
patch_13727.png,11776,19456
patch_13728.png,12032,19456
patch_13729.png,12288,19456
patch_13730.png,12544,19456
patch_13731.png,12800,19456
patch_13732.png,13056,19456
patch_13733.png,13312,19456
patch_13734.png,13568,19456
patch_13735.png,13824,19456
patch_13736.png,14080,19456
patch_13737.png,14336,19456
patch_13738.png,14592,19456
patch_13739.png,14848,19456
patch_13740.png,15104,19456
patch_13741.png,15360,19456
patch_13742.png,15616,19456
patch_13743.png,15872,19456
patch_13744.png,16128,19456
patch_13745.png,16384,19456
patch_13746.png,16640,19456
patch_13747.png,16896,19456
patch_13748.png,17152,19456
patch_13749.png,17408,19456
patch_13750.png,17664,19456
patch_13751.png,17920,19456
patch_13752.png,18176,19456
patch_13753.png,18432,19456
patch_13754.png,18688,19456
patch_13755.png,18944,19456
patch_13756.png,19200,19456
patch_13757.png,19456,19456
patch_13758.png,19712,19456
patch_13759.png,19968,19456
patch_13760.png,20224,19456
patch_13761.png,20480,19456
patch_13762.png,20736,19456
patch_13763.png,20992,19456
patch_13764.png,21248,19456
patch_13765.png,21504,19456
patch_13766.png,21760,19456
patch_13767.png,22016,19456
patch_13768.png,22272,19456
patch_13769.png,22528,19456
patch_13770.png,22784,19456
patch_13771.png,23040,19456
patch_13772.png,23296,19456
patch_13773.png,23552,19456
patch_13774.png,23808,19456
patch_13775.png,24064,19456
patch_13776.png,24320,19456
patch_13777.png,24576,19456
patch_13778.png,24832,19456
patch_13779.png,25088,19456
patch_13780.png,25344,19456
patch_13781.png,25600,19456
patch_13782.png,25856,19456
patch_13783.png,26112,19456
patch_13784.png,26368,19456
patch_13785.png,26624,19456
patch_13786.png,26880,19456
patch_13787.png,27136,19456
patch_13788.png,27392,19456
patch_13789.png,27648,19456
patch_13790.png,27904,19456
patch_13791.png,28160,19456
patch_13792.png,28416,19456
patch_13793.png,28672,19456
patch_13794.png,28928,19456
patch_13795.png,29184,19456
patch_13796.png,29440,19456
patch_13797.png,29696,19456
patch_13798.png,29952,19456
patch_13799.png,30208,19456
patch_13800.png,30464,19456
patch_13801.png,30720,19456
patch_13802.png,30976,19456
patch_13803.png,31232,19456
patch_13804.png,31488,19456
patch_13805.png,31744,19456
patch_13806.png,32000,19456
patch_13807.png,32256,19456
patch_13808.png,32512,19456
patch_13809.png,32768,19456
patch_13810.png,33024,19456
patch_13811.png,33280,19456
patch_13812.png,33536,19456
patch_13813.png,33792,19456
patch_13814.png,34048,19456
patch_13815.png,34304,19456
patch_13816.png,34560,19456
patch_13817.png,34816,19456
patch_13818.png,35072,19456
patch_13819.png,35328,19456
patch_13820.png,35584,19456
patch_13821.png,35840,19456
patch_13822.png,36096,19456
patch_13823.png,36352,19456
patch_13824.png,36608,19456
patch_13825.png,36864,19456
patch_13826.png,37120,19456
patch_13827.png,37376,19456
patch_13828.png,37632,19456
patch_13829.png,37888,19456
patch_13830.png,38144,19456
patch_13831.png,38400,19456
patch_13832.png,38656,19456
patch_13833.png,38912,19456
patch_13834.png,39168,19456
patch_13835.png,39424,19456
patch_13836.png,39680,19456
patch_13837.png,39936,19456
patch_13838.png,40192,19456
patch_13839.png,40448,19456
patch_13840.png,40704,19456
patch_13841.png,40960,19456
patch_13842.png,41216,19456
patch_13843.png,41472,19456
patch_13844.png,41728,19456
patch_13845.png,41984,19456
patch_13846.png,42240,19456
patch_13847.png,42496,19456
patch_13848.png,42752,19456
patch_13849.png,43008,19456
patch_13850.png,43264,19456
patch_13851.png,43520,19456
patch_13852.png,43776,19456
patch_13853.png,44032,19456
patch_13854.png,44288,19456
patch_13855.png,44544,19456
patch_13856.png,44800,19456
patch_13857.png,45056,19456
patch_13858.png,45312,19456
patch_13859.png,45568,19456
patch_13860.png,45824,19456
patch_13861.png,0,19712
patch_13862.png,256,19712
patch_13863.png,512,19712
patch_13864.png,768,19712
patch_13865.png,1024,19712
patch_13866.png,1280,19712
patch_13867.png,1536,19712
patch_13868.png,1792,19712
patch_13869.png,2048,19712
patch_13870.png,2304,19712
patch_13871.png,2560,19712
patch_13872.png,2816,19712
patch_13873.png,3072,19712
patch_13874.png,3328,19712
patch_13875.png,3584,19712
patch_13876.png,3840,19712
patch_13877.png,4096,19712
patch_13878.png,4352,19712
patch_13879.png,4608,19712
patch_13880.png,4864,19712
patch_13881.png,5120,19712
patch_13882.png,5376,19712
patch_13883.png,5632,19712
patch_13884.png,5888,19712
patch_13885.png,6144,19712
patch_13886.png,6400,19712
patch_13887.png,6656,19712
patch_13888.png,6912,19712
patch_13889.png,7168,19712
patch_13890.png,7424,19712
patch_13891.png,7680,19712
patch_13892.png,7936,19712
patch_13893.png,8192,19712
patch_13894.png,8448,19712
patch_13895.png,8704,19712
patch_13896.png,8960,19712
patch_13897.png,9216,19712
patch_13898.png,9472,19712
patch_13899.png,9728,19712
patch_13900.png,9984,19712
patch_13901.png,10240,19712
patch_13902.png,10496,19712
patch_13903.png,10752,19712
patch_13904.png,11008,19712
patch_13905.png,11264,19712
patch_13906.png,11520,19712
patch_13907.png,11776,19712
patch_13908.png,12032,19712
patch_13909.png,12288,19712
patch_13910.png,12544,19712
patch_13911.png,12800,19712
patch_13912.png,13056,19712
patch_13913.png,13312,19712
patch_13914.png,13568,19712
patch_13915.png,13824,19712
patch_13916.png,14080,19712
patch_13917.png,14336,19712
patch_13918.png,14592,19712
patch_13919.png,14848,19712
patch_13920.png,15104,19712
patch_13921.png,15360,19712
patch_13922.png,15616,19712
patch_13923.png,15872,19712
patch_13924.png,16128,19712
patch_13925.png,16384,19712
patch_13926.png,16640,19712
patch_13927.png,16896,19712
patch_13928.png,17152,19712
patch_13929.png,17408,19712
patch_13930.png,17664,19712
patch_13931.png,17920,19712
patch_13932.png,18176,19712
patch_13933.png,18432,19712
patch_13934.png,18688,19712
patch_13935.png,18944,19712
patch_13936.png,19200,19712
patch_13937.png,19456,19712
patch_13938.png,19712,19712
patch_13939.png,19968,19712
patch_13940.png,20224,19712
patch_13941.png,20480,19712
patch_13942.png,20736,19712
patch_13943.png,20992,19712
patch_13944.png,21248,19712
patch_13945.png,21504,19712
patch_13946.png,21760,19712
patch_13947.png,22016,19712
patch_13948.png,22272,19712
patch_13949.png,22528,19712
patch_13950.png,22784,19712
patch_13951.png,23040,19712
patch_13952.png,23296,19712
patch_13953.png,23552,19712
patch_13954.png,23808,19712
patch_13955.png,24064,19712
patch_13956.png,24320,19712
patch_13957.png,24576,19712
patch_13958.png,24832,19712
patch_13959.png,25088,19712
patch_13960.png,25344,19712
patch_13961.png,25600,19712
patch_13962.png,25856,19712
patch_13963.png,26112,19712
patch_13964.png,26368,19712
patch_13965.png,26624,19712
patch_13966.png,26880,19712
patch_13967.png,27136,19712
patch_13968.png,27392,19712
patch_13969.png,27648,19712
patch_13970.png,27904,19712
patch_13971.png,28160,19712
patch_13972.png,28416,19712
patch_13973.png,28672,19712
patch_13974.png,28928,19712
patch_13975.png,29184,19712
patch_13976.png,29440,19712
patch_13977.png,29696,19712
patch_13978.png,29952,19712
patch_13979.png,30208,19712
patch_13980.png,30464,19712
patch_13981.png,30720,19712
patch_13982.png,30976,19712
patch_13983.png,31232,19712
patch_13984.png,31488,19712
patch_13985.png,31744,19712
patch_13986.png,32000,19712
patch_13987.png,32256,19712
patch_13988.png,32512,19712
patch_13989.png,32768,19712
patch_13990.png,33024,19712
patch_13991.png,33280,19712
patch_13992.png,33536,19712
patch_13993.png,33792,19712
patch_13994.png,34048,19712
patch_13995.png,34304,19712
patch_13996.png,34560,19712
patch_13997.png,34816,19712
patch_13998.png,35072,19712
patch_13999.png,35328,19712
patch_14000.png,35584,19712
patch_14001.png,35840,19712
patch_14002.png,36096,19712
patch_14003.png,36352,19712
patch_14004.png,36608,19712
patch_14005.png,36864,19712
patch_14006.png,37120,19712
patch_14007.png,37376,19712
patch_14008.png,37632,19712
patch_14009.png,37888,19712
patch_14010.png,38144,19712
patch_14011.png,38400,19712
patch_14012.png,38656,19712
patch_14013.png,38912,19712
patch_14014.png,39168,19712
patch_14015.png,39424,19712
patch_14016.png,39680,19712
patch_14017.png,39936,19712
patch_14018.png,40192,19712
patch_14019.png,40448,19712
patch_14020.png,40704,19712
patch_14021.png,40960,19712
patch_14022.png,41216,19712
patch_14023.png,41472,19712
patch_14024.png,41728,19712
patch_14025.png,41984,19712
patch_14026.png,42240,19712
patch_14027.png,42496,19712
patch_14028.png,42752,19712
patch_14029.png,43008,19712
patch_14030.png,43264,19712
patch_14031.png,43520,19712
patch_14032.png,43776,19712
patch_14033.png,44032,19712
patch_14034.png,44288,19712
patch_14035.png,44544,19712
patch_14036.png,44800,19712
patch_14037.png,45056,19712
patch_14038.png,45312,19712
patch_14039.png,45568,19712
patch_14040.png,45824,19712
patch_14041.png,0,19968
patch_14042.png,256,19968
patch_14043.png,512,19968
patch_14044.png,768,19968
patch_14045.png,1024,19968
patch_14046.png,1280,19968
patch_14047.png,1536,19968
patch_14048.png,1792,19968
patch_14049.png,2048,19968
patch_14050.png,2304,19968
patch_14051.png,2560,19968
patch_14052.png,2816,19968
patch_14053.png,3072,19968
patch_14054.png,3328,19968
patch_14055.png,3584,19968
patch_14056.png,3840,19968
patch_14057.png,4096,19968
patch_14058.png,4352,19968
patch_14059.png,4608,19968
patch_14060.png,4864,19968
patch_14061.png,5120,19968
patch_14062.png,5376,19968
patch_14063.png,5632,19968
patch_14064.png,5888,19968
patch_14065.png,6144,19968
patch_14066.png,6400,19968
patch_14067.png,6656,19968
patch_14068.png,6912,19968
patch_14069.png,7168,19968
patch_14070.png,7424,19968
patch_14071.png,7680,19968
patch_14072.png,7936,19968
patch_14073.png,8192,19968
patch_14074.png,8448,19968
patch_14075.png,8704,19968
patch_14076.png,8960,19968
patch_14077.png,9216,19968
patch_14078.png,9472,19968
patch_14079.png,9728,19968
patch_14080.png,9984,19968
patch_14081.png,10240,19968
patch_14082.png,10496,19968
patch_14083.png,10752,19968
patch_14084.png,11008,19968
patch_14085.png,11264,19968
patch_14086.png,11520,19968
patch_14087.png,11776,19968
patch_14088.png,12032,19968
patch_14089.png,12288,19968
patch_14090.png,12544,19968
patch_14091.png,12800,19968
patch_14092.png,13056,19968
patch_14093.png,13312,19968
patch_14094.png,13568,19968
patch_14095.png,13824,19968
patch_14096.png,14080,19968
patch_14097.png,14336,19968
patch_14098.png,14592,19968
patch_14099.png,14848,19968
patch_14100.png,15104,19968
patch_14101.png,15360,19968
patch_14102.png,15616,19968
patch_14103.png,15872,19968
patch_14104.png,16128,19968
patch_14105.png,16384,19968
patch_14106.png,16640,19968
patch_14107.png,16896,19968
patch_14108.png,17152,19968
patch_14109.png,17408,19968
patch_14110.png,17664,19968
patch_14111.png,17920,19968
patch_14112.png,18176,19968
patch_14113.png,18432,19968
patch_14114.png,18688,19968
patch_14115.png,18944,19968
patch_14116.png,19200,19968
patch_14117.png,19456,19968
patch_14118.png,19712,19968
patch_14119.png,19968,19968
patch_14120.png,20224,19968
patch_14121.png,20480,19968
patch_14122.png,20736,19968
patch_14123.png,20992,19968
patch_14124.png,21248,19968
patch_14125.png,21504,19968
patch_14126.png,21760,19968
patch_14127.png,22016,19968
patch_14128.png,22272,19968
patch_14129.png,22528,19968
patch_14130.png,22784,19968
patch_14131.png,23040,19968
patch_14132.png,23296,19968
patch_14133.png,23552,19968
patch_14134.png,23808,19968
patch_14135.png,24064,19968
patch_14136.png,24320,19968
patch_14137.png,24576,19968
patch_14138.png,24832,19968
patch_14139.png,25088,19968
patch_14140.png,25344,19968
patch_14141.png,25600,19968
patch_14142.png,25856,19968
patch_14143.png,26112,19968
patch_14144.png,26368,19968
patch_14145.png,26624,19968
patch_14146.png,26880,19968
patch_14147.png,27136,19968
patch_14148.png,27392,19968
patch_14149.png,27648,19968
patch_14150.png,27904,19968
patch_14151.png,28160,19968
patch_14152.png,28416,19968
patch_14153.png,28672,19968
patch_14154.png,28928,19968
patch_14155.png,29184,19968
patch_14156.png,29440,19968
patch_14157.png,29696,19968
patch_14158.png,29952,19968
patch_14159.png,30208,19968
patch_14160.png,30464,19968
patch_14161.png,30720,19968
patch_14162.png,30976,19968
patch_14163.png,31232,19968
patch_14164.png,31488,19968
patch_14165.png,31744,19968
patch_14166.png,32000,19968
patch_14167.png,32256,19968
patch_14168.png,32512,19968
patch_14169.png,32768,19968
patch_14170.png,33024,19968
patch_14171.png,33280,19968
patch_14172.png,33536,19968
patch_14173.png,33792,19968
patch_14174.png,34048,19968
patch_14175.png,34304,19968
patch_14176.png,34560,19968
patch_14177.png,34816,19968
patch_14178.png,35072,19968
patch_14179.png,35328,19968
patch_14180.png,35584,19968
patch_14181.png,35840,19968
patch_14182.png,36096,19968
patch_14183.png,36352,19968
patch_14184.png,36608,19968
patch_14185.png,36864,19968
patch_14186.png,37120,19968
patch_14187.png,37376,19968
patch_14188.png,37632,19968
patch_14189.png,37888,19968
patch_14190.png,38144,19968
patch_14191.png,38400,19968
patch_14192.png,38656,19968
patch_14193.png,38912,19968
patch_14194.png,39168,19968
patch_14195.png,39424,19968
patch_14196.png,39680,19968
patch_14197.png,39936,19968
patch_14198.png,40192,19968
patch_14199.png,40448,19968
patch_14200.png,40704,19968
patch_14201.png,40960,19968
patch_14202.png,41216,19968
patch_14203.png,41472,19968
patch_14204.png,41728,19968
patch_14205.png,41984,19968
patch_14206.png,42240,19968
patch_14207.png,42496,19968
patch_14208.png,42752,19968
patch_14209.png,43008,19968
patch_14210.png,43264,19968
patch_14211.png,43520,19968
patch_14212.png,43776,19968
patch_14213.png,44032,19968
patch_14214.png,44288,19968
patch_14215.png,44544,19968
patch_14216.png,44800,19968
patch_14217.png,45056,19968
patch_14218.png,45312,19968
patch_14219.png,45568,19968
patch_14220.png,45824,19968
patch_14221.png,0,20224
patch_14222.png,256,20224
patch_14223.png,512,20224
patch_14224.png,768,20224
patch_14225.png,1024,20224
patch_14226.png,1280,20224
patch_14227.png,1536,20224
patch_14228.png,1792,20224
patch_14229.png,2048,20224
patch_14230.png,2304,20224
patch_14231.png,2560,20224
patch_14232.png,2816,20224
patch_14233.png,3072,20224
patch_14234.png,3328,20224
patch_14235.png,3584,20224
patch_14236.png,3840,20224
patch_14237.png,4096,20224
patch_14238.png,4352,20224
patch_14239.png,4608,20224
patch_14240.png,4864,20224
patch_14241.png,5120,20224
patch_14242.png,5376,20224
patch_14243.png,5632,20224
patch_14244.png,5888,20224
patch_14245.png,6144,20224
patch_14246.png,6400,20224
patch_14247.png,6656,20224
patch_14248.png,6912,20224
patch_14249.png,7168,20224
patch_14250.png,7424,20224
patch_14251.png,7680,20224
patch_14252.png,7936,20224
patch_14253.png,8192,20224
patch_14254.png,8448,20224
patch_14255.png,8704,20224
patch_14256.png,8960,20224
patch_14257.png,9216,20224
patch_14258.png,9472,20224
patch_14259.png,9728,20224
patch_14260.png,9984,20224
patch_14261.png,10240,20224
patch_14262.png,10496,20224
patch_14263.png,10752,20224
patch_14264.png,11008,20224
patch_14265.png,11264,20224
patch_14266.png,11520,20224
patch_14267.png,11776,20224
patch_14268.png,12032,20224
patch_14269.png,12288,20224
patch_14270.png,12544,20224
patch_14271.png,12800,20224
patch_14272.png,13056,20224
patch_14273.png,13312,20224
patch_14274.png,13568,20224
patch_14275.png,13824,20224
patch_14276.png,14080,20224
patch_14277.png,14336,20224
patch_14278.png,14592,20224
patch_14279.png,14848,20224
patch_14280.png,15104,20224
patch_14281.png,15360,20224
patch_14282.png,15616,20224
patch_14283.png,15872,20224
patch_14284.png,16128,20224
patch_14285.png,16384,20224
patch_14286.png,16640,20224
patch_14287.png,16896,20224
patch_14288.png,17152,20224
patch_14289.png,17408,20224
patch_14290.png,17664,20224
patch_14291.png,17920,20224
patch_14292.png,18176,20224
patch_14293.png,18432,20224
patch_14294.png,18688,20224
patch_14295.png,18944,20224
patch_14296.png,19200,20224
patch_14297.png,19456,20224
patch_14298.png,19712,20224
patch_14299.png,19968,20224
patch_14300.png,20224,20224
patch_14301.png,20480,20224
patch_14302.png,20736,20224
patch_14303.png,20992,20224
patch_14304.png,21248,20224
patch_14305.png,21504,20224
patch_14306.png,21760,20224
patch_14307.png,22016,20224
patch_14308.png,22272,20224
patch_14309.png,22528,20224
patch_14310.png,22784,20224
patch_14311.png,23040,20224
patch_14312.png,23296,20224
patch_14313.png,23552,20224
patch_14314.png,23808,20224
patch_14315.png,24064,20224
patch_14316.png,24320,20224
patch_14317.png,24576,20224
patch_14318.png,24832,20224
patch_14319.png,25088,20224
patch_14320.png,25344,20224
patch_14321.png,25600,20224
patch_14322.png,25856,20224
patch_14323.png,26112,20224
patch_14324.png,26368,20224
patch_14325.png,26624,20224
patch_14326.png,26880,20224
patch_14327.png,27136,20224
patch_14328.png,27392,20224
patch_14329.png,27648,20224
patch_14330.png,27904,20224
patch_14331.png,28160,20224
patch_14332.png,28416,20224
patch_14333.png,28672,20224
patch_14334.png,28928,20224
patch_14335.png,29184,20224
patch_14336.png,29440,20224
patch_14337.png,29696,20224
patch_14338.png,29952,20224
patch_14339.png,30208,20224
patch_14340.png,30464,20224
patch_14341.png,30720,20224
patch_14342.png,30976,20224
patch_14343.png,31232,20224
patch_14344.png,31488,20224
patch_14345.png,31744,20224
patch_14346.png,32000,20224
patch_14347.png,32256,20224
patch_14348.png,32512,20224
patch_14349.png,32768,20224
patch_14350.png,33024,20224
patch_14351.png,33280,20224
patch_14352.png,33536,20224
patch_14353.png,33792,20224
patch_14354.png,34048,20224
patch_14355.png,34304,20224
patch_14356.png,34560,20224
patch_14357.png,34816,20224
patch_14358.png,35072,20224
patch_14359.png,35328,20224
patch_14360.png,35584,20224
patch_14361.png,35840,20224
patch_14362.png,36096,20224
patch_14363.png,36352,20224
patch_14364.png,36608,20224
patch_14365.png,36864,20224
patch_14366.png,37120,20224
patch_14367.png,37376,20224
patch_14368.png,37632,20224
patch_14369.png,37888,20224
patch_14370.png,38144,20224
patch_14371.png,38400,20224
patch_14372.png,38656,20224
patch_14373.png,38912,20224
patch_14374.png,39168,20224
patch_14375.png,39424,20224
patch_14376.png,39680,20224
patch_14377.png,39936,20224
patch_14378.png,40192,20224
patch_14379.png,40448,20224
patch_14380.png,40704,20224
patch_14381.png,40960,20224
patch_14382.png,41216,20224
patch_14383.png,41472,20224
patch_14384.png,41728,20224
patch_14385.png,41984,20224
patch_14386.png,42240,20224
patch_14387.png,42496,20224
patch_14388.png,42752,20224
patch_14389.png,43008,20224
patch_14390.png,43264,20224
patch_14391.png,43520,20224
patch_14392.png,43776,20224
patch_14393.png,44032,20224
patch_14394.png,44288,20224
patch_14395.png,44544,20224
patch_14396.png,44800,20224
patch_14397.png,45056,20224
patch_14398.png,45312,20224
patch_14399.png,45568,20224
patch_14400.png,45824,20224
patch_14401.png,0,20480
patch_14402.png,256,20480
patch_14403.png,512,20480
patch_14404.png,768,20480
patch_14405.png,1024,20480
patch_14406.png,1280,20480
patch_14407.png,1536,20480
patch_14408.png,1792,20480
patch_14409.png,2048,20480
patch_14410.png,2304,20480
patch_14411.png,2560,20480
patch_14412.png,2816,20480
patch_14413.png,3072,20480
patch_14414.png,3328,20480
patch_14415.png,3584,20480
patch_14416.png,3840,20480
patch_14417.png,4096,20480
patch_14418.png,4352,20480
patch_14419.png,4608,20480
patch_14420.png,4864,20480
patch_14421.png,5120,20480
patch_14422.png,5376,20480
patch_14423.png,5632,20480
patch_14424.png,5888,20480
patch_14425.png,6144,20480
patch_14426.png,6400,20480
patch_14427.png,6656,20480
patch_14428.png,6912,20480
patch_14429.png,7168,20480
patch_14430.png,7424,20480
patch_14431.png,7680,20480
patch_14432.png,7936,20480
patch_14433.png,8192,20480
patch_14434.png,8448,20480
patch_14435.png,8704,20480
patch_14436.png,8960,20480
patch_14437.png,9216,20480
patch_14438.png,9472,20480
patch_14439.png,9728,20480
patch_14440.png,9984,20480
patch_14441.png,10240,20480
patch_14442.png,10496,20480
patch_14443.png,10752,20480
patch_14444.png,11008,20480
patch_14445.png,11264,20480
patch_14446.png,11520,20480
patch_14447.png,11776,20480
patch_14448.png,12032,20480
patch_14449.png,12288,20480
patch_14450.png,12544,20480
patch_14451.png,12800,20480
patch_14452.png,13056,20480
patch_14453.png,13312,20480
patch_14454.png,13568,20480
patch_14455.png,13824,20480
patch_14456.png,14080,20480
patch_14457.png,14336,20480
patch_14458.png,14592,20480
patch_14459.png,14848,20480
patch_14460.png,15104,20480
patch_14461.png,15360,20480
patch_14462.png,15616,20480
patch_14463.png,15872,20480
patch_14464.png,16128,20480
patch_14465.png,16384,20480
patch_14466.png,16640,20480
patch_14467.png,16896,20480
patch_14468.png,17152,20480
patch_14469.png,17408,20480
patch_14470.png,17664,20480
patch_14471.png,17920,20480
patch_14472.png,18176,20480
patch_14473.png,18432,20480
patch_14474.png,18688,20480
patch_14475.png,18944,20480
patch_14476.png,19200,20480
patch_14477.png,19456,20480
patch_14478.png,19712,20480
patch_14479.png,19968,20480
patch_14480.png,20224,20480
patch_14481.png,20480,20480
patch_14482.png,20736,20480
patch_14483.png,20992,20480
patch_14484.png,21248,20480
patch_14485.png,21504,20480
patch_14486.png,21760,20480
patch_14487.png,22016,20480
patch_14488.png,22272,20480
patch_14489.png,22528,20480
patch_14490.png,22784,20480
patch_14491.png,23040,20480
patch_14492.png,23296,20480
patch_14493.png,23552,20480
patch_14494.png,23808,20480
patch_14495.png,24064,20480
patch_14496.png,24320,20480
patch_14497.png,24576,20480
patch_14498.png,24832,20480
patch_14499.png,25088,20480
patch_14500.png,25344,20480
patch_14501.png,25600,20480
patch_14502.png,25856,20480
patch_14503.png,26112,20480
patch_14504.png,26368,20480
patch_14505.png,26624,20480
patch_14506.png,26880,20480
patch_14507.png,27136,20480
patch_14508.png,27392,20480
patch_14509.png,27648,20480
patch_14510.png,27904,20480
patch_14511.png,28160,20480
patch_14512.png,28416,20480
patch_14513.png,28672,20480
patch_14514.png,28928,20480
patch_14515.png,29184,20480
patch_14516.png,29440,20480
patch_14517.png,29696,20480
patch_14518.png,29952,20480
patch_14519.png,30208,20480
patch_14520.png,30464,20480
patch_14521.png,30720,20480
patch_14522.png,30976,20480
patch_14523.png,31232,20480
patch_14524.png,31488,20480
patch_14525.png,31744,20480
patch_14526.png,32000,20480
patch_14527.png,32256,20480
patch_14528.png,32512,20480
patch_14529.png,32768,20480
patch_14530.png,33024,20480
patch_14531.png,33280,20480
patch_14532.png,33536,20480
patch_14533.png,33792,20480
patch_14534.png,34048,20480
patch_14535.png,34304,20480
patch_14536.png,34560,20480
patch_14537.png,34816,20480
patch_14538.png,35072,20480
patch_14539.png,35328,20480
patch_14540.png,35584,20480
patch_14541.png,35840,20480
patch_14542.png,36096,20480
patch_14543.png,36352,20480
patch_14544.png,36608,20480
patch_14545.png,36864,20480
patch_14546.png,37120,20480
patch_14547.png,37376,20480
patch_14548.png,37632,20480
patch_14549.png,37888,20480
patch_14550.png,38144,20480
patch_14551.png,38400,20480
patch_14552.png,38656,20480
patch_14553.png,38912,20480
patch_14554.png,39168,20480
patch_14555.png,39424,20480
patch_14556.png,39680,20480
patch_14557.png,39936,20480
patch_14558.png,40192,20480
patch_14559.png,40448,20480
patch_14560.png,40704,20480
patch_14561.png,40960,20480
patch_14562.png,41216,20480
patch_14563.png,41472,20480
patch_14564.png,41728,20480
patch_14565.png,41984,20480
patch_14566.png,42240,20480
patch_14567.png,42496,20480
patch_14568.png,42752,20480
patch_14569.png,43008,20480
patch_14570.png,43264,20480
patch_14571.png,43520,20480
patch_14572.png,43776,20480
patch_14573.png,44032,20480
patch_14574.png,44288,20480
patch_14575.png,44544,20480
patch_14576.png,44800,20480
patch_14577.png,45056,20480
patch_14578.png,45312,20480
patch_14579.png,45568,20480
patch_14580.png,45824,20480
patch_14581.png,0,20736
patch_14582.png,256,20736
patch_14583.png,512,20736
patch_14584.png,768,20736
patch_14585.png,1024,20736
patch_14586.png,1280,20736
patch_14587.png,1536,20736
patch_14588.png,1792,20736
patch_14589.png,2048,20736
patch_14590.png,2304,20736
patch_14591.png,2560,20736
patch_14592.png,2816,20736
patch_14593.png,3072,20736
patch_14594.png,3328,20736
patch_14595.png,3584,20736
patch_14596.png,3840,20736
patch_14597.png,4096,20736
patch_14598.png,4352,20736
patch_14599.png,4608,20736
patch_14600.png,4864,20736
patch_14601.png,5120,20736
patch_14602.png,5376,20736
patch_14603.png,5632,20736
patch_14604.png,5888,20736
patch_14605.png,6144,20736
patch_14606.png,6400,20736
patch_14607.png,6656,20736
patch_14608.png,6912,20736
patch_14609.png,7168,20736
patch_14610.png,7424,20736
patch_14611.png,7680,20736
patch_14612.png,7936,20736
patch_14613.png,8192,20736
patch_14614.png,8448,20736
patch_14615.png,8704,20736
patch_14616.png,8960,20736
patch_14617.png,9216,20736
patch_14618.png,9472,20736
patch_14619.png,9728,20736
patch_14620.png,9984,20736
patch_14621.png,10240,20736
patch_14622.png,10496,20736
patch_14623.png,10752,20736
patch_14624.png,11008,20736
patch_14625.png,11264,20736
patch_14626.png,11520,20736
patch_14627.png,11776,20736
patch_14628.png,12032,20736
patch_14629.png,12288,20736
patch_14630.png,12544,20736
patch_14631.png,12800,20736
patch_14632.png,13056,20736
patch_14633.png,13312,20736
patch_14634.png,13568,20736
patch_14635.png,13824,20736
patch_14636.png,14080,20736
patch_14637.png,14336,20736
patch_14638.png,14592,20736
patch_14639.png,14848,20736
patch_14640.png,15104,20736
patch_14641.png,15360,20736
patch_14642.png,15616,20736
patch_14643.png,15872,20736
patch_14644.png,16128,20736
patch_14645.png,16384,20736
patch_14646.png,16640,20736
patch_14647.png,16896,20736
patch_14648.png,17152,20736
patch_14649.png,17408,20736
patch_14650.png,17664,20736
patch_14651.png,17920,20736
patch_14652.png,18176,20736
patch_14653.png,18432,20736
patch_14654.png,18688,20736
patch_14655.png,18944,20736
patch_14656.png,19200,20736
patch_14657.png,19456,20736
patch_14658.png,19712,20736
patch_14659.png,19968,20736
patch_14660.png,20224,20736
patch_14661.png,20480,20736
patch_14662.png,20736,20736
patch_14663.png,20992,20736
patch_14664.png,21248,20736
patch_14665.png,21504,20736
patch_14666.png,21760,20736
patch_14667.png,22016,20736
patch_14668.png,22272,20736
patch_14669.png,22528,20736
patch_14670.png,22784,20736
patch_14671.png,23040,20736
patch_14672.png,23296,20736
patch_14673.png,23552,20736
patch_14674.png,23808,20736
patch_14675.png,24064,20736
patch_14676.png,24320,20736
patch_14677.png,24576,20736
patch_14678.png,24832,20736
patch_14679.png,25088,20736
patch_14680.png,25344,20736
patch_14681.png,25600,20736
patch_14682.png,25856,20736
patch_14683.png,26112,20736
patch_14684.png,26368,20736
patch_14685.png,26624,20736
patch_14686.png,26880,20736
patch_14687.png,27136,20736
patch_14688.png,27392,20736
patch_14689.png,27648,20736
patch_14690.png,27904,20736
patch_14691.png,28160,20736
patch_14692.png,28416,20736
patch_14693.png,28672,20736
patch_14694.png,28928,20736
patch_14695.png,29184,20736
patch_14696.png,29440,20736
patch_14697.png,29696,20736
patch_14698.png,29952,20736
patch_14699.png,30208,20736
patch_14700.png,30464,20736
patch_14701.png,30720,20736
patch_14702.png,30976,20736
patch_14703.png,31232,20736
patch_14704.png,31488,20736
patch_14705.png,31744,20736
patch_14706.png,32000,20736
patch_14707.png,32256,20736
patch_14708.png,32512,20736
patch_14709.png,32768,20736
patch_14710.png,33024,20736
patch_14711.png,33280,20736
patch_14712.png,33536,20736
patch_14713.png,33792,20736
patch_14714.png,34048,20736
patch_14715.png,34304,20736
patch_14716.png,34560,20736
patch_14717.png,34816,20736
patch_14718.png,35072,20736
patch_14719.png,35328,20736
patch_14720.png,35584,20736
patch_14721.png,35840,20736
patch_14722.png,36096,20736
patch_14723.png,36352,20736
patch_14724.png,36608,20736
patch_14725.png,36864,20736
patch_14726.png,37120,20736
patch_14727.png,37376,20736
patch_14728.png,37632,20736
patch_14729.png,37888,20736
patch_14730.png,38144,20736
patch_14731.png,38400,20736
patch_14732.png,38656,20736
patch_14733.png,38912,20736
patch_14734.png,39168,20736
patch_14735.png,39424,20736
patch_14736.png,39680,20736
patch_14737.png,39936,20736
patch_14738.png,40192,20736
patch_14739.png,40448,20736
patch_14740.png,40704,20736
patch_14741.png,40960,20736
patch_14742.png,41216,20736
patch_14743.png,41472,20736
patch_14744.png,41728,20736
patch_14745.png,41984,20736
patch_14746.png,42240,20736
patch_14747.png,42496,20736
patch_14748.png,42752,20736
patch_14749.png,43008,20736
patch_14750.png,43264,20736
patch_14751.png,43520,20736
patch_14752.png,43776,20736
patch_14753.png,44032,20736
patch_14754.png,44288,20736
patch_14755.png,44544,20736
patch_14756.png,44800,20736
patch_14757.png,45056,20736
patch_14758.png,45312,20736
patch_14759.png,45568,20736
patch_14760.png,45824,20736
patch_14761.png,0,20992
patch_14762.png,256,20992
patch_14763.png,512,20992
patch_14764.png,768,20992
patch_14765.png,1024,20992
patch_14766.png,1280,20992
patch_14767.png,1536,20992
patch_14768.png,1792,20992
patch_14769.png,2048,20992
patch_14770.png,2304,20992
patch_14771.png,2560,20992
patch_14772.png,2816,20992
patch_14773.png,3072,20992
patch_14774.png,3328,20992
patch_14775.png,3584,20992
patch_14776.png,3840,20992
patch_14777.png,4096,20992
patch_14778.png,4352,20992
patch_14779.png,4608,20992
patch_14780.png,4864,20992
patch_14781.png,5120,20992
patch_14782.png,5376,20992
patch_14783.png,5632,20992
patch_14784.png,5888,20992
patch_14785.png,6144,20992
patch_14786.png,6400,20992
patch_14787.png,6656,20992
patch_14788.png,6912,20992
patch_14789.png,7168,20992
patch_14790.png,7424,20992
patch_14791.png,7680,20992
patch_14792.png,7936,20992
patch_14793.png,8192,20992
patch_14794.png,8448,20992
patch_14795.png,8704,20992
patch_14796.png,8960,20992
patch_14797.png,9216,20992
patch_14798.png,9472,20992
patch_14799.png,9728,20992
patch_14800.png,9984,20992
patch_14801.png,10240,20992
patch_14802.png,10496,20992
patch_14803.png,10752,20992
patch_14804.png,11008,20992
patch_14805.png,11264,20992
patch_14806.png,11520,20992
patch_14807.png,11776,20992
patch_14808.png,12032,20992
patch_14809.png,12288,20992
patch_14810.png,12544,20992
patch_14811.png,12800,20992
patch_14812.png,13056,20992
patch_14813.png,13312,20992
patch_14814.png,13568,20992
patch_14815.png,13824,20992
patch_14816.png,14080,20992
patch_14817.png,14336,20992
patch_14818.png,14592,20992
patch_14819.png,14848,20992
patch_14820.png,15104,20992
patch_14821.png,15360,20992
patch_14822.png,15616,20992
patch_14823.png,15872,20992
patch_14824.png,16128,20992
patch_14825.png,16384,20992
patch_14826.png,16640,20992
patch_14827.png,16896,20992
patch_14828.png,17152,20992
patch_14829.png,17408,20992
patch_14830.png,17664,20992
patch_14831.png,17920,20992
patch_14832.png,18176,20992
patch_14833.png,18432,20992
patch_14834.png,18688,20992
patch_14835.png,18944,20992
patch_14836.png,19200,20992
patch_14837.png,19456,20992
patch_14838.png,19712,20992
patch_14839.png,19968,20992
patch_14840.png,20224,20992
patch_14841.png,20480,20992
patch_14842.png,20736,20992
patch_14843.png,20992,20992
patch_14844.png,21248,20992
patch_14845.png,21504,20992
patch_14846.png,21760,20992
patch_14847.png,22016,20992
patch_14848.png,22272,20992
patch_14849.png,22528,20992
patch_14850.png,22784,20992
patch_14851.png,23040,20992
patch_14852.png,23296,20992
patch_14853.png,23552,20992
patch_14854.png,23808,20992
patch_14855.png,24064,20992
patch_14856.png,24320,20992
patch_14857.png,24576,20992
patch_14858.png,24832,20992
patch_14859.png,25088,20992
patch_14860.png,25344,20992
patch_14861.png,25600,20992
patch_14862.png,25856,20992
patch_14863.png,26112,20992
patch_14864.png,26368,20992
patch_14865.png,26624,20992
patch_14866.png,26880,20992
patch_14867.png,27136,20992
patch_14868.png,27392,20992
patch_14869.png,27648,20992
patch_14870.png,27904,20992
patch_14871.png,28160,20992
patch_14872.png,28416,20992
patch_14873.png,28672,20992
patch_14874.png,28928,20992
patch_14875.png,29184,20992
patch_14876.png,29440,20992
patch_14877.png,29696,20992
patch_14878.png,29952,20992
patch_14879.png,30208,20992
patch_14880.png,30464,20992
patch_14881.png,30720,20992
patch_14882.png,30976,20992
patch_14883.png,31232,20992
patch_14884.png,31488,20992
patch_14885.png,31744,20992
patch_14886.png,32000,20992
patch_14887.png,32256,20992
patch_14888.png,32512,20992
patch_14889.png,32768,20992
patch_14890.png,33024,20992
patch_14891.png,33280,20992
patch_14892.png,33536,20992
patch_14893.png,33792,20992
patch_14894.png,34048,20992
patch_14895.png,34304,20992
patch_14896.png,34560,20992
patch_14897.png,34816,20992
patch_14898.png,35072,20992
patch_14899.png,35328,20992
patch_14900.png,35584,20992
patch_14901.png,35840,20992
patch_14902.png,36096,20992
patch_14903.png,36352,20992
patch_14904.png,36608,20992
patch_14905.png,36864,20992
patch_14906.png,37120,20992
patch_14907.png,37376,20992
patch_14908.png,37632,20992
patch_14909.png,37888,20992
patch_14910.png,38144,20992
patch_14911.png,38400,20992
patch_14912.png,38656,20992
patch_14913.png,38912,20992
patch_14914.png,39168,20992
patch_14915.png,39424,20992
patch_14916.png,39680,20992
patch_14917.png,39936,20992
patch_14918.png,40192,20992
patch_14919.png,40448,20992
patch_14920.png,40704,20992
patch_14921.png,40960,20992
patch_14922.png,41216,20992
patch_14923.png,41472,20992
patch_14924.png,41728,20992
patch_14925.png,41984,20992
patch_14926.png,42240,20992
patch_14927.png,42496,20992
patch_14928.png,42752,20992
patch_14929.png,43008,20992
patch_14930.png,43264,20992
patch_14931.png,43520,20992
patch_14932.png,43776,20992
patch_14933.png,44032,20992
patch_14934.png,44288,20992
patch_14935.png,44544,20992
patch_14936.png,44800,20992
patch_14937.png,45056,20992
patch_14938.png,45312,20992
patch_14939.png,45568,20992
patch_14940.png,45824,20992
patch_14941.png,0,21248
patch_14942.png,256,21248
patch_14943.png,512,21248
patch_14944.png,768,21248
patch_14945.png,1024,21248
patch_14946.png,1280,21248
patch_14947.png,1536,21248
patch_14948.png,1792,21248
patch_14949.png,2048,21248
patch_14950.png,2304,21248
patch_14951.png,2560,21248
patch_14952.png,2816,21248
patch_14953.png,3072,21248
patch_14954.png,3328,21248
patch_14955.png,3584,21248
patch_14956.png,3840,21248
patch_14957.png,4096,21248
patch_14958.png,4352,21248
patch_14959.png,4608,21248
patch_14960.png,4864,21248
patch_14961.png,5120,21248
patch_14962.png,5376,21248
patch_14963.png,5632,21248
patch_14964.png,5888,21248
patch_14965.png,6144,21248
patch_14966.png,6400,21248
patch_14967.png,6656,21248
patch_14968.png,6912,21248
patch_14969.png,7168,21248
patch_14970.png,7424,21248
patch_14971.png,7680,21248
patch_14972.png,7936,21248
patch_14973.png,8192,21248
patch_14974.png,8448,21248
patch_14975.png,8704,21248
patch_14976.png,8960,21248
patch_14977.png,9216,21248
patch_14978.png,9472,21248
patch_14979.png,9728,21248
patch_14980.png,9984,21248
patch_14981.png,10240,21248
patch_14982.png,10496,21248
patch_14983.png,10752,21248
patch_14984.png,11008,21248
patch_14985.png,11264,21248
patch_14986.png,11520,21248
patch_14987.png,11776,21248
patch_14988.png,12032,21248
patch_14989.png,12288,21248
patch_14990.png,12544,21248
patch_14991.png,12800,21248
patch_14992.png,13056,21248
patch_14993.png,13312,21248
patch_14994.png,13568,21248
patch_14995.png,13824,21248
patch_14996.png,14080,21248
patch_14997.png,14336,21248
patch_14998.png,14592,21248
patch_14999.png,14848,21248
patch_15000.png,15104,21248
patch_15001.png,15360,21248
patch_15002.png,15616,21248
patch_15003.png,15872,21248
patch_15004.png,16128,21248
patch_15005.png,16384,21248
patch_15006.png,16640,21248
patch_15007.png,16896,21248
patch_15008.png,17152,21248
patch_15009.png,17408,21248
patch_15010.png,17664,21248
patch_15011.png,17920,21248
patch_15012.png,18176,21248
patch_15013.png,18432,21248
patch_15014.png,18688,21248
patch_15015.png,18944,21248
patch_15016.png,19200,21248
patch_15017.png,19456,21248
patch_15018.png,19712,21248
patch_15019.png,19968,21248
patch_15020.png,20224,21248
patch_15021.png,20480,21248
patch_15022.png,20736,21248
patch_15023.png,20992,21248
patch_15024.png,21248,21248
patch_15025.png,21504,21248
patch_15026.png,21760,21248
patch_15027.png,22016,21248
patch_15028.png,22272,21248
patch_15029.png,22528,21248
patch_15030.png,22784,21248
patch_15031.png,23040,21248
patch_15032.png,23296,21248
patch_15033.png,23552,21248
patch_15034.png,23808,21248
patch_15035.png,24064,21248
patch_15036.png,24320,21248
patch_15037.png,24576,21248
patch_15038.png,24832,21248
patch_15039.png,25088,21248
patch_15040.png,25344,21248
patch_15041.png,25600,21248
patch_15042.png,25856,21248
patch_15043.png,26112,21248
patch_15044.png,26368,21248
patch_15045.png,26624,21248
patch_15046.png,26880,21248
patch_15047.png,27136,21248
patch_15048.png,27392,21248
patch_15049.png,27648,21248
patch_15050.png,27904,21248
patch_15051.png,28160,21248
patch_15052.png,28416,21248
patch_15053.png,28672,21248
patch_15054.png,28928,21248
patch_15055.png,29184,21248
patch_15056.png,29440,21248
patch_15057.png,29696,21248
patch_15058.png,29952,21248
patch_15059.png,30208,21248
patch_15060.png,30464,21248
patch_15061.png,30720,21248
patch_15062.png,30976,21248
patch_15063.png,31232,21248
patch_15064.png,31488,21248
patch_15065.png,31744,21248
patch_15066.png,32000,21248
patch_15067.png,32256,21248
patch_15068.png,32512,21248
patch_15069.png,32768,21248
patch_15070.png,33024,21248
patch_15071.png,33280,21248
patch_15072.png,33536,21248
patch_15073.png,33792,21248
patch_15074.png,34048,21248
patch_15075.png,34304,21248
patch_15076.png,34560,21248
patch_15077.png,34816,21248
patch_15078.png,35072,21248
patch_15079.png,35328,21248
patch_15080.png,35584,21248
patch_15081.png,35840,21248
patch_15082.png,36096,21248
patch_15083.png,36352,21248
patch_15084.png,36608,21248
patch_15085.png,36864,21248
patch_15086.png,37120,21248
patch_15087.png,37376,21248
patch_15088.png,37632,21248
patch_15089.png,37888,21248
patch_15090.png,38144,21248
patch_15091.png,38400,21248
patch_15092.png,38656,21248
patch_15093.png,38912,21248
patch_15094.png,39168,21248
patch_15095.png,39424,21248
patch_15096.png,39680,21248
patch_15097.png,39936,21248
patch_15098.png,40192,21248
patch_15099.png,40448,21248
patch_15100.png,40704,21248
patch_15101.png,40960,21248
patch_15102.png,41216,21248
patch_15103.png,41472,21248
patch_15104.png,41728,21248
patch_15105.png,41984,21248
patch_15106.png,42240,21248
patch_15107.png,42496,21248
patch_15108.png,42752,21248
patch_15109.png,43008,21248
patch_15110.png,43264,21248
patch_15111.png,43520,21248
patch_15112.png,43776,21248
patch_15113.png,44032,21248
patch_15114.png,44288,21248
patch_15115.png,44544,21248
patch_15116.png,44800,21248
patch_15117.png,45056,21248
patch_15118.png,45312,21248
patch_15119.png,45568,21248
patch_15120.png,45824,21248
patch_15121.png,0,21504
patch_15122.png,256,21504
patch_15123.png,512,21504
patch_15124.png,768,21504
patch_15125.png,1024,21504
patch_15126.png,1280,21504
patch_15127.png,1536,21504
patch_15128.png,1792,21504
patch_15129.png,2048,21504
patch_15130.png,2304,21504
patch_15131.png,2560,21504
patch_15132.png,2816,21504
patch_15133.png,3072,21504
patch_15134.png,3328,21504
patch_15135.png,3584,21504
patch_15136.png,3840,21504
patch_15137.png,4096,21504
patch_15138.png,4352,21504
patch_15139.png,4608,21504
patch_15140.png,4864,21504
patch_15141.png,5120,21504
patch_15142.png,5376,21504
patch_15143.png,5632,21504
patch_15144.png,5888,21504
patch_15145.png,6144,21504
patch_15146.png,6400,21504
patch_15147.png,6656,21504
patch_15148.png,6912,21504
patch_15149.png,7168,21504
patch_15150.png,7424,21504
patch_15151.png,7680,21504
patch_15152.png,7936,21504
patch_15153.png,8192,21504
patch_15154.png,8448,21504
patch_15155.png,8704,21504
patch_15156.png,8960,21504
patch_15157.png,9216,21504
patch_15158.png,9472,21504
patch_15159.png,9728,21504
patch_15160.png,9984,21504
patch_15161.png,10240,21504
patch_15162.png,10496,21504
patch_15163.png,10752,21504
patch_15164.png,11008,21504
patch_15165.png,11264,21504
patch_15166.png,11520,21504
patch_15167.png,11776,21504
patch_15168.png,12032,21504
patch_15169.png,12288,21504
patch_15170.png,12544,21504
patch_15171.png,12800,21504
patch_15172.png,13056,21504
patch_15173.png,13312,21504
patch_15174.png,13568,21504
patch_15175.png,13824,21504
patch_15176.png,14080,21504
patch_15177.png,14336,21504
patch_15178.png,14592,21504
patch_15179.png,14848,21504
patch_15180.png,15104,21504
patch_15181.png,15360,21504
patch_15182.png,15616,21504
patch_15183.png,15872,21504
patch_15184.png,16128,21504
patch_15185.png,16384,21504
patch_15186.png,16640,21504
patch_15187.png,16896,21504
patch_15188.png,17152,21504
patch_15189.png,17408,21504
patch_15190.png,17664,21504
patch_15191.png,17920,21504
patch_15192.png,18176,21504
patch_15193.png,18432,21504
patch_15194.png,18688,21504
patch_15195.png,18944,21504
patch_15196.png,19200,21504
patch_15197.png,19456,21504
patch_15198.png,19712,21504
patch_15199.png,19968,21504
patch_15200.png,20224,21504
patch_15201.png,20480,21504
patch_15202.png,20736,21504
patch_15203.png,20992,21504
patch_15204.png,21248,21504
patch_15205.png,21504,21504
patch_15206.png,21760,21504
patch_15207.png,22016,21504
patch_15208.png,22272,21504
patch_15209.png,22528,21504
patch_15210.png,22784,21504
patch_15211.png,23040,21504
patch_15212.png,23296,21504
patch_15213.png,23552,21504
patch_15214.png,23808,21504
patch_15215.png,24064,21504
patch_15216.png,24320,21504
patch_15217.png,24576,21504
patch_15218.png,24832,21504
patch_15219.png,25088,21504
patch_15220.png,25344,21504
patch_15221.png,25600,21504
patch_15222.png,25856,21504
patch_15223.png,26112,21504
patch_15224.png,26368,21504
patch_15225.png,26624,21504
patch_15226.png,26880,21504
patch_15227.png,27136,21504
patch_15228.png,27392,21504
patch_15229.png,27648,21504
patch_15230.png,27904,21504
patch_15231.png,28160,21504
patch_15232.png,28416,21504
patch_15233.png,28672,21504
patch_15234.png,28928,21504
patch_15235.png,29184,21504
patch_15236.png,29440,21504
patch_15237.png,29696,21504
patch_15238.png,29952,21504
patch_15239.png,30208,21504
patch_15240.png,30464,21504
patch_15241.png,30720,21504
patch_15242.png,30976,21504
patch_15243.png,31232,21504
patch_15244.png,31488,21504
patch_15245.png,31744,21504
patch_15246.png,32000,21504
patch_15247.png,32256,21504
patch_15248.png,32512,21504
patch_15249.png,32768,21504
patch_15250.png,33024,21504
patch_15251.png,33280,21504
patch_15252.png,33536,21504
patch_15253.png,33792,21504
patch_15254.png,34048,21504
patch_15255.png,34304,21504
patch_15256.png,34560,21504
patch_15257.png,34816,21504
patch_15258.png,35072,21504
patch_15259.png,35328,21504
patch_15260.png,35584,21504
patch_15261.png,35840,21504
patch_15262.png,36096,21504
patch_15263.png,36352,21504
patch_15264.png,36608,21504
patch_15265.png,36864,21504
patch_15266.png,37120,21504
patch_15267.png,37376,21504
patch_15268.png,37632,21504
patch_15269.png,37888,21504
patch_15270.png,38144,21504
patch_15271.png,38400,21504
patch_15272.png,38656,21504
patch_15273.png,38912,21504
patch_15274.png,39168,21504
patch_15275.png,39424,21504
patch_15276.png,39680,21504
patch_15277.png,39936,21504
patch_15278.png,40192,21504
patch_15279.png,40448,21504
patch_15280.png,40704,21504
patch_15281.png,40960,21504
patch_15282.png,41216,21504
patch_15283.png,41472,21504
patch_15284.png,41728,21504
patch_15285.png,41984,21504
patch_15286.png,42240,21504
patch_15287.png,42496,21504
patch_15288.png,42752,21504
patch_15289.png,43008,21504
patch_15290.png,43264,21504
patch_15291.png,43520,21504
patch_15292.png,43776,21504
patch_15293.png,44032,21504
patch_15294.png,44288,21504
patch_15295.png,44544,21504
patch_15296.png,44800,21504
patch_15297.png,45056,21504
patch_15298.png,45312,21504
patch_15299.png,45568,21504
patch_15300.png,45824,21504
patch_15301.png,0,21760
patch_15302.png,256,21760
patch_15303.png,512,21760
patch_15304.png,768,21760
patch_15305.png,1024,21760
patch_15306.png,1280,21760
patch_15307.png,1536,21760
patch_15308.png,1792,21760
patch_15309.png,2048,21760
patch_15310.png,2304,21760
patch_15311.png,2560,21760
patch_15312.png,2816,21760
patch_15313.png,3072,21760
patch_15314.png,3328,21760
patch_15315.png,3584,21760
patch_15316.png,3840,21760
patch_15317.png,4096,21760
patch_15318.png,4352,21760
patch_15319.png,4608,21760
patch_15320.png,4864,21760
patch_15321.png,5120,21760
patch_15322.png,5376,21760
patch_15323.png,5632,21760
patch_15324.png,5888,21760
patch_15325.png,6144,21760
patch_15326.png,6400,21760
patch_15327.png,6656,21760
patch_15328.png,6912,21760
patch_15329.png,7168,21760
patch_15330.png,7424,21760
patch_15331.png,7680,21760
patch_15332.png,7936,21760
patch_15333.png,8192,21760
patch_15334.png,8448,21760
patch_15335.png,8704,21760
patch_15336.png,8960,21760
patch_15337.png,9216,21760
patch_15338.png,9472,21760
patch_15339.png,9728,21760
patch_15340.png,9984,21760
patch_15341.png,10240,21760
patch_15342.png,10496,21760
patch_15343.png,10752,21760
patch_15344.png,11008,21760
patch_15345.png,11264,21760
patch_15346.png,11520,21760
patch_15347.png,11776,21760
patch_15348.png,12032,21760
patch_15349.png,12288,21760
patch_15350.png,12544,21760
patch_15351.png,12800,21760
patch_15352.png,13056,21760
patch_15353.png,13312,21760
patch_15354.png,13568,21760
patch_15355.png,13824,21760
patch_15356.png,14080,21760
patch_15357.png,14336,21760
patch_15358.png,14592,21760
patch_15359.png,14848,21760
patch_15360.png,15104,21760
patch_15361.png,15360,21760
patch_15362.png,15616,21760
patch_15363.png,15872,21760
patch_15364.png,16128,21760
patch_15365.png,16384,21760
patch_15366.png,16640,21760
patch_15367.png,16896,21760
patch_15368.png,17152,21760
patch_15369.png,17408,21760
patch_15370.png,17664,21760
patch_15371.png,17920,21760
patch_15372.png,18176,21760
patch_15373.png,18432,21760
patch_15374.png,18688,21760
patch_15375.png,18944,21760
patch_15376.png,19200,21760
patch_15377.png,19456,21760
patch_15378.png,19712,21760
patch_15379.png,19968,21760
patch_15380.png,20224,21760
patch_15381.png,20480,21760
patch_15382.png,20736,21760
patch_15383.png,20992,21760
patch_15384.png,21248,21760
patch_15385.png,21504,21760
patch_15386.png,21760,21760
patch_15387.png,22016,21760
patch_15388.png,22272,21760
patch_15389.png,22528,21760
patch_15390.png,22784,21760
patch_15391.png,23040,21760
patch_15392.png,23296,21760
patch_15393.png,23552,21760
patch_15394.png,23808,21760
patch_15395.png,24064,21760
patch_15396.png,24320,21760
patch_15397.png,24576,21760
patch_15398.png,24832,21760
patch_15399.png,25088,21760
patch_15400.png,25344,21760
patch_15401.png,25600,21760
patch_15402.png,25856,21760
patch_15403.png,26112,21760
patch_15404.png,26368,21760
patch_15405.png,26624,21760
patch_15406.png,26880,21760
patch_15407.png,27136,21760
patch_15408.png,27392,21760
patch_15409.png,27648,21760
patch_15410.png,27904,21760
patch_15411.png,28160,21760
patch_15412.png,28416,21760
patch_15413.png,28672,21760
patch_15414.png,28928,21760
patch_15415.png,29184,21760
patch_15416.png,29440,21760
patch_15417.png,29696,21760
patch_15418.png,29952,21760
patch_15419.png,30208,21760
patch_15420.png,30464,21760
patch_15421.png,30720,21760
patch_15422.png,30976,21760
patch_15423.png,31232,21760
patch_15424.png,31488,21760
patch_15425.png,31744,21760
patch_15426.png,32000,21760
patch_15427.png,32256,21760
patch_15428.png,32512,21760
patch_15429.png,32768,21760
patch_15430.png,33024,21760
patch_15431.png,33280,21760
patch_15432.png,33536,21760
patch_15433.png,33792,21760
patch_15434.png,34048,21760
patch_15435.png,34304,21760
patch_15436.png,34560,21760
patch_15437.png,34816,21760
patch_15438.png,35072,21760
patch_15439.png,35328,21760
patch_15440.png,35584,21760
patch_15441.png,35840,21760
patch_15442.png,36096,21760
patch_15443.png,36352,21760
patch_15444.png,36608,21760
patch_15445.png,36864,21760
patch_15446.png,37120,21760
patch_15447.png,37376,21760
patch_15448.png,37632,21760
patch_15449.png,37888,21760
patch_15450.png,38144,21760
patch_15451.png,38400,21760
patch_15452.png,38656,21760
patch_15453.png,38912,21760
patch_15454.png,39168,21760
patch_15455.png,39424,21760
patch_15456.png,39680,21760
patch_15457.png,39936,21760
patch_15458.png,40192,21760
patch_15459.png,40448,21760
patch_15460.png,40704,21760
patch_15461.png,40960,21760
patch_15462.png,41216,21760
patch_15463.png,41472,21760
patch_15464.png,41728,21760
patch_15465.png,41984,21760
patch_15466.png,42240,21760
patch_15467.png,42496,21760
patch_15468.png,42752,21760
patch_15469.png,43008,21760
patch_15470.png,43264,21760
patch_15471.png,43520,21760
patch_15472.png,43776,21760
patch_15473.png,44032,21760
patch_15474.png,44288,21760
patch_15475.png,44544,21760
patch_15476.png,44800,21760
patch_15477.png,45056,21760
patch_15478.png,45312,21760
patch_15479.png,45568,21760
patch_15480.png,45824,21760
patch_15481.png,0,22016
patch_15482.png,256,22016
patch_15483.png,512,22016
patch_15484.png,768,22016
patch_15485.png,1024,22016
patch_15486.png,1280,22016
patch_15487.png,1536,22016
patch_15488.png,1792,22016
patch_15489.png,2048,22016
patch_15490.png,2304,22016
patch_15491.png,2560,22016
patch_15492.png,2816,22016
patch_15493.png,3072,22016
patch_15494.png,3328,22016
patch_15495.png,3584,22016
patch_15496.png,3840,22016
patch_15497.png,4096,22016
patch_15498.png,4352,22016
patch_15499.png,4608,22016
patch_15500.png,4864,22016
patch_15501.png,5120,22016
patch_15502.png,5376,22016
patch_15503.png,5632,22016
patch_15504.png,5888,22016
patch_15505.png,6144,22016
patch_15506.png,6400,22016
patch_15507.png,6656,22016
patch_15508.png,6912,22016
patch_15509.png,7168,22016
patch_15510.png,7424,22016
patch_15511.png,7680,22016
patch_15512.png,7936,22016
patch_15513.png,8192,22016
patch_15514.png,8448,22016
patch_15515.png,8704,22016
patch_15516.png,8960,22016
patch_15517.png,9216,22016
patch_15518.png,9472,22016
patch_15519.png,9728,22016
patch_15520.png,9984,22016
patch_15521.png,10240,22016
patch_15522.png,10496,22016
patch_15523.png,10752,22016
patch_15524.png,11008,22016
patch_15525.png,11264,22016
patch_15526.png,11520,22016
patch_15527.png,11776,22016
patch_15528.png,12032,22016
patch_15529.png,12288,22016
patch_15530.png,12544,22016
patch_15531.png,12800,22016
patch_15532.png,13056,22016
patch_15533.png,13312,22016
patch_15534.png,13568,22016
patch_15535.png,13824,22016
patch_15536.png,14080,22016
patch_15537.png,14336,22016
patch_15538.png,14592,22016
patch_15539.png,14848,22016
patch_15540.png,15104,22016
patch_15541.png,15360,22016
patch_15542.png,15616,22016
patch_15543.png,15872,22016
patch_15544.png,16128,22016
patch_15545.png,16384,22016
patch_15546.png,16640,22016
patch_15547.png,16896,22016
patch_15548.png,17152,22016
patch_15549.png,17408,22016
patch_15550.png,17664,22016
patch_15551.png,17920,22016
patch_15552.png,18176,22016
patch_15553.png,18432,22016
patch_15554.png,18688,22016
patch_15555.png,18944,22016
patch_15556.png,19200,22016
patch_15557.png,19456,22016
patch_15558.png,19712,22016
patch_15559.png,19968,22016
patch_15560.png,20224,22016
patch_15561.png,20480,22016
patch_15562.png,20736,22016
patch_15563.png,20992,22016
patch_15564.png,21248,22016
patch_15565.png,21504,22016
patch_15566.png,21760,22016
patch_15567.png,22016,22016
patch_15568.png,22272,22016
patch_15569.png,22528,22016
patch_15570.png,22784,22016
patch_15571.png,23040,22016
patch_15572.png,23296,22016
patch_15573.png,23552,22016
patch_15574.png,23808,22016
patch_15575.png,24064,22016
patch_15576.png,24320,22016
patch_15577.png,24576,22016
patch_15578.png,24832,22016
patch_15579.png,25088,22016
patch_15580.png,25344,22016
patch_15581.png,25600,22016
patch_15582.png,25856,22016
patch_15583.png,26112,22016
patch_15584.png,26368,22016
patch_15585.png,26624,22016
patch_15586.png,26880,22016
patch_15587.png,27136,22016
patch_15588.png,27392,22016
patch_15589.png,27648,22016
patch_15590.png,27904,22016
patch_15591.png,28160,22016
patch_15592.png,28416,22016
patch_15593.png,28672,22016
patch_15594.png,28928,22016
patch_15595.png,29184,22016
patch_15596.png,29440,22016
patch_15597.png,29696,22016
patch_15598.png,29952,22016
patch_15599.png,30208,22016
patch_15600.png,30464,22016
patch_15601.png,30720,22016
patch_15602.png,30976,22016
patch_15603.png,31232,22016
patch_15604.png,31488,22016
patch_15605.png,31744,22016
patch_15606.png,32000,22016
patch_15607.png,32256,22016
patch_15608.png,32512,22016
patch_15609.png,32768,22016
patch_15610.png,33024,22016
patch_15611.png,33280,22016
patch_15612.png,33536,22016
patch_15613.png,33792,22016
patch_15614.png,34048,22016
patch_15615.png,34304,22016
patch_15616.png,34560,22016
patch_15617.png,34816,22016
patch_15618.png,35072,22016
patch_15619.png,35328,22016
patch_15620.png,35584,22016
patch_15621.png,35840,22016
patch_15622.png,36096,22016
patch_15623.png,36352,22016
patch_15624.png,36608,22016
patch_15625.png,36864,22016
patch_15626.png,37120,22016
patch_15627.png,37376,22016
patch_15628.png,37632,22016
patch_15629.png,37888,22016
patch_15630.png,38144,22016
patch_15631.png,38400,22016
patch_15632.png,38656,22016
patch_15633.png,38912,22016
patch_15634.png,39168,22016
patch_15635.png,39424,22016
patch_15636.png,39680,22016
patch_15637.png,39936,22016
patch_15638.png,40192,22016
patch_15639.png,40448,22016
patch_15640.png,40704,22016
patch_15641.png,40960,22016
patch_15642.png,41216,22016
patch_15643.png,41472,22016
patch_15644.png,41728,22016
patch_15645.png,41984,22016
patch_15646.png,42240,22016
patch_15647.png,42496,22016
patch_15648.png,42752,22016
patch_15649.png,43008,22016
patch_15650.png,43264,22016
patch_15651.png,43520,22016
patch_15652.png,43776,22016
patch_15653.png,44032,22016
patch_15654.png,44288,22016
patch_15655.png,44544,22016
patch_15656.png,44800,22016
patch_15657.png,45056,22016
patch_15658.png,45312,22016
patch_15659.png,45568,22016
patch_15660.png,45824,22016
patch_15661.png,0,22272
patch_15662.png,256,22272
patch_15663.png,512,22272
patch_15664.png,768,22272
patch_15665.png,1024,22272
patch_15666.png,1280,22272
patch_15667.png,1536,22272
patch_15668.png,1792,22272
patch_15669.png,2048,22272
patch_15670.png,2304,22272
patch_15671.png,2560,22272
patch_15672.png,2816,22272
patch_15673.png,3072,22272
patch_15674.png,3328,22272
patch_15675.png,3584,22272
patch_15676.png,3840,22272
patch_15677.png,4096,22272
patch_15678.png,4352,22272
patch_15679.png,4608,22272
patch_15680.png,4864,22272
patch_15681.png,5120,22272
patch_15682.png,5376,22272
patch_15683.png,5632,22272
patch_15684.png,5888,22272
patch_15685.png,6144,22272
patch_15686.png,6400,22272
patch_15687.png,6656,22272
patch_15688.png,6912,22272
patch_15689.png,7168,22272
patch_15690.png,7424,22272
patch_15691.png,7680,22272
patch_15692.png,7936,22272
patch_15693.png,8192,22272
patch_15694.png,8448,22272
patch_15695.png,8704,22272
patch_15696.png,8960,22272
patch_15697.png,9216,22272
patch_15698.png,9472,22272
patch_15699.png,9728,22272
patch_15700.png,9984,22272
patch_15701.png,10240,22272
patch_15702.png,10496,22272
patch_15703.png,10752,22272
patch_15704.png,11008,22272
patch_15705.png,11264,22272
patch_15706.png,11520,22272
patch_15707.png,11776,22272
patch_15708.png,12032,22272
patch_15709.png,12288,22272
patch_15710.png,12544,22272
patch_15711.png,12800,22272
patch_15712.png,13056,22272
patch_15713.png,13312,22272
patch_15714.png,13568,22272
patch_15715.png,13824,22272
patch_15716.png,14080,22272
patch_15717.png,14336,22272
patch_15718.png,14592,22272
patch_15719.png,14848,22272
patch_15720.png,15104,22272
patch_15721.png,15360,22272
patch_15722.png,15616,22272
patch_15723.png,15872,22272
patch_15724.png,16128,22272
patch_15725.png,16384,22272
patch_15726.png,16640,22272
patch_15727.png,16896,22272
patch_15728.png,17152,22272
patch_15729.png,17408,22272
patch_15730.png,17664,22272
patch_15731.png,17920,22272
patch_15732.png,18176,22272
patch_15733.png,18432,22272
patch_15734.png,18688,22272
patch_15735.png,18944,22272
patch_15736.png,19200,22272
patch_15737.png,19456,22272
patch_15738.png,19712,22272
patch_15739.png,19968,22272
patch_15740.png,20224,22272
patch_15741.png,20480,22272
patch_15742.png,20736,22272
patch_15743.png,20992,22272
patch_15744.png,21248,22272
patch_15745.png,21504,22272
patch_15746.png,21760,22272
patch_15747.png,22016,22272
patch_15748.png,22272,22272
patch_15749.png,22528,22272
patch_15750.png,22784,22272
patch_15751.png,23040,22272
patch_15752.png,23296,22272
patch_15753.png,23552,22272
patch_15754.png,23808,22272
patch_15755.png,24064,22272
patch_15756.png,24320,22272
patch_15757.png,24576,22272
patch_15758.png,24832,22272
patch_15759.png,25088,22272
patch_15760.png,25344,22272
patch_15761.png,25600,22272
patch_15762.png,25856,22272
patch_15763.png,26112,22272
patch_15764.png,26368,22272
patch_15765.png,26624,22272
patch_15766.png,26880,22272
patch_15767.png,27136,22272
patch_15768.png,27392,22272
patch_15769.png,27648,22272
patch_15770.png,27904,22272
patch_15771.png,28160,22272
patch_15772.png,28416,22272
patch_15773.png,28672,22272
patch_15774.png,28928,22272
patch_15775.png,29184,22272
patch_15776.png,29440,22272
patch_15777.png,29696,22272
patch_15778.png,29952,22272
patch_15779.png,30208,22272
patch_15780.png,30464,22272
patch_15781.png,30720,22272
patch_15782.png,30976,22272
patch_15783.png,31232,22272
patch_15784.png,31488,22272
patch_15785.png,31744,22272
patch_15786.png,32000,22272
patch_15787.png,32256,22272
patch_15788.png,32512,22272
patch_15789.png,32768,22272
patch_15790.png,33024,22272
patch_15791.png,33280,22272
patch_15792.png,33536,22272
patch_15793.png,33792,22272
patch_15794.png,34048,22272
patch_15795.png,34304,22272
patch_15796.png,34560,22272
patch_15797.png,34816,22272
patch_15798.png,35072,22272
patch_15799.png,35328,22272
patch_15800.png,35584,22272
patch_15801.png,35840,22272
patch_15802.png,36096,22272
patch_15803.png,36352,22272
patch_15804.png,36608,22272
patch_15805.png,36864,22272
patch_15806.png,37120,22272
patch_15807.png,37376,22272
patch_15808.png,37632,22272
patch_15809.png,37888,22272
patch_15810.png,38144,22272
patch_15811.png,38400,22272
patch_15812.png,38656,22272
patch_15813.png,38912,22272
patch_15814.png,39168,22272
patch_15815.png,39424,22272
patch_15816.png,39680,22272
patch_15817.png,39936,22272
patch_15818.png,40192,22272
patch_15819.png,40448,22272
patch_15820.png,40704,22272
patch_15821.png,40960,22272
patch_15822.png,41216,22272
patch_15823.png,41472,22272
patch_15824.png,41728,22272
patch_15825.png,41984,22272
patch_15826.png,42240,22272
patch_15827.png,42496,22272
patch_15828.png,42752,22272
patch_15829.png,43008,22272
patch_15830.png,43264,22272
patch_15831.png,43520,22272
patch_15832.png,43776,22272
patch_15833.png,44032,22272
patch_15834.png,44288,22272
patch_15835.png,44544,22272
patch_15836.png,44800,22272
patch_15837.png,45056,22272
patch_15838.png,45312,22272
patch_15839.png,45568,22272
patch_15840.png,45824,22272
patch_15841.png,0,22528
patch_15842.png,256,22528
patch_15843.png,512,22528
patch_15844.png,768,22528
patch_15845.png,1024,22528
patch_15846.png,1280,22528
patch_15847.png,1536,22528
patch_15848.png,1792,22528
patch_15849.png,2048,22528
patch_15850.png,2304,22528
patch_15851.png,2560,22528
patch_15852.png,2816,22528
patch_15853.png,3072,22528
patch_15854.png,3328,22528
patch_15855.png,3584,22528
patch_15856.png,3840,22528
patch_15857.png,4096,22528
patch_15858.png,4352,22528
patch_15859.png,4608,22528
patch_15860.png,4864,22528
patch_15861.png,5120,22528
patch_15862.png,5376,22528
patch_15863.png,5632,22528
patch_15864.png,5888,22528
patch_15865.png,6144,22528
patch_15866.png,6400,22528
patch_15867.png,6656,22528
patch_15868.png,6912,22528
patch_15869.png,7168,22528
patch_15870.png,7424,22528
patch_15871.png,7680,22528
patch_15872.png,7936,22528
patch_15873.png,8192,22528
patch_15874.png,8448,22528
patch_15875.png,8704,22528
patch_15876.png,8960,22528
patch_15877.png,9216,22528
patch_15878.png,9472,22528
patch_15879.png,9728,22528
patch_15880.png,9984,22528
patch_15881.png,10240,22528
patch_15882.png,10496,22528
patch_15883.png,10752,22528
patch_15884.png,11008,22528
patch_15885.png,11264,22528
patch_15886.png,11520,22528
patch_15887.png,11776,22528
patch_15888.png,12032,22528
patch_15889.png,12288,22528
patch_15890.png,12544,22528
patch_15891.png,12800,22528
patch_15892.png,13056,22528
patch_15893.png,13312,22528
patch_15894.png,13568,22528
patch_15895.png,13824,22528
patch_15896.png,14080,22528
patch_15897.png,14336,22528
patch_15898.png,14592,22528
patch_15899.png,14848,22528
patch_15900.png,15104,22528
patch_15901.png,15360,22528
patch_15902.png,15616,22528
patch_15903.png,15872,22528
patch_15904.png,16128,22528
patch_15905.png,16384,22528
patch_15906.png,16640,22528
patch_15907.png,16896,22528
patch_15908.png,17152,22528
patch_15909.png,17408,22528
patch_15910.png,17664,22528
patch_15911.png,17920,22528
patch_15912.png,18176,22528
patch_15913.png,18432,22528
patch_15914.png,18688,22528
patch_15915.png,18944,22528
patch_15916.png,19200,22528
patch_15917.png,19456,22528
patch_15918.png,19712,22528
patch_15919.png,19968,22528
patch_15920.png,20224,22528
patch_15921.png,20480,22528
patch_15922.png,20736,22528
patch_15923.png,20992,22528
patch_15924.png,21248,22528
patch_15925.png,21504,22528
patch_15926.png,21760,22528
patch_15927.png,22016,22528
patch_15928.png,22272,22528
patch_15929.png,22528,22528
patch_15930.png,22784,22528
patch_15931.png,23040,22528
patch_15932.png,23296,22528
patch_15933.png,23552,22528
patch_15934.png,23808,22528
patch_15935.png,24064,22528
patch_15936.png,24320,22528
patch_15937.png,24576,22528
patch_15938.png,24832,22528
patch_15939.png,25088,22528
patch_15940.png,25344,22528
patch_15941.png,25600,22528
patch_15942.png,25856,22528
patch_15943.png,26112,22528
patch_15944.png,26368,22528
patch_15945.png,26624,22528
patch_15946.png,26880,22528
patch_15947.png,27136,22528
patch_15948.png,27392,22528
patch_15949.png,27648,22528
patch_15950.png,27904,22528
patch_15951.png,28160,22528
patch_15952.png,28416,22528
patch_15953.png,28672,22528
patch_15954.png,28928,22528
patch_15955.png,29184,22528
patch_15956.png,29440,22528
patch_15957.png,29696,22528
patch_15958.png,29952,22528
patch_15959.png,30208,22528
patch_15960.png,30464,22528
patch_15961.png,30720,22528
patch_15962.png,30976,22528
patch_15963.png,31232,22528
patch_15964.png,31488,22528
patch_15965.png,31744,22528
patch_15966.png,32000,22528
patch_15967.png,32256,22528
patch_15968.png,32512,22528
patch_15969.png,32768,22528
patch_15970.png,33024,22528
patch_15971.png,33280,22528
patch_15972.png,33536,22528
patch_15973.png,33792,22528
patch_15974.png,34048,22528
patch_15975.png,34304,22528
patch_15976.png,34560,22528
patch_15977.png,34816,22528
patch_15978.png,35072,22528
patch_15979.png,35328,22528
patch_15980.png,35584,22528
patch_15981.png,35840,22528
patch_15982.png,36096,22528
patch_15983.png,36352,22528
patch_15984.png,36608,22528
patch_15985.png,36864,22528
patch_15986.png,37120,22528
patch_15987.png,37376,22528
patch_15988.png,37632,22528
patch_15989.png,37888,22528
patch_15990.png,38144,22528
patch_15991.png,38400,22528
patch_15992.png,38656,22528
patch_15993.png,38912,22528
patch_15994.png,39168,22528
patch_15995.png,39424,22528
patch_15996.png,39680,22528
patch_15997.png,39936,22528
patch_15998.png,40192,22528
patch_15999.png,40448,22528
patch_16000.png,40704,22528
patch_16001.png,40960,22528
patch_16002.png,41216,22528
patch_16003.png,41472,22528
patch_16004.png,41728,22528
patch_16005.png,41984,22528
patch_16006.png,42240,22528
patch_16007.png,42496,22528
patch_16008.png,42752,22528
patch_16009.png,43008,22528
patch_16010.png,43264,22528
patch_16011.png,43520,22528
patch_16012.png,43776,22528
patch_16013.png,44032,22528
patch_16014.png,44288,22528
patch_16015.png,44544,22528
patch_16016.png,44800,22528
patch_16017.png,45056,22528
patch_16018.png,45312,22528
patch_16019.png,45568,22528
patch_16020.png,45824,22528
patch_16021.png,0,22784
patch_16022.png,256,22784
patch_16023.png,512,22784
patch_16024.png,768,22784
patch_16025.png,1024,22784
patch_16026.png,1280,22784
patch_16027.png,1536,22784
patch_16028.png,1792,22784
patch_16029.png,2048,22784
patch_16030.png,2304,22784
patch_16031.png,2560,22784
patch_16032.png,2816,22784
patch_16033.png,3072,22784
patch_16034.png,3328,22784
patch_16035.png,3584,22784
patch_16036.png,3840,22784
patch_16037.png,4096,22784
patch_16038.png,4352,22784
patch_16039.png,4608,22784
patch_16040.png,4864,22784
patch_16041.png,5120,22784
patch_16042.png,5376,22784
patch_16043.png,5632,22784
patch_16044.png,5888,22784
patch_16045.png,6144,22784
patch_16046.png,6400,22784
patch_16047.png,6656,22784
patch_16048.png,6912,22784
patch_16049.png,7168,22784
patch_16050.png,7424,22784
patch_16051.png,7680,22784
patch_16052.png,7936,22784
patch_16053.png,8192,22784
patch_16054.png,8448,22784
patch_16055.png,8704,22784
patch_16056.png,8960,22784
patch_16057.png,9216,22784
patch_16058.png,9472,22784
patch_16059.png,9728,22784
patch_16060.png,9984,22784
patch_16061.png,10240,22784
patch_16062.png,10496,22784
patch_16063.png,10752,22784
patch_16064.png,11008,22784
patch_16065.png,11264,22784
patch_16066.png,11520,22784
patch_16067.png,11776,22784
patch_16068.png,12032,22784
patch_16069.png,12288,22784
patch_16070.png,12544,22784
patch_16071.png,12800,22784
patch_16072.png,13056,22784
patch_16073.png,13312,22784
patch_16074.png,13568,22784
patch_16075.png,13824,22784
patch_16076.png,14080,22784
patch_16077.png,14336,22784
patch_16078.png,14592,22784
patch_16079.png,14848,22784
patch_16080.png,15104,22784
patch_16081.png,15360,22784
patch_16082.png,15616,22784
patch_16083.png,15872,22784
patch_16084.png,16128,22784
patch_16085.png,16384,22784
patch_16086.png,16640,22784
patch_16087.png,16896,22784
patch_16088.png,17152,22784
patch_16089.png,17408,22784
patch_16090.png,17664,22784
patch_16091.png,17920,22784
patch_16092.png,18176,22784
patch_16093.png,18432,22784
patch_16094.png,18688,22784
patch_16095.png,18944,22784
patch_16096.png,19200,22784
patch_16097.png,19456,22784
patch_16098.png,19712,22784
patch_16099.png,19968,22784
patch_16100.png,20224,22784
patch_16101.png,20480,22784
patch_16102.png,20736,22784
patch_16103.png,20992,22784
patch_16104.png,21248,22784
patch_16105.png,21504,22784
patch_16106.png,21760,22784
patch_16107.png,22016,22784
patch_16108.png,22272,22784
patch_16109.png,22528,22784
patch_16110.png,22784,22784
patch_16111.png,23040,22784
patch_16112.png,23296,22784
patch_16113.png,23552,22784
patch_16114.png,23808,22784
patch_16115.png,24064,22784
patch_16116.png,24320,22784
patch_16117.png,24576,22784
patch_16118.png,24832,22784
patch_16119.png,25088,22784
patch_16120.png,25344,22784
patch_16121.png,25600,22784
patch_16122.png,25856,22784
patch_16123.png,26112,22784
patch_16124.png,26368,22784
patch_16125.png,26624,22784
patch_16126.png,26880,22784
patch_16127.png,27136,22784
patch_16128.png,27392,22784
patch_16129.png,27648,22784
patch_16130.png,27904,22784
patch_16131.png,28160,22784
patch_16132.png,28416,22784
patch_16133.png,28672,22784
patch_16134.png,28928,22784
patch_16135.png,29184,22784
patch_16136.png,29440,22784
patch_16137.png,29696,22784
patch_16138.png,29952,22784
patch_16139.png,30208,22784
patch_16140.png,30464,22784
patch_16141.png,30720,22784
patch_16142.png,30976,22784
patch_16143.png,31232,22784
patch_16144.png,31488,22784
patch_16145.png,31744,22784
patch_16146.png,32000,22784
patch_16147.png,32256,22784
patch_16148.png,32512,22784
patch_16149.png,32768,22784
patch_16150.png,33024,22784
patch_16151.png,33280,22784
patch_16152.png,33536,22784
patch_16153.png,33792,22784
patch_16154.png,34048,22784
patch_16155.png,34304,22784
patch_16156.png,34560,22784
patch_16157.png,34816,22784
patch_16158.png,35072,22784
patch_16159.png,35328,22784
patch_16160.png,35584,22784
patch_16161.png,35840,22784
patch_16162.png,36096,22784
patch_16163.png,36352,22784
patch_16164.png,36608,22784
patch_16165.png,36864,22784
patch_16166.png,37120,22784
patch_16167.png,37376,22784
patch_16168.png,37632,22784
patch_16169.png,37888,22784
patch_16170.png,38144,22784
patch_16171.png,38400,22784
patch_16172.png,38656,22784
patch_16173.png,38912,22784
patch_16174.png,39168,22784
patch_16175.png,39424,22784
patch_16176.png,39680,22784
patch_16177.png,39936,22784
patch_16178.png,40192,22784
patch_16179.png,40448,22784
patch_16180.png,40704,22784
patch_16181.png,40960,22784
patch_16182.png,41216,22784
patch_16183.png,41472,22784
patch_16184.png,41728,22784
patch_16185.png,41984,22784
patch_16186.png,42240,22784
patch_16187.png,42496,22784
patch_16188.png,42752,22784
patch_16189.png,43008,22784
patch_16190.png,43264,22784
patch_16191.png,43520,22784
patch_16192.png,43776,22784
patch_16193.png,44032,22784
patch_16194.png,44288,22784
patch_16195.png,44544,22784
patch_16196.png,44800,22784
patch_16197.png,45056,22784
patch_16198.png,45312,22784
patch_16199.png,45568,22784
patch_16200.png,45824,22784
patch_16201.png,0,23040
patch_16202.png,256,23040
patch_16203.png,512,23040
patch_16204.png,768,23040
patch_16205.png,1024,23040
patch_16206.png,1280,23040
patch_16207.png,1536,23040
patch_16208.png,1792,23040
patch_16209.png,2048,23040
patch_16210.png,2304,23040
patch_16211.png,2560,23040
patch_16212.png,2816,23040
patch_16213.png,3072,23040
patch_16214.png,3328,23040
patch_16215.png,3584,23040
patch_16216.png,3840,23040
patch_16217.png,4096,23040
patch_16218.png,4352,23040
patch_16219.png,4608,23040
patch_16220.png,4864,23040
patch_16221.png,5120,23040
patch_16222.png,5376,23040
patch_16223.png,5632,23040
patch_16224.png,5888,23040
patch_16225.png,6144,23040
patch_16226.png,6400,23040
patch_16227.png,6656,23040
patch_16228.png,6912,23040
patch_16229.png,7168,23040
patch_16230.png,7424,23040
patch_16231.png,7680,23040
patch_16232.png,7936,23040
patch_16233.png,8192,23040
patch_16234.png,8448,23040
patch_16235.png,8704,23040
patch_16236.png,8960,23040
patch_16237.png,9216,23040
patch_16238.png,9472,23040
patch_16239.png,9728,23040
patch_16240.png,9984,23040
patch_16241.png,10240,23040
patch_16242.png,10496,23040
patch_16243.png,10752,23040
patch_16244.png,11008,23040
patch_16245.png,11264,23040
patch_16246.png,11520,23040
patch_16247.png,11776,23040
patch_16248.png,12032,23040
patch_16249.png,12288,23040
patch_16250.png,12544,23040
patch_16251.png,12800,23040
patch_16252.png,13056,23040
patch_16253.png,13312,23040
patch_16254.png,13568,23040
patch_16255.png,13824,23040
patch_16256.png,14080,23040
patch_16257.png,14336,23040
patch_16258.png,14592,23040
patch_16259.png,14848,23040
patch_16260.png,15104,23040
patch_16261.png,15360,23040
patch_16262.png,15616,23040
patch_16263.png,15872,23040
patch_16264.png,16128,23040
patch_16265.png,16384,23040
patch_16266.png,16640,23040
patch_16267.png,16896,23040
patch_16268.png,17152,23040
patch_16269.png,17408,23040
patch_16270.png,17664,23040
patch_16271.png,17920,23040
patch_16272.png,18176,23040
patch_16273.png,18432,23040
patch_16274.png,18688,23040
patch_16275.png,18944,23040
patch_16276.png,19200,23040
patch_16277.png,19456,23040
patch_16278.png,19712,23040
patch_16279.png,19968,23040
patch_16280.png,20224,23040
patch_16281.png,20480,23040
patch_16282.png,20736,23040
patch_16283.png,20992,23040
patch_16284.png,21248,23040
patch_16285.png,21504,23040
patch_16286.png,21760,23040
patch_16287.png,22016,23040
patch_16288.png,22272,23040
patch_16289.png,22528,23040
patch_16290.png,22784,23040
patch_16291.png,23040,23040
patch_16292.png,23296,23040
patch_16293.png,23552,23040
patch_16294.png,23808,23040
patch_16295.png,24064,23040
patch_16296.png,24320,23040
patch_16297.png,24576,23040
patch_16298.png,24832,23040
patch_16299.png,25088,23040
patch_16300.png,25344,23040
patch_16301.png,25600,23040
patch_16302.png,25856,23040
patch_16303.png,26112,23040
patch_16304.png,26368,23040
patch_16305.png,26624,23040
patch_16306.png,26880,23040
patch_16307.png,27136,23040
patch_16308.png,27392,23040
patch_16309.png,27648,23040
patch_16310.png,27904,23040
patch_16311.png,28160,23040
patch_16312.png,28416,23040
patch_16313.png,28672,23040
patch_16314.png,28928,23040
patch_16315.png,29184,23040
patch_16316.png,29440,23040
patch_16317.png,29696,23040
patch_16318.png,29952,23040
patch_16319.png,30208,23040
patch_16320.png,30464,23040
patch_16321.png,30720,23040
patch_16322.png,30976,23040
patch_16323.png,31232,23040
patch_16324.png,31488,23040
patch_16325.png,31744,23040
patch_16326.png,32000,23040
patch_16327.png,32256,23040
patch_16328.png,32512,23040
patch_16329.png,32768,23040
patch_16330.png,33024,23040
patch_16331.png,33280,23040
patch_16332.png,33536,23040
patch_16333.png,33792,23040
patch_16334.png,34048,23040
patch_16335.png,34304,23040
patch_16336.png,34560,23040
patch_16337.png,34816,23040
patch_16338.png,35072,23040
patch_16339.png,35328,23040
patch_16340.png,35584,23040
patch_16341.png,35840,23040
patch_16342.png,36096,23040
patch_16343.png,36352,23040
patch_16344.png,36608,23040
patch_16345.png,36864,23040
patch_16346.png,37120,23040
patch_16347.png,37376,23040
patch_16348.png,37632,23040
patch_16349.png,37888,23040
patch_16350.png,38144,23040
patch_16351.png,38400,23040
patch_16352.png,38656,23040
patch_16353.png,38912,23040
patch_16354.png,39168,23040
patch_16355.png,39424,23040
patch_16356.png,39680,23040
patch_16357.png,39936,23040
patch_16358.png,40192,23040
patch_16359.png,40448,23040
patch_16360.png,40704,23040
patch_16361.png,40960,23040
patch_16362.png,41216,23040
patch_16363.png,41472,23040
patch_16364.png,41728,23040
patch_16365.png,41984,23040
patch_16366.png,42240,23040
patch_16367.png,42496,23040
patch_16368.png,42752,23040
patch_16369.png,43008,23040
patch_16370.png,43264,23040
patch_16371.png,43520,23040
patch_16372.png,43776,23040
patch_16373.png,44032,23040
patch_16374.png,44288,23040
patch_16375.png,44544,23040
patch_16376.png,44800,23040
patch_16377.png,45056,23040
patch_16378.png,45312,23040
patch_16379.png,45568,23040
patch_16380.png,45824,23040
patch_16381.png,0,23296
patch_16382.png,256,23296
patch_16383.png,512,23296
patch_16384.png,768,23296
patch_16385.png,1024,23296
patch_16386.png,1280,23296
patch_16387.png,1536,23296
patch_16388.png,1792,23296
patch_16389.png,2048,23296
patch_16390.png,2304,23296
patch_16391.png,2560,23296
patch_16392.png,2816,23296
patch_16393.png,3072,23296
patch_16394.png,3328,23296
patch_16395.png,3584,23296
patch_16396.png,3840,23296
patch_16397.png,4096,23296
patch_16398.png,4352,23296
patch_16399.png,4608,23296
patch_16400.png,4864,23296
patch_16401.png,5120,23296
patch_16402.png,5376,23296
patch_16403.png,5632,23296
patch_16404.png,5888,23296
patch_16405.png,6144,23296
patch_16406.png,6400,23296
patch_16407.png,6656,23296
patch_16408.png,6912,23296
patch_16409.png,7168,23296
patch_16410.png,7424,23296
patch_16411.png,7680,23296
patch_16412.png,7936,23296
patch_16413.png,8192,23296
patch_16414.png,8448,23296
patch_16415.png,8704,23296
patch_16416.png,8960,23296
patch_16417.png,9216,23296
patch_16418.png,9472,23296
patch_16419.png,9728,23296
patch_16420.png,9984,23296
patch_16421.png,10240,23296
patch_16422.png,10496,23296
patch_16423.png,10752,23296
patch_16424.png,11008,23296
patch_16425.png,11264,23296
patch_16426.png,11520,23296
patch_16427.png,11776,23296
patch_16428.png,12032,23296
patch_16429.png,12288,23296
patch_16430.png,12544,23296
patch_16431.png,12800,23296
patch_16432.png,13056,23296
patch_16433.png,13312,23296
patch_16434.png,13568,23296
patch_16435.png,13824,23296
patch_16436.png,14080,23296
patch_16437.png,14336,23296
patch_16438.png,14592,23296
patch_16439.png,14848,23296
patch_16440.png,15104,23296
patch_16441.png,15360,23296
patch_16442.png,15616,23296
patch_16443.png,15872,23296
patch_16444.png,16128,23296
patch_16445.png,16384,23296
patch_16446.png,16640,23296
patch_16447.png,16896,23296
patch_16448.png,17152,23296
patch_16449.png,17408,23296
patch_16450.png,17664,23296
patch_16451.png,17920,23296
patch_16452.png,18176,23296
patch_16453.png,18432,23296
patch_16454.png,18688,23296
patch_16455.png,18944,23296
patch_16456.png,19200,23296
patch_16457.png,19456,23296
patch_16458.png,19712,23296
patch_16459.png,19968,23296
patch_16460.png,20224,23296
patch_16461.png,20480,23296
patch_16462.png,20736,23296
patch_16463.png,20992,23296
patch_16464.png,21248,23296
patch_16465.png,21504,23296
patch_16466.png,21760,23296
patch_16467.png,22016,23296
patch_16468.png,22272,23296
patch_16469.png,22528,23296
patch_16470.png,22784,23296
patch_16471.png,23040,23296
patch_16472.png,23296,23296
patch_16473.png,23552,23296
patch_16474.png,23808,23296
patch_16475.png,24064,23296
patch_16476.png,24320,23296
patch_16477.png,24576,23296
patch_16478.png,24832,23296
patch_16479.png,25088,23296
patch_16480.png,25344,23296
patch_16481.png,25600,23296
patch_16482.png,25856,23296
patch_16483.png,26112,23296
patch_16484.png,26368,23296
patch_16485.png,26624,23296
patch_16486.png,26880,23296
patch_16487.png,27136,23296
patch_16488.png,27392,23296
patch_16489.png,27648,23296
patch_16490.png,27904,23296
patch_16491.png,28160,23296
patch_16492.png,28416,23296
patch_16493.png,28672,23296
patch_16494.png,28928,23296
patch_16495.png,29184,23296
patch_16496.png,29440,23296
patch_16497.png,29696,23296
patch_16498.png,29952,23296
patch_16499.png,30208,23296
patch_16500.png,30464,23296
patch_16501.png,30720,23296
patch_16502.png,30976,23296
patch_16503.png,31232,23296
patch_16504.png,31488,23296
patch_16505.png,31744,23296
patch_16506.png,32000,23296
patch_16507.png,32256,23296
patch_16508.png,32512,23296
patch_16509.png,32768,23296
patch_16510.png,33024,23296
patch_16511.png,33280,23296
patch_16512.png,33536,23296
patch_16513.png,33792,23296
patch_16514.png,34048,23296
patch_16515.png,34304,23296
patch_16516.png,34560,23296
patch_16517.png,34816,23296
patch_16518.png,35072,23296
patch_16519.png,35328,23296
patch_16520.png,35584,23296
patch_16521.png,35840,23296
patch_16522.png,36096,23296
patch_16523.png,36352,23296
patch_16524.png,36608,23296
patch_16525.png,36864,23296
patch_16526.png,37120,23296
patch_16527.png,37376,23296
patch_16528.png,37632,23296
patch_16529.png,37888,23296
patch_16530.png,38144,23296
patch_16531.png,38400,23296
patch_16532.png,38656,23296
patch_16533.png,38912,23296
patch_16534.png,39168,23296
patch_16535.png,39424,23296
patch_16536.png,39680,23296
patch_16537.png,39936,23296
patch_16538.png,40192,23296
patch_16539.png,40448,23296
patch_16540.png,40704,23296
patch_16541.png,40960,23296
patch_16542.png,41216,23296
patch_16543.png,41472,23296
patch_16544.png,41728,23296
patch_16545.png,41984,23296
patch_16546.png,42240,23296
patch_16547.png,42496,23296
patch_16548.png,42752,23296
patch_16549.png,43008,23296
patch_16550.png,43264,23296
patch_16551.png,43520,23296
patch_16552.png,43776,23296
patch_16553.png,44032,23296
patch_16554.png,44288,23296
patch_16555.png,44544,23296
patch_16556.png,44800,23296
patch_16557.png,45056,23296
patch_16558.png,45312,23296
patch_16559.png,45568,23296
patch_16560.png,45824,23296
patch_16561.png,0,23552
patch_16562.png,256,23552
patch_16563.png,512,23552
patch_16564.png,768,23552
patch_16565.png,1024,23552
patch_16566.png,1280,23552
patch_16567.png,1536,23552
patch_16568.png,1792,23552
patch_16569.png,2048,23552
patch_16570.png,2304,23552
patch_16571.png,2560,23552
patch_16572.png,2816,23552
patch_16573.png,3072,23552
patch_16574.png,3328,23552
patch_16575.png,3584,23552
patch_16576.png,3840,23552
patch_16577.png,4096,23552
patch_16578.png,4352,23552
patch_16579.png,4608,23552
patch_16580.png,4864,23552
patch_16581.png,5120,23552
patch_16582.png,5376,23552
patch_16583.png,5632,23552
patch_16584.png,5888,23552
patch_16585.png,6144,23552
patch_16586.png,6400,23552
patch_16587.png,6656,23552
patch_16588.png,6912,23552
patch_16589.png,7168,23552
patch_16590.png,7424,23552
patch_16591.png,7680,23552
patch_16592.png,7936,23552
patch_16593.png,8192,23552
patch_16594.png,8448,23552
patch_16595.png,8704,23552
patch_16596.png,8960,23552
patch_16597.png,9216,23552
patch_16598.png,9472,23552
patch_16599.png,9728,23552
patch_16600.png,9984,23552
patch_16601.png,10240,23552
patch_16602.png,10496,23552
patch_16603.png,10752,23552
patch_16604.png,11008,23552
patch_16605.png,11264,23552
patch_16606.png,11520,23552
patch_16607.png,11776,23552
patch_16608.png,12032,23552
patch_16609.png,12288,23552
patch_16610.png,12544,23552
patch_16611.png,12800,23552
patch_16612.png,13056,23552
patch_16613.png,13312,23552
patch_16614.png,13568,23552
patch_16615.png,13824,23552
patch_16616.png,14080,23552
patch_16617.png,14336,23552
patch_16618.png,14592,23552
patch_16619.png,14848,23552
patch_16620.png,15104,23552
patch_16621.png,15360,23552
patch_16622.png,15616,23552
patch_16623.png,15872,23552
patch_16624.png,16128,23552
patch_16625.png,16384,23552
patch_16626.png,16640,23552
patch_16627.png,16896,23552
patch_16628.png,17152,23552
patch_16629.png,17408,23552
patch_16630.png,17664,23552
patch_16631.png,17920,23552
patch_16632.png,18176,23552
patch_16633.png,18432,23552
patch_16634.png,18688,23552
patch_16635.png,18944,23552
patch_16636.png,19200,23552
patch_16637.png,19456,23552
patch_16638.png,19712,23552
patch_16639.png,19968,23552
patch_16640.png,20224,23552
patch_16641.png,20480,23552
patch_16642.png,20736,23552
patch_16643.png,20992,23552
patch_16644.png,21248,23552
patch_16645.png,21504,23552
patch_16646.png,21760,23552
patch_16647.png,22016,23552
patch_16648.png,22272,23552
patch_16649.png,22528,23552
patch_16650.png,22784,23552
patch_16651.png,23040,23552
patch_16652.png,23296,23552
patch_16653.png,23552,23552
patch_16654.png,23808,23552
patch_16655.png,24064,23552
patch_16656.png,24320,23552
patch_16657.png,24576,23552
patch_16658.png,24832,23552
patch_16659.png,25088,23552
patch_16660.png,25344,23552
patch_16661.png,25600,23552
patch_16662.png,25856,23552
patch_16663.png,26112,23552
patch_16664.png,26368,23552
patch_16665.png,26624,23552
patch_16666.png,26880,23552
patch_16667.png,27136,23552
patch_16668.png,27392,23552
patch_16669.png,27648,23552
patch_16670.png,27904,23552
patch_16671.png,28160,23552
patch_16672.png,28416,23552
patch_16673.png,28672,23552
patch_16674.png,28928,23552
patch_16675.png,29184,23552
patch_16676.png,29440,23552
patch_16677.png,29696,23552
patch_16678.png,29952,23552
patch_16679.png,30208,23552
patch_16680.png,30464,23552
patch_16681.png,30720,23552
patch_16682.png,30976,23552
patch_16683.png,31232,23552
patch_16684.png,31488,23552
patch_16685.png,31744,23552
patch_16686.png,32000,23552
patch_16687.png,32256,23552
patch_16688.png,32512,23552
patch_16689.png,32768,23552
patch_16690.png,33024,23552
patch_16691.png,33280,23552
patch_16692.png,33536,23552
patch_16693.png,33792,23552
patch_16694.png,34048,23552
patch_16695.png,34304,23552
patch_16696.png,34560,23552
patch_16697.png,34816,23552
patch_16698.png,35072,23552
patch_16699.png,35328,23552
patch_16700.png,35584,23552
patch_16701.png,35840,23552
patch_16702.png,36096,23552
patch_16703.png,36352,23552
patch_16704.png,36608,23552
patch_16705.png,36864,23552
patch_16706.png,37120,23552
patch_16707.png,37376,23552
patch_16708.png,37632,23552
patch_16709.png,37888,23552
patch_16710.png,38144,23552
patch_16711.png,38400,23552
patch_16712.png,38656,23552
patch_16713.png,38912,23552
patch_16714.png,39168,23552
patch_16715.png,39424,23552
patch_16716.png,39680,23552
patch_16717.png,39936,23552
patch_16718.png,40192,23552
patch_16719.png,40448,23552
patch_16720.png,40704,23552
patch_16721.png,40960,23552
patch_16722.png,41216,23552
patch_16723.png,41472,23552
patch_16724.png,41728,23552
patch_16725.png,41984,23552
patch_16726.png,42240,23552
patch_16727.png,42496,23552
patch_16728.png,42752,23552
patch_16729.png,43008,23552
patch_16730.png,43264,23552
patch_16731.png,43520,23552
patch_16732.png,43776,23552
patch_16733.png,44032,23552
patch_16734.png,44288,23552
patch_16735.png,44544,23552
patch_16736.png,44800,23552
patch_16737.png,45056,23552
patch_16738.png,45312,23552
patch_16739.png,45568,23552
patch_16740.png,45824,23552
patch_16741.png,0,23808
patch_16742.png,256,23808
patch_16743.png,512,23808
patch_16744.png,768,23808
patch_16745.png,1024,23808
patch_16746.png,1280,23808
patch_16747.png,1536,23808
patch_16748.png,1792,23808
patch_16749.png,2048,23808
patch_16750.png,2304,23808
patch_16751.png,2560,23808
patch_16752.png,2816,23808
patch_16753.png,3072,23808
patch_16754.png,3328,23808
patch_16755.png,3584,23808
patch_16756.png,3840,23808
patch_16757.png,4096,23808
patch_16758.png,4352,23808
patch_16759.png,4608,23808
patch_16760.png,4864,23808
patch_16761.png,5120,23808
patch_16762.png,5376,23808
patch_16763.png,5632,23808
patch_16764.png,5888,23808
patch_16765.png,6144,23808
patch_16766.png,6400,23808
patch_16767.png,6656,23808
patch_16768.png,6912,23808
patch_16769.png,7168,23808
patch_16770.png,7424,23808
patch_16771.png,7680,23808
patch_16772.png,7936,23808
patch_16773.png,8192,23808
patch_16774.png,8448,23808
patch_16775.png,8704,23808
patch_16776.png,8960,23808
patch_16777.png,9216,23808
patch_16778.png,9472,23808
patch_16779.png,9728,23808
patch_16780.png,9984,23808
patch_16781.png,10240,23808
patch_16782.png,10496,23808
patch_16783.png,10752,23808
patch_16784.png,11008,23808
patch_16785.png,11264,23808
patch_16786.png,11520,23808
patch_16787.png,11776,23808
patch_16788.png,12032,23808
patch_16789.png,12288,23808
patch_16790.png,12544,23808
patch_16791.png,12800,23808
patch_16792.png,13056,23808
patch_16793.png,13312,23808
patch_16794.png,13568,23808
patch_16795.png,13824,23808
patch_16796.png,14080,23808
patch_16797.png,14336,23808
patch_16798.png,14592,23808
patch_16799.png,14848,23808
patch_16800.png,15104,23808
patch_16801.png,15360,23808
patch_16802.png,15616,23808
patch_16803.png,15872,23808
patch_16804.png,16128,23808
patch_16805.png,16384,23808
patch_16806.png,16640,23808
patch_16807.png,16896,23808
patch_16808.png,17152,23808
patch_16809.png,17408,23808
patch_16810.png,17664,23808
patch_16811.png,17920,23808
patch_16812.png,18176,23808
patch_16813.png,18432,23808
patch_16814.png,18688,23808
patch_16815.png,18944,23808
patch_16816.png,19200,23808
patch_16817.png,19456,23808
patch_16818.png,19712,23808
patch_16819.png,19968,23808
patch_16820.png,20224,23808
patch_16821.png,20480,23808
patch_16822.png,20736,23808
patch_16823.png,20992,23808
patch_16824.png,21248,23808
patch_16825.png,21504,23808
patch_16826.png,21760,23808
patch_16827.png,22016,23808
patch_16828.png,22272,23808
patch_16829.png,22528,23808
patch_16830.png,22784,23808
patch_16831.png,23040,23808
patch_16832.png,23296,23808
patch_16833.png,23552,23808
patch_16834.png,23808,23808
patch_16835.png,24064,23808
patch_16836.png,24320,23808
patch_16837.png,24576,23808
patch_16838.png,24832,23808
patch_16839.png,25088,23808
patch_16840.png,25344,23808
patch_16841.png,25600,23808
patch_16842.png,25856,23808
patch_16843.png,26112,23808
patch_16844.png,26368,23808
patch_16845.png,26624,23808
patch_16846.png,26880,23808
patch_16847.png,27136,23808
patch_16848.png,27392,23808
patch_16849.png,27648,23808
patch_16850.png,27904,23808
patch_16851.png,28160,23808
patch_16852.png,28416,23808
patch_16853.png,28672,23808
patch_16854.png,28928,23808
patch_16855.png,29184,23808
patch_16856.png,29440,23808
patch_16857.png,29696,23808
patch_16858.png,29952,23808
patch_16859.png,30208,23808
patch_16860.png,30464,23808
patch_16861.png,30720,23808
patch_16862.png,30976,23808
patch_16863.png,31232,23808
patch_16864.png,31488,23808
patch_16865.png,31744,23808
patch_16866.png,32000,23808
patch_16867.png,32256,23808
patch_16868.png,32512,23808
patch_16869.png,32768,23808
patch_16870.png,33024,23808
patch_16871.png,33280,23808
patch_16872.png,33536,23808
patch_16873.png,33792,23808
patch_16874.png,34048,23808
patch_16875.png,34304,23808
patch_16876.png,34560,23808
patch_16877.png,34816,23808
patch_16878.png,35072,23808
patch_16879.png,35328,23808
patch_16880.png,35584,23808
patch_16881.png,35840,23808
patch_16882.png,36096,23808
patch_16883.png,36352,23808
patch_16884.png,36608,23808
patch_16885.png,36864,23808
patch_16886.png,37120,23808
patch_16887.png,37376,23808
patch_16888.png,37632,23808
patch_16889.png,37888,23808
patch_16890.png,38144,23808
patch_16891.png,38400,23808
patch_16892.png,38656,23808
patch_16893.png,38912,23808
patch_16894.png,39168,23808
patch_16895.png,39424,23808
patch_16896.png,39680,23808
patch_16897.png,39936,23808
patch_16898.png,40192,23808
patch_16899.png,40448,23808
patch_16900.png,40704,23808
patch_16901.png,40960,23808
patch_16902.png,41216,23808
patch_16903.png,41472,23808
patch_16904.png,41728,23808
patch_16905.png,41984,23808
patch_16906.png,42240,23808
patch_16907.png,42496,23808
patch_16908.png,42752,23808
patch_16909.png,43008,23808
patch_16910.png,43264,23808
patch_16911.png,43520,23808
patch_16912.png,43776,23808
patch_16913.png,44032,23808
patch_16914.png,44288,23808
patch_16915.png,44544,23808
patch_16916.png,44800,23808
patch_16917.png,45056,23808
patch_16918.png,45312,23808
patch_16919.png,45568,23808
patch_16920.png,45824,23808
patch_16921.png,0,24064
patch_16922.png,256,24064
patch_16923.png,512,24064
patch_16924.png,768,24064
patch_16925.png,1024,24064
patch_16926.png,1280,24064
patch_16927.png,1536,24064
patch_16928.png,1792,24064
patch_16929.png,2048,24064
patch_16930.png,2304,24064
patch_16931.png,2560,24064
patch_16932.png,2816,24064
patch_16933.png,3072,24064
patch_16934.png,3328,24064
patch_16935.png,3584,24064
patch_16936.png,3840,24064
patch_16937.png,4096,24064
patch_16938.png,4352,24064
patch_16939.png,4608,24064
patch_16940.png,4864,24064
patch_16941.png,5120,24064
patch_16942.png,5376,24064
patch_16943.png,5632,24064
patch_16944.png,5888,24064
patch_16945.png,6144,24064
patch_16946.png,6400,24064
patch_16947.png,6656,24064
patch_16948.png,6912,24064
patch_16949.png,7168,24064
patch_16950.png,7424,24064
patch_16951.png,7680,24064
patch_16952.png,7936,24064
patch_16953.png,8192,24064
patch_16954.png,8448,24064
patch_16955.png,8704,24064
patch_16956.png,8960,24064
patch_16957.png,9216,24064
patch_16958.png,9472,24064
patch_16959.png,9728,24064
patch_16960.png,9984,24064
patch_16961.png,10240,24064
patch_16962.png,10496,24064
patch_16963.png,10752,24064
patch_16964.png,11008,24064
patch_16965.png,11264,24064
patch_16966.png,11520,24064
patch_16967.png,11776,24064
patch_16968.png,12032,24064
patch_16969.png,12288,24064
patch_16970.png,12544,24064
patch_16971.png,12800,24064
patch_16972.png,13056,24064
patch_16973.png,13312,24064
patch_16974.png,13568,24064
patch_16975.png,13824,24064
patch_16976.png,14080,24064
patch_16977.png,14336,24064
patch_16978.png,14592,24064
patch_16979.png,14848,24064
patch_16980.png,15104,24064
patch_16981.png,15360,24064
patch_16982.png,15616,24064
patch_16983.png,15872,24064
patch_16984.png,16128,24064
patch_16985.png,16384,24064
patch_16986.png,16640,24064
patch_16987.png,16896,24064
patch_16988.png,17152,24064
patch_16989.png,17408,24064
patch_16990.png,17664,24064
patch_16991.png,17920,24064
patch_16992.png,18176,24064
patch_16993.png,18432,24064
patch_16994.png,18688,24064
patch_16995.png,18944,24064
patch_16996.png,19200,24064
patch_16997.png,19456,24064
patch_16998.png,19712,24064
patch_16999.png,19968,24064
patch_17000.png,20224,24064
patch_17001.png,20480,24064
patch_17002.png,20736,24064
patch_17003.png,20992,24064
patch_17004.png,21248,24064
patch_17005.png,21504,24064
patch_17006.png,21760,24064
patch_17007.png,22016,24064
patch_17008.png,22272,24064
patch_17009.png,22528,24064
patch_17010.png,22784,24064
patch_17011.png,23040,24064
patch_17012.png,23296,24064
patch_17013.png,23552,24064
patch_17014.png,23808,24064
patch_17015.png,24064,24064
patch_17016.png,24320,24064
patch_17017.png,24576,24064
patch_17018.png,24832,24064
patch_17019.png,25088,24064
patch_17020.png,25344,24064
patch_17021.png,25600,24064
patch_17022.png,25856,24064
patch_17023.png,26112,24064
patch_17024.png,26368,24064
patch_17025.png,26624,24064
patch_17026.png,26880,24064
patch_17027.png,27136,24064
patch_17028.png,27392,24064
patch_17029.png,27648,24064
patch_17030.png,27904,24064
patch_17031.png,28160,24064
patch_17032.png,28416,24064
patch_17033.png,28672,24064
patch_17034.png,28928,24064
patch_17035.png,29184,24064
patch_17036.png,29440,24064
patch_17037.png,29696,24064
patch_17038.png,29952,24064
patch_17039.png,30208,24064
patch_17040.png,30464,24064
patch_17041.png,30720,24064
patch_17042.png,30976,24064
patch_17043.png,31232,24064
patch_17044.png,31488,24064
patch_17045.png,31744,24064
patch_17046.png,32000,24064
patch_17047.png,32256,24064
patch_17048.png,32512,24064
patch_17049.png,32768,24064
patch_17050.png,33024,24064
patch_17051.png,33280,24064
patch_17052.png,33536,24064
patch_17053.png,33792,24064
patch_17054.png,34048,24064
patch_17055.png,34304,24064
patch_17056.png,34560,24064
patch_17057.png,34816,24064
patch_17058.png,35072,24064
patch_17059.png,35328,24064
patch_17060.png,35584,24064
patch_17061.png,35840,24064
patch_17062.png,36096,24064
patch_17063.png,36352,24064
patch_17064.png,36608,24064
patch_17065.png,36864,24064
patch_17066.png,37120,24064
patch_17067.png,37376,24064
patch_17068.png,37632,24064
patch_17069.png,37888,24064
patch_17070.png,38144,24064
patch_17071.png,38400,24064
patch_17072.png,38656,24064
patch_17073.png,38912,24064
patch_17074.png,39168,24064
patch_17075.png,39424,24064
patch_17076.png,39680,24064
patch_17077.png,39936,24064
patch_17078.png,40192,24064
patch_17079.png,40448,24064
patch_17080.png,40704,24064
patch_17081.png,40960,24064
patch_17082.png,41216,24064
patch_17083.png,41472,24064
patch_17084.png,41728,24064
patch_17085.png,41984,24064
patch_17086.png,42240,24064
patch_17087.png,42496,24064
patch_17088.png,42752,24064
patch_17089.png,43008,24064
patch_17090.png,43264,24064
patch_17091.png,43520,24064
patch_17092.png,43776,24064
patch_17093.png,44032,24064
patch_17094.png,44288,24064
patch_17095.png,44544,24064
patch_17096.png,44800,24064
patch_17097.png,45056,24064
patch_17098.png,45312,24064
patch_17099.png,45568,24064
patch_17100.png,45824,24064
patch_17101.png,0,24320
patch_17102.png,256,24320
patch_17103.png,512,24320
patch_17104.png,768,24320
patch_17105.png,1024,24320
patch_17106.png,1280,24320
patch_17107.png,1536,24320
patch_17108.png,1792,24320
patch_17109.png,2048,24320
patch_17110.png,2304,24320
patch_17111.png,2560,24320
patch_17112.png,2816,24320
patch_17113.png,3072,24320
patch_17114.png,3328,24320
patch_17115.png,3584,24320
patch_17116.png,3840,24320
patch_17117.png,4096,24320
patch_17118.png,4352,24320
patch_17119.png,4608,24320
patch_17120.png,4864,24320
patch_17121.png,5120,24320
patch_17122.png,5376,24320
patch_17123.png,5632,24320
patch_17124.png,5888,24320
patch_17125.png,6144,24320
patch_17126.png,6400,24320
patch_17127.png,6656,24320
patch_17128.png,6912,24320
patch_17129.png,7168,24320
patch_17130.png,7424,24320
patch_17131.png,7680,24320
patch_17132.png,7936,24320
patch_17133.png,8192,24320
patch_17134.png,8448,24320
patch_17135.png,8704,24320
patch_17136.png,8960,24320
patch_17137.png,9216,24320
patch_17138.png,9472,24320
patch_17139.png,9728,24320
patch_17140.png,9984,24320
patch_17141.png,10240,24320
patch_17142.png,10496,24320
patch_17143.png,10752,24320
patch_17144.png,11008,24320
patch_17145.png,11264,24320
patch_17146.png,11520,24320
patch_17147.png,11776,24320
patch_17148.png,12032,24320
patch_17149.png,12288,24320
patch_17150.png,12544,24320
patch_17151.png,12800,24320
patch_17152.png,13056,24320
patch_17153.png,13312,24320
patch_17154.png,13568,24320
patch_17155.png,13824,24320
patch_17156.png,14080,24320
patch_17157.png,14336,24320
patch_17158.png,14592,24320
patch_17159.png,14848,24320
patch_17160.png,15104,24320
patch_17161.png,15360,24320
patch_17162.png,15616,24320
patch_17163.png,15872,24320
patch_17164.png,16128,24320
patch_17165.png,16384,24320
patch_17166.png,16640,24320
patch_17167.png,16896,24320
patch_17168.png,17152,24320
patch_17169.png,17408,24320
patch_17170.png,17664,24320
patch_17171.png,17920,24320
patch_17172.png,18176,24320
patch_17173.png,18432,24320
patch_17174.png,18688,24320
patch_17175.png,18944,24320
patch_17176.png,19200,24320
patch_17177.png,19456,24320
patch_17178.png,19712,24320
patch_17179.png,19968,24320
patch_17180.png,20224,24320
patch_17181.png,20480,24320
patch_17182.png,20736,24320
patch_17183.png,20992,24320
patch_17184.png,21248,24320
patch_17185.png,21504,24320
patch_17186.png,21760,24320
patch_17187.png,22016,24320
patch_17188.png,22272,24320
patch_17189.png,22528,24320
patch_17190.png,22784,24320
patch_17191.png,23040,24320
patch_17192.png,23296,24320
patch_17193.png,23552,24320
patch_17194.png,23808,24320
patch_17195.png,24064,24320
patch_17196.png,24320,24320
patch_17197.png,24576,24320
patch_17198.png,24832,24320
patch_17199.png,25088,24320
patch_17200.png,25344,24320
patch_17201.png,25600,24320
patch_17202.png,25856,24320
patch_17203.png,26112,24320
patch_17204.png,26368,24320
patch_17205.png,26624,24320
patch_17206.png,26880,24320
patch_17207.png,27136,24320
patch_17208.png,27392,24320
patch_17209.png,27648,24320
patch_17210.png,27904,24320
patch_17211.png,28160,24320
patch_17212.png,28416,24320
patch_17213.png,28672,24320
patch_17214.png,28928,24320
patch_17215.png,29184,24320
patch_17216.png,29440,24320
patch_17217.png,29696,24320
patch_17218.png,29952,24320
patch_17219.png,30208,24320
patch_17220.png,30464,24320
patch_17221.png,30720,24320
patch_17222.png,30976,24320
patch_17223.png,31232,24320
patch_17224.png,31488,24320
patch_17225.png,31744,24320
patch_17226.png,32000,24320
patch_17227.png,32256,24320
patch_17228.png,32512,24320
patch_17229.png,32768,24320
patch_17230.png,33024,24320
patch_17231.png,33280,24320
patch_17232.png,33536,24320
patch_17233.png,33792,24320
patch_17234.png,34048,24320
patch_17235.png,34304,24320
patch_17236.png,34560,24320
patch_17237.png,34816,24320
patch_17238.png,35072,24320
patch_17239.png,35328,24320
patch_17240.png,35584,24320
patch_17241.png,35840,24320
patch_17242.png,36096,24320
patch_17243.png,36352,24320
patch_17244.png,36608,24320
patch_17245.png,36864,24320
patch_17246.png,37120,24320
patch_17247.png,37376,24320
patch_17248.png,37632,24320
patch_17249.png,37888,24320
patch_17250.png,38144,24320
patch_17251.png,38400,24320
patch_17252.png,38656,24320
patch_17253.png,38912,24320
patch_17254.png,39168,24320
patch_17255.png,39424,24320
patch_17256.png,39680,24320
patch_17257.png,39936,24320
patch_17258.png,40192,24320
patch_17259.png,40448,24320
patch_17260.png,40704,24320
patch_17261.png,40960,24320
patch_17262.png,41216,24320
patch_17263.png,41472,24320
patch_17264.png,41728,24320
patch_17265.png,41984,24320
patch_17266.png,42240,24320
patch_17267.png,42496,24320
patch_17268.png,42752,24320
patch_17269.png,43008,24320
patch_17270.png,43264,24320
patch_17271.png,43520,24320
patch_17272.png,43776,24320
patch_17273.png,44032,24320
patch_17274.png,44288,24320
patch_17275.png,44544,24320
patch_17276.png,44800,24320
patch_17277.png,45056,24320
patch_17278.png,45312,24320
patch_17279.png,45568,24320
patch_17280.png,45824,24320
patch_17281.png,0,24576
patch_17282.png,256,24576
patch_17283.png,512,24576
patch_17284.png,768,24576
patch_17285.png,1024,24576
patch_17286.png,1280,24576
patch_17287.png,1536,24576
patch_17288.png,1792,24576
patch_17289.png,2048,24576
patch_17290.png,2304,24576
patch_17291.png,2560,24576
patch_17292.png,2816,24576
patch_17293.png,3072,24576
patch_17294.png,3328,24576
patch_17295.png,3584,24576
patch_17296.png,3840,24576
patch_17297.png,4096,24576
patch_17298.png,4352,24576
patch_17299.png,4608,24576
patch_17300.png,4864,24576
patch_17301.png,5120,24576
patch_17302.png,5376,24576
patch_17303.png,5632,24576
patch_17304.png,5888,24576
patch_17305.png,6144,24576
patch_17306.png,6400,24576
patch_17307.png,6656,24576
patch_17308.png,6912,24576
patch_17309.png,7168,24576
patch_17310.png,7424,24576
patch_17311.png,7680,24576
patch_17312.png,7936,24576
patch_17313.png,8192,24576
patch_17314.png,8448,24576
patch_17315.png,8704,24576
patch_17316.png,8960,24576
patch_17317.png,9216,24576
patch_17318.png,9472,24576
patch_17319.png,9728,24576
patch_17320.png,9984,24576
patch_17321.png,10240,24576
patch_17322.png,10496,24576
patch_17323.png,10752,24576
patch_17324.png,11008,24576
patch_17325.png,11264,24576
patch_17326.png,11520,24576
patch_17327.png,11776,24576
patch_17328.png,12032,24576
patch_17329.png,12288,24576
patch_17330.png,12544,24576
patch_17331.png,12800,24576
patch_17332.png,13056,24576
patch_17333.png,13312,24576
patch_17334.png,13568,24576
patch_17335.png,13824,24576
patch_17336.png,14080,24576
patch_17337.png,14336,24576
patch_17338.png,14592,24576
patch_17339.png,14848,24576
patch_17340.png,15104,24576
patch_17341.png,15360,24576
patch_17342.png,15616,24576
patch_17343.png,15872,24576
patch_17344.png,16128,24576
patch_17345.png,16384,24576
patch_17346.png,16640,24576
patch_17347.png,16896,24576
patch_17348.png,17152,24576
patch_17349.png,17408,24576
patch_17350.png,17664,24576
patch_17351.png,17920,24576
patch_17352.png,18176,24576
patch_17353.png,18432,24576
patch_17354.png,18688,24576
patch_17355.png,18944,24576
patch_17356.png,19200,24576
patch_17357.png,19456,24576
patch_17358.png,19712,24576
patch_17359.png,19968,24576
patch_17360.png,20224,24576
patch_17361.png,20480,24576
patch_17362.png,20736,24576
patch_17363.png,20992,24576
patch_17364.png,21248,24576
patch_17365.png,21504,24576
patch_17366.png,21760,24576
patch_17367.png,22016,24576
patch_17368.png,22272,24576
patch_17369.png,22528,24576
patch_17370.png,22784,24576
patch_17371.png,23040,24576
patch_17372.png,23296,24576
patch_17373.png,23552,24576
patch_17374.png,23808,24576
patch_17375.png,24064,24576
patch_17376.png,24320,24576
patch_17377.png,24576,24576
patch_17378.png,24832,24576
patch_17379.png,25088,24576
patch_17380.png,25344,24576
patch_17381.png,25600,24576
patch_17382.png,25856,24576
patch_17383.png,26112,24576
patch_17384.png,26368,24576
patch_17385.png,26624,24576
patch_17386.png,26880,24576
patch_17387.png,27136,24576
patch_17388.png,27392,24576
patch_17389.png,27648,24576
patch_17390.png,27904,24576
patch_17391.png,28160,24576
patch_17392.png,28416,24576
patch_17393.png,28672,24576
patch_17394.png,28928,24576
patch_17395.png,29184,24576
patch_17396.png,29440,24576
patch_17397.png,29696,24576
patch_17398.png,29952,24576
patch_17399.png,30208,24576
patch_17400.png,30464,24576
patch_17401.png,30720,24576
patch_17402.png,30976,24576
patch_17403.png,31232,24576
patch_17404.png,31488,24576
patch_17405.png,31744,24576
patch_17406.png,32000,24576
patch_17407.png,32256,24576
patch_17408.png,32512,24576
patch_17409.png,32768,24576
patch_17410.png,33024,24576
patch_17411.png,33280,24576
patch_17412.png,33536,24576
patch_17413.png,33792,24576
patch_17414.png,34048,24576
patch_17415.png,34304,24576
patch_17416.png,34560,24576
patch_17417.png,34816,24576
patch_17418.png,35072,24576
patch_17419.png,35328,24576
patch_17420.png,35584,24576
patch_17421.png,35840,24576
patch_17422.png,36096,24576
patch_17423.png,36352,24576
patch_17424.png,36608,24576
patch_17425.png,36864,24576
patch_17426.png,37120,24576
patch_17427.png,37376,24576
patch_17428.png,37632,24576
patch_17429.png,37888,24576
patch_17430.png,38144,24576
patch_17431.png,38400,24576
patch_17432.png,38656,24576
patch_17433.png,38912,24576
patch_17434.png,39168,24576
patch_17435.png,39424,24576
patch_17436.png,39680,24576
patch_17437.png,39936,24576
patch_17438.png,40192,24576
patch_17439.png,40448,24576
patch_17440.png,40704,24576
patch_17441.png,40960,24576
patch_17442.png,41216,24576
patch_17443.png,41472,24576
patch_17444.png,41728,24576
patch_17445.png,41984,24576
patch_17446.png,42240,24576
patch_17447.png,42496,24576
patch_17448.png,42752,24576
patch_17449.png,43008,24576
patch_17450.png,43264,24576
patch_17451.png,43520,24576
patch_17452.png,43776,24576
patch_17453.png,44032,24576
patch_17454.png,44288,24576
patch_17455.png,44544,24576
patch_17456.png,44800,24576
patch_17457.png,45056,24576
patch_17458.png,45312,24576
patch_17459.png,45568,24576
patch_17460.png,45824,24576
patch_17461.png,0,24832
patch_17462.png,256,24832
patch_17463.png,512,24832
patch_17464.png,768,24832
patch_17465.png,1024,24832
patch_17466.png,1280,24832
patch_17467.png,1536,24832
patch_17468.png,1792,24832
patch_17469.png,2048,24832
patch_17470.png,2304,24832
patch_17471.png,2560,24832
patch_17472.png,2816,24832
patch_17473.png,3072,24832
patch_17474.png,3328,24832
patch_17475.png,3584,24832
patch_17476.png,3840,24832
patch_17477.png,4096,24832
patch_17478.png,4352,24832
patch_17479.png,4608,24832
patch_17480.png,4864,24832
patch_17481.png,5120,24832
patch_17482.png,5376,24832
patch_17483.png,5632,24832
patch_17484.png,5888,24832
patch_17485.png,6144,24832
patch_17486.png,6400,24832
patch_17487.png,6656,24832
patch_17488.png,6912,24832
patch_17489.png,7168,24832
patch_17490.png,7424,24832
patch_17491.png,7680,24832
patch_17492.png,7936,24832
patch_17493.png,8192,24832
patch_17494.png,8448,24832
patch_17495.png,8704,24832
patch_17496.png,8960,24832
patch_17497.png,9216,24832
patch_17498.png,9472,24832
patch_17499.png,9728,24832
patch_17500.png,9984,24832
patch_17501.png,10240,24832
patch_17502.png,10496,24832
patch_17503.png,10752,24832
patch_17504.png,11008,24832
patch_17505.png,11264,24832
patch_17506.png,11520,24832
patch_17507.png,11776,24832
patch_17508.png,12032,24832
patch_17509.png,12288,24832
patch_17510.png,12544,24832
patch_17511.png,12800,24832
patch_17512.png,13056,24832
patch_17513.png,13312,24832
patch_17514.png,13568,24832
patch_17515.png,13824,24832
patch_17516.png,14080,24832
patch_17517.png,14336,24832
patch_17518.png,14592,24832
patch_17519.png,14848,24832
patch_17520.png,15104,24832
patch_17521.png,15360,24832
patch_17522.png,15616,24832
patch_17523.png,15872,24832
patch_17524.png,16128,24832
patch_17525.png,16384,24832
patch_17526.png,16640,24832
patch_17527.png,16896,24832
patch_17528.png,17152,24832
patch_17529.png,17408,24832
patch_17530.png,17664,24832
patch_17531.png,17920,24832
patch_17532.png,18176,24832
patch_17533.png,18432,24832
patch_17534.png,18688,24832
patch_17535.png,18944,24832
patch_17536.png,19200,24832
patch_17537.png,19456,24832
patch_17538.png,19712,24832
patch_17539.png,19968,24832
patch_17540.png,20224,24832
patch_17541.png,20480,24832
patch_17542.png,20736,24832
patch_17543.png,20992,24832
patch_17544.png,21248,24832
patch_17545.png,21504,24832
patch_17546.png,21760,24832
patch_17547.png,22016,24832
patch_17548.png,22272,24832
patch_17549.png,22528,24832
patch_17550.png,22784,24832
patch_17551.png,23040,24832
patch_17552.png,23296,24832
patch_17553.png,23552,24832
patch_17554.png,23808,24832
patch_17555.png,24064,24832
patch_17556.png,24320,24832
patch_17557.png,24576,24832
patch_17558.png,24832,24832
patch_17559.png,25088,24832
patch_17560.png,25344,24832
patch_17561.png,25600,24832
patch_17562.png,25856,24832
patch_17563.png,26112,24832
patch_17564.png,26368,24832
patch_17565.png,26624,24832
patch_17566.png,26880,24832
patch_17567.png,27136,24832
patch_17568.png,27392,24832
patch_17569.png,27648,24832
patch_17570.png,27904,24832
patch_17571.png,28160,24832
patch_17572.png,28416,24832
patch_17573.png,28672,24832
patch_17574.png,28928,24832
patch_17575.png,29184,24832
patch_17576.png,29440,24832
patch_17577.png,29696,24832
patch_17578.png,29952,24832
patch_17579.png,30208,24832
patch_17580.png,30464,24832
patch_17581.png,30720,24832
patch_17582.png,30976,24832
patch_17583.png,31232,24832
patch_17584.png,31488,24832
patch_17585.png,31744,24832
patch_17586.png,32000,24832
patch_17587.png,32256,24832
patch_17588.png,32512,24832
patch_17589.png,32768,24832
patch_17590.png,33024,24832
patch_17591.png,33280,24832
patch_17592.png,33536,24832
patch_17593.png,33792,24832
patch_17594.png,34048,24832
patch_17595.png,34304,24832
patch_17596.png,34560,24832
patch_17597.png,34816,24832
patch_17598.png,35072,24832
patch_17599.png,35328,24832
patch_17600.png,35584,24832
patch_17601.png,35840,24832
patch_17602.png,36096,24832
patch_17603.png,36352,24832
patch_17604.png,36608,24832
patch_17605.png,36864,24832
patch_17606.png,37120,24832
patch_17607.png,37376,24832
patch_17608.png,37632,24832
patch_17609.png,37888,24832
patch_17610.png,38144,24832
patch_17611.png,38400,24832
patch_17612.png,38656,24832
patch_17613.png,38912,24832
patch_17614.png,39168,24832
patch_17615.png,39424,24832
patch_17616.png,39680,24832
patch_17617.png,39936,24832
patch_17618.png,40192,24832
patch_17619.png,40448,24832
patch_17620.png,40704,24832
patch_17621.png,40960,24832
patch_17622.png,41216,24832
patch_17623.png,41472,24832
patch_17624.png,41728,24832
patch_17625.png,41984,24832
patch_17626.png,42240,24832
patch_17627.png,42496,24832
patch_17628.png,42752,24832
patch_17629.png,43008,24832
patch_17630.png,43264,24832
patch_17631.png,43520,24832
patch_17632.png,43776,24832
patch_17633.png,44032,24832
patch_17634.png,44288,24832
patch_17635.png,44544,24832
patch_17636.png,44800,24832
patch_17637.png,45056,24832
patch_17638.png,45312,24832
patch_17639.png,45568,24832
patch_17640.png,45824,24832
patch_17641.png,0,25088
patch_17642.png,256,25088
patch_17643.png,512,25088
patch_17644.png,768,25088
patch_17645.png,1024,25088
patch_17646.png,1280,25088
patch_17647.png,1536,25088
patch_17648.png,1792,25088
patch_17649.png,2048,25088
patch_17650.png,2304,25088
patch_17651.png,2560,25088
patch_17652.png,2816,25088
patch_17653.png,3072,25088
patch_17654.png,3328,25088
patch_17655.png,3584,25088
patch_17656.png,3840,25088
patch_17657.png,4096,25088
patch_17658.png,4352,25088
patch_17659.png,4608,25088
patch_17660.png,4864,25088
patch_17661.png,5120,25088
patch_17662.png,5376,25088
patch_17663.png,5632,25088
patch_17664.png,5888,25088
patch_17665.png,6144,25088
patch_17666.png,6400,25088
patch_17667.png,6656,25088
patch_17668.png,6912,25088
patch_17669.png,7168,25088
patch_17670.png,7424,25088
patch_17671.png,7680,25088
patch_17672.png,7936,25088
patch_17673.png,8192,25088
patch_17674.png,8448,25088
patch_17675.png,8704,25088
patch_17676.png,8960,25088
patch_17677.png,9216,25088
patch_17678.png,9472,25088
patch_17679.png,9728,25088
patch_17680.png,9984,25088
patch_17681.png,10240,25088
patch_17682.png,10496,25088
patch_17683.png,10752,25088
patch_17684.png,11008,25088
patch_17685.png,11264,25088
patch_17686.png,11520,25088
patch_17687.png,11776,25088
patch_17688.png,12032,25088
patch_17689.png,12288,25088
patch_17690.png,12544,25088
patch_17691.png,12800,25088
patch_17692.png,13056,25088
patch_17693.png,13312,25088
patch_17694.png,13568,25088
patch_17695.png,13824,25088
patch_17696.png,14080,25088
patch_17697.png,14336,25088
patch_17698.png,14592,25088
patch_17699.png,14848,25088
patch_17700.png,15104,25088
patch_17701.png,15360,25088
patch_17702.png,15616,25088
patch_17703.png,15872,25088
patch_17704.png,16128,25088
patch_17705.png,16384,25088
patch_17706.png,16640,25088
patch_17707.png,16896,25088
patch_17708.png,17152,25088
patch_17709.png,17408,25088
patch_17710.png,17664,25088
patch_17711.png,17920,25088
patch_17712.png,18176,25088
patch_17713.png,18432,25088
patch_17714.png,18688,25088
patch_17715.png,18944,25088
patch_17716.png,19200,25088
patch_17717.png,19456,25088
patch_17718.png,19712,25088
patch_17719.png,19968,25088
patch_17720.png,20224,25088
patch_17721.png,20480,25088
patch_17722.png,20736,25088
patch_17723.png,20992,25088
patch_17724.png,21248,25088
patch_17725.png,21504,25088
patch_17726.png,21760,25088
patch_17727.png,22016,25088
patch_17728.png,22272,25088
patch_17729.png,22528,25088
patch_17730.png,22784,25088
patch_17731.png,23040,25088
patch_17732.png,23296,25088
patch_17733.png,23552,25088
patch_17734.png,23808,25088
patch_17735.png,24064,25088
patch_17736.png,24320,25088
patch_17737.png,24576,25088
patch_17738.png,24832,25088
patch_17739.png,25088,25088
patch_17740.png,25344,25088
patch_17741.png,25600,25088
patch_17742.png,25856,25088
patch_17743.png,26112,25088
patch_17744.png,26368,25088
patch_17745.png,26624,25088
patch_17746.png,26880,25088
patch_17747.png,27136,25088
patch_17748.png,27392,25088
patch_17749.png,27648,25088
patch_17750.png,27904,25088
patch_17751.png,28160,25088
patch_17752.png,28416,25088
patch_17753.png,28672,25088
patch_17754.png,28928,25088
patch_17755.png,29184,25088
patch_17756.png,29440,25088
patch_17757.png,29696,25088
patch_17758.png,29952,25088
patch_17759.png,30208,25088
patch_17760.png,30464,25088
patch_17761.png,30720,25088
patch_17762.png,30976,25088
patch_17763.png,31232,25088
patch_17764.png,31488,25088
patch_17765.png,31744,25088
patch_17766.png,32000,25088
patch_17767.png,32256,25088
patch_17768.png,32512,25088
patch_17769.png,32768,25088
patch_17770.png,33024,25088
patch_17771.png,33280,25088
patch_17772.png,33536,25088
patch_17773.png,33792,25088
patch_17774.png,34048,25088
patch_17775.png,34304,25088
patch_17776.png,34560,25088
patch_17777.png,34816,25088
patch_17778.png,35072,25088
patch_17779.png,35328,25088
patch_17780.png,35584,25088
patch_17781.png,35840,25088
patch_17782.png,36096,25088
patch_17783.png,36352,25088
patch_17784.png,36608,25088
patch_17785.png,36864,25088
patch_17786.png,37120,25088
patch_17787.png,37376,25088
patch_17788.png,37632,25088
patch_17789.png,37888,25088
patch_17790.png,38144,25088
patch_17791.png,38400,25088
patch_17792.png,38656,25088
patch_17793.png,38912,25088
patch_17794.png,39168,25088
patch_17795.png,39424,25088
patch_17796.png,39680,25088
patch_17797.png,39936,25088
patch_17798.png,40192,25088
patch_17799.png,40448,25088
patch_17800.png,40704,25088
patch_17801.png,40960,25088
patch_17802.png,41216,25088
patch_17803.png,41472,25088
patch_17804.png,41728,25088
patch_17805.png,41984,25088
patch_17806.png,42240,25088
patch_17807.png,42496,25088
patch_17808.png,42752,25088
patch_17809.png,43008,25088
patch_17810.png,43264,25088
patch_17811.png,43520,25088
patch_17812.png,43776,25088
patch_17813.png,44032,25088
patch_17814.png,44288,25088
patch_17815.png,44544,25088
patch_17816.png,44800,25088
patch_17817.png,45056,25088
patch_17818.png,45312,25088
patch_17819.png,45568,25088
patch_17820.png,45824,25088
patch_17821.png,0,25344
patch_17822.png,256,25344
patch_17823.png,512,25344
patch_17824.png,768,25344
patch_17825.png,1024,25344
patch_17826.png,1280,25344
patch_17827.png,1536,25344
patch_17828.png,1792,25344
patch_17829.png,2048,25344
patch_17830.png,2304,25344
patch_17831.png,2560,25344
patch_17832.png,2816,25344
patch_17833.png,3072,25344
patch_17834.png,3328,25344
patch_17835.png,3584,25344
patch_17836.png,3840,25344
patch_17837.png,4096,25344
patch_17838.png,4352,25344
patch_17839.png,4608,25344
patch_17840.png,4864,25344
patch_17841.png,5120,25344
patch_17842.png,5376,25344
patch_17843.png,5632,25344
patch_17844.png,5888,25344
patch_17845.png,6144,25344
patch_17846.png,6400,25344
patch_17847.png,6656,25344
patch_17848.png,6912,25344
patch_17849.png,7168,25344
patch_17850.png,7424,25344
patch_17851.png,7680,25344
patch_17852.png,7936,25344
patch_17853.png,8192,25344
patch_17854.png,8448,25344
patch_17855.png,8704,25344
patch_17856.png,8960,25344
patch_17857.png,9216,25344
patch_17858.png,9472,25344
patch_17859.png,9728,25344
patch_17860.png,9984,25344
patch_17861.png,10240,25344
patch_17862.png,10496,25344
patch_17863.png,10752,25344
patch_17864.png,11008,25344
patch_17865.png,11264,25344
patch_17866.png,11520,25344
patch_17867.png,11776,25344
patch_17868.png,12032,25344
patch_17869.png,12288,25344
patch_17870.png,12544,25344
patch_17871.png,12800,25344
patch_17872.png,13056,25344
patch_17873.png,13312,25344
patch_17874.png,13568,25344
patch_17875.png,13824,25344
patch_17876.png,14080,25344
patch_17877.png,14336,25344
patch_17878.png,14592,25344
patch_17879.png,14848,25344
patch_17880.png,15104,25344
patch_17881.png,15360,25344
patch_17882.png,15616,25344
patch_17883.png,15872,25344
patch_17884.png,16128,25344
patch_17885.png,16384,25344
patch_17886.png,16640,25344
patch_17887.png,16896,25344
patch_17888.png,17152,25344
patch_17889.png,17408,25344
patch_17890.png,17664,25344
patch_17891.png,17920,25344
patch_17892.png,18176,25344
patch_17893.png,18432,25344
patch_17894.png,18688,25344
patch_17895.png,18944,25344
patch_17896.png,19200,25344
patch_17897.png,19456,25344
patch_17898.png,19712,25344
patch_17899.png,19968,25344
patch_17900.png,20224,25344
patch_17901.png,20480,25344
patch_17902.png,20736,25344
patch_17903.png,20992,25344
patch_17904.png,21248,25344
patch_17905.png,21504,25344
patch_17906.png,21760,25344
patch_17907.png,22016,25344
patch_17908.png,22272,25344
patch_17909.png,22528,25344
patch_17910.png,22784,25344
patch_17911.png,23040,25344
patch_17912.png,23296,25344
patch_17913.png,23552,25344
patch_17914.png,23808,25344
patch_17915.png,24064,25344
patch_17916.png,24320,25344
patch_17917.png,24576,25344
patch_17918.png,24832,25344
patch_17919.png,25088,25344
patch_17920.png,25344,25344
patch_17921.png,25600,25344
patch_17922.png,25856,25344
patch_17923.png,26112,25344
patch_17924.png,26368,25344
patch_17925.png,26624,25344
patch_17926.png,26880,25344
patch_17927.png,27136,25344
patch_17928.png,27392,25344
patch_17929.png,27648,25344
patch_17930.png,27904,25344
patch_17931.png,28160,25344
patch_17932.png,28416,25344
patch_17933.png,28672,25344
patch_17934.png,28928,25344
patch_17935.png,29184,25344
patch_17936.png,29440,25344
patch_17937.png,29696,25344
patch_17938.png,29952,25344
patch_17939.png,30208,25344
patch_17940.png,30464,25344
patch_17941.png,30720,25344
patch_17942.png,30976,25344
patch_17943.png,31232,25344
patch_17944.png,31488,25344
patch_17945.png,31744,25344
patch_17946.png,32000,25344
patch_17947.png,32256,25344
patch_17948.png,32512,25344
patch_17949.png,32768,25344
patch_17950.png,33024,25344
patch_17951.png,33280,25344
patch_17952.png,33536,25344
patch_17953.png,33792,25344
patch_17954.png,34048,25344
patch_17955.png,34304,25344
patch_17956.png,34560,25344
patch_17957.png,34816,25344
patch_17958.png,35072,25344
patch_17959.png,35328,25344
patch_17960.png,35584,25344
patch_17961.png,35840,25344
patch_17962.png,36096,25344
patch_17963.png,36352,25344
patch_17964.png,36608,25344
patch_17965.png,36864,25344
patch_17966.png,37120,25344
patch_17967.png,37376,25344
patch_17968.png,37632,25344
patch_17969.png,37888,25344
patch_17970.png,38144,25344
patch_17971.png,38400,25344
patch_17972.png,38656,25344
patch_17973.png,38912,25344
patch_17974.png,39168,25344
patch_17975.png,39424,25344
patch_17976.png,39680,25344
patch_17977.png,39936,25344
patch_17978.png,40192,25344
patch_17979.png,40448,25344
patch_17980.png,40704,25344
patch_17981.png,40960,25344
patch_17982.png,41216,25344
patch_17983.png,41472,25344
patch_17984.png,41728,25344
patch_17985.png,41984,25344
patch_17986.png,42240,25344
patch_17987.png,42496,25344
patch_17988.png,42752,25344
patch_17989.png,43008,25344
patch_17990.png,43264,25344
patch_17991.png,43520,25344
patch_17992.png,43776,25344
patch_17993.png,44032,25344
patch_17994.png,44288,25344
patch_17995.png,44544,25344
patch_17996.png,44800,25344
patch_17997.png,45056,25344
patch_17998.png,45312,25344
patch_17999.png,45568,25344
patch_18000.png,45824,25344
patch_18001.png,0,25600
patch_18002.png,256,25600
patch_18003.png,512,25600
patch_18004.png,768,25600
patch_18005.png,1024,25600
patch_18006.png,1280,25600
patch_18007.png,1536,25600
patch_18008.png,1792,25600
patch_18009.png,2048,25600
patch_18010.png,2304,25600
patch_18011.png,2560,25600
patch_18012.png,2816,25600
patch_18013.png,3072,25600
patch_18014.png,3328,25600
patch_18015.png,3584,25600
patch_18016.png,3840,25600
patch_18017.png,4096,25600
patch_18018.png,4352,25600
patch_18019.png,4608,25600
patch_18020.png,4864,25600
patch_18021.png,5120,25600
patch_18022.png,5376,25600
patch_18023.png,5632,25600
patch_18024.png,5888,25600
patch_18025.png,6144,25600
patch_18026.png,6400,25600
patch_18027.png,6656,25600
patch_18028.png,6912,25600
patch_18029.png,7168,25600
patch_18030.png,7424,25600
patch_18031.png,7680,25600
patch_18032.png,7936,25600
patch_18033.png,8192,25600
patch_18034.png,8448,25600
patch_18035.png,8704,25600
patch_18036.png,8960,25600
patch_18037.png,9216,25600
patch_18038.png,9472,25600
patch_18039.png,9728,25600
patch_18040.png,9984,25600
patch_18041.png,10240,25600
patch_18042.png,10496,25600
patch_18043.png,10752,25600
patch_18044.png,11008,25600
patch_18045.png,11264,25600
patch_18046.png,11520,25600
patch_18047.png,11776,25600
patch_18048.png,12032,25600
patch_18049.png,12288,25600
patch_18050.png,12544,25600
patch_18051.png,12800,25600
patch_18052.png,13056,25600
patch_18053.png,13312,25600
patch_18054.png,13568,25600
patch_18055.png,13824,25600
patch_18056.png,14080,25600
patch_18057.png,14336,25600
patch_18058.png,14592,25600
patch_18059.png,14848,25600
patch_18060.png,15104,25600
patch_18061.png,15360,25600
patch_18062.png,15616,25600
patch_18063.png,15872,25600
patch_18064.png,16128,25600
patch_18065.png,16384,25600
patch_18066.png,16640,25600
patch_18067.png,16896,25600
patch_18068.png,17152,25600
patch_18069.png,17408,25600
patch_18070.png,17664,25600
patch_18071.png,17920,25600
patch_18072.png,18176,25600
patch_18073.png,18432,25600
patch_18074.png,18688,25600
patch_18075.png,18944,25600
patch_18076.png,19200,25600
patch_18077.png,19456,25600
patch_18078.png,19712,25600
patch_18079.png,19968,25600
patch_18080.png,20224,25600
patch_18081.png,20480,25600
patch_18082.png,20736,25600
patch_18083.png,20992,25600
patch_18084.png,21248,25600
patch_18085.png,21504,25600
patch_18086.png,21760,25600
patch_18087.png,22016,25600
patch_18088.png,22272,25600
patch_18089.png,22528,25600
patch_18090.png,22784,25600
patch_18091.png,23040,25600
patch_18092.png,23296,25600
patch_18093.png,23552,25600
patch_18094.png,23808,25600
patch_18095.png,24064,25600
patch_18096.png,24320,25600
patch_18097.png,24576,25600
patch_18098.png,24832,25600
patch_18099.png,25088,25600
patch_18100.png,25344,25600
patch_18101.png,25600,25600
patch_18102.png,25856,25600
patch_18103.png,26112,25600
patch_18104.png,26368,25600
patch_18105.png,26624,25600
patch_18106.png,26880,25600
patch_18107.png,27136,25600
patch_18108.png,27392,25600
patch_18109.png,27648,25600
patch_18110.png,27904,25600
patch_18111.png,28160,25600
patch_18112.png,28416,25600
patch_18113.png,28672,25600
patch_18114.png,28928,25600
patch_18115.png,29184,25600
patch_18116.png,29440,25600
patch_18117.png,29696,25600
patch_18118.png,29952,25600
patch_18119.png,30208,25600
patch_18120.png,30464,25600
patch_18121.png,30720,25600
patch_18122.png,30976,25600
patch_18123.png,31232,25600
patch_18124.png,31488,25600
patch_18125.png,31744,25600
patch_18126.png,32000,25600
patch_18127.png,32256,25600
patch_18128.png,32512,25600
patch_18129.png,32768,25600
patch_18130.png,33024,25600
patch_18131.png,33280,25600
patch_18132.png,33536,25600
patch_18133.png,33792,25600
patch_18134.png,34048,25600
patch_18135.png,34304,25600
patch_18136.png,34560,25600
patch_18137.png,34816,25600
patch_18138.png,35072,25600
patch_18139.png,35328,25600
patch_18140.png,35584,25600
patch_18141.png,35840,25600
patch_18142.png,36096,25600
patch_18143.png,36352,25600
patch_18144.png,36608,25600
patch_18145.png,36864,25600
patch_18146.png,37120,25600
patch_18147.png,37376,25600
patch_18148.png,37632,25600
patch_18149.png,37888,25600
patch_18150.png,38144,25600
patch_18151.png,38400,25600
patch_18152.png,38656,25600
patch_18153.png,38912,25600
patch_18154.png,39168,25600
patch_18155.png,39424,25600
patch_18156.png,39680,25600
patch_18157.png,39936,25600
patch_18158.png,40192,25600
patch_18159.png,40448,25600
patch_18160.png,40704,25600
patch_18161.png,40960,25600
patch_18162.png,41216,25600
patch_18163.png,41472,25600
patch_18164.png,41728,25600
patch_18165.png,41984,25600
patch_18166.png,42240,25600
patch_18167.png,42496,25600
patch_18168.png,42752,25600
patch_18169.png,43008,25600
patch_18170.png,43264,25600
patch_18171.png,43520,25600
patch_18172.png,43776,25600
patch_18173.png,44032,25600
patch_18174.png,44288,25600
patch_18175.png,44544,25600
patch_18176.png,44800,25600
patch_18177.png,45056,25600
patch_18178.png,45312,25600
patch_18179.png,45568,25600
patch_18180.png,45824,25600
patch_18181.png,0,25856
patch_18182.png,256,25856
patch_18183.png,512,25856
patch_18184.png,768,25856
patch_18185.png,1024,25856
patch_18186.png,1280,25856
patch_18187.png,1536,25856
patch_18188.png,1792,25856
patch_18189.png,2048,25856
patch_18190.png,2304,25856
patch_18191.png,2560,25856
patch_18192.png,2816,25856
patch_18193.png,3072,25856
patch_18194.png,3328,25856
patch_18195.png,3584,25856
patch_18196.png,3840,25856
patch_18197.png,4096,25856
patch_18198.png,4352,25856
patch_18199.png,4608,25856
patch_18200.png,4864,25856
patch_18201.png,5120,25856
patch_18202.png,5376,25856
patch_18203.png,5632,25856
patch_18204.png,5888,25856
patch_18205.png,6144,25856
patch_18206.png,6400,25856
patch_18207.png,6656,25856
patch_18208.png,6912,25856
patch_18209.png,7168,25856
patch_18210.png,7424,25856
patch_18211.png,7680,25856
patch_18212.png,7936,25856
patch_18213.png,8192,25856
patch_18214.png,8448,25856
patch_18215.png,8704,25856
patch_18216.png,8960,25856
patch_18217.png,9216,25856
patch_18218.png,9472,25856
patch_18219.png,9728,25856
patch_18220.png,9984,25856
patch_18221.png,10240,25856
patch_18222.png,10496,25856
patch_18223.png,10752,25856
patch_18224.png,11008,25856
patch_18225.png,11264,25856
patch_18226.png,11520,25856
patch_18227.png,11776,25856
patch_18228.png,12032,25856
patch_18229.png,12288,25856
patch_18230.png,12544,25856
patch_18231.png,12800,25856
patch_18232.png,13056,25856
patch_18233.png,13312,25856
patch_18234.png,13568,25856
patch_18235.png,13824,25856
patch_18236.png,14080,25856
patch_18237.png,14336,25856
patch_18238.png,14592,25856
patch_18239.png,14848,25856
patch_18240.png,15104,25856
patch_18241.png,15360,25856
patch_18242.png,15616,25856
patch_18243.png,15872,25856
patch_18244.png,16128,25856
patch_18245.png,16384,25856
patch_18246.png,16640,25856
patch_18247.png,16896,25856
patch_18248.png,17152,25856
patch_18249.png,17408,25856
patch_18250.png,17664,25856
patch_18251.png,17920,25856
patch_18252.png,18176,25856
patch_18253.png,18432,25856
patch_18254.png,18688,25856
patch_18255.png,18944,25856
patch_18256.png,19200,25856
patch_18257.png,19456,25856
patch_18258.png,19712,25856
patch_18259.png,19968,25856
patch_18260.png,20224,25856
patch_18261.png,20480,25856
patch_18262.png,20736,25856
patch_18263.png,20992,25856
patch_18264.png,21248,25856
patch_18265.png,21504,25856
patch_18266.png,21760,25856
patch_18267.png,22016,25856
patch_18268.png,22272,25856
patch_18269.png,22528,25856
patch_18270.png,22784,25856
patch_18271.png,23040,25856
patch_18272.png,23296,25856
patch_18273.png,23552,25856
patch_18274.png,23808,25856
patch_18275.png,24064,25856
patch_18276.png,24320,25856
patch_18277.png,24576,25856
patch_18278.png,24832,25856
patch_18279.png,25088,25856
patch_18280.png,25344,25856
patch_18281.png,25600,25856
patch_18282.png,25856,25856
patch_18283.png,26112,25856
patch_18284.png,26368,25856
patch_18285.png,26624,25856
patch_18286.png,26880,25856
patch_18287.png,27136,25856
patch_18288.png,27392,25856
patch_18289.png,27648,25856
patch_18290.png,27904,25856
patch_18291.png,28160,25856
patch_18292.png,28416,25856
patch_18293.png,28672,25856
patch_18294.png,28928,25856
patch_18295.png,29184,25856
patch_18296.png,29440,25856
patch_18297.png,29696,25856
patch_18298.png,29952,25856
patch_18299.png,30208,25856
patch_18300.png,30464,25856
patch_18301.png,30720,25856
patch_18302.png,30976,25856
patch_18303.png,31232,25856
patch_18304.png,31488,25856
patch_18305.png,31744,25856
patch_18306.png,32000,25856
patch_18307.png,32256,25856
patch_18308.png,32512,25856
patch_18309.png,32768,25856
patch_18310.png,33024,25856
patch_18311.png,33280,25856
patch_18312.png,33536,25856
patch_18313.png,33792,25856
patch_18314.png,34048,25856
patch_18315.png,34304,25856
patch_18316.png,34560,25856
patch_18317.png,34816,25856
patch_18318.png,35072,25856
patch_18319.png,35328,25856
patch_18320.png,35584,25856
patch_18321.png,35840,25856
patch_18322.png,36096,25856
patch_18323.png,36352,25856
patch_18324.png,36608,25856
patch_18325.png,36864,25856
patch_18326.png,37120,25856
patch_18327.png,37376,25856
patch_18328.png,37632,25856
patch_18329.png,37888,25856
patch_18330.png,38144,25856
patch_18331.png,38400,25856
patch_18332.png,38656,25856
patch_18333.png,38912,25856
patch_18334.png,39168,25856
patch_18335.png,39424,25856
patch_18336.png,39680,25856
patch_18337.png,39936,25856
patch_18338.png,40192,25856
patch_18339.png,40448,25856
patch_18340.png,40704,25856
patch_18341.png,40960,25856
patch_18342.png,41216,25856
patch_18343.png,41472,25856
patch_18344.png,41728,25856
patch_18345.png,41984,25856
patch_18346.png,42240,25856
patch_18347.png,42496,25856
patch_18348.png,42752,25856
patch_18349.png,43008,25856
patch_18350.png,43264,25856
patch_18351.png,43520,25856
patch_18352.png,43776,25856
patch_18353.png,44032,25856
patch_18354.png,44288,25856
patch_18355.png,44544,25856
patch_18356.png,44800,25856
patch_18357.png,45056,25856
patch_18358.png,45312,25856
patch_18359.png,45568,25856
patch_18360.png,45824,25856
patch_18361.png,0,26112
patch_18362.png,256,26112
patch_18363.png,512,26112
patch_18364.png,768,26112
patch_18365.png,1024,26112
patch_18366.png,1280,26112
patch_18367.png,1536,26112
patch_18368.png,1792,26112
patch_18369.png,2048,26112
patch_18370.png,2304,26112
patch_18371.png,2560,26112
patch_18372.png,2816,26112
patch_18373.png,3072,26112
patch_18374.png,3328,26112
patch_18375.png,3584,26112
patch_18376.png,3840,26112
patch_18377.png,4096,26112
patch_18378.png,4352,26112
patch_18379.png,4608,26112
patch_18380.png,4864,26112
patch_18381.png,5120,26112
patch_18382.png,5376,26112
patch_18383.png,5632,26112
patch_18384.png,5888,26112
patch_18385.png,6144,26112
patch_18386.png,6400,26112
patch_18387.png,6656,26112
patch_18388.png,6912,26112
patch_18389.png,7168,26112
patch_18390.png,7424,26112
patch_18391.png,7680,26112
patch_18392.png,7936,26112
patch_18393.png,8192,26112
patch_18394.png,8448,26112
patch_18395.png,8704,26112
patch_18396.png,8960,26112
patch_18397.png,9216,26112
patch_18398.png,9472,26112
patch_18399.png,9728,26112
patch_18400.png,9984,26112
patch_18401.png,10240,26112
patch_18402.png,10496,26112
patch_18403.png,10752,26112
patch_18404.png,11008,26112
patch_18405.png,11264,26112
patch_18406.png,11520,26112
patch_18407.png,11776,26112
patch_18408.png,12032,26112
patch_18409.png,12288,26112
patch_18410.png,12544,26112
patch_18411.png,12800,26112
patch_18412.png,13056,26112
patch_18413.png,13312,26112
patch_18414.png,13568,26112
patch_18415.png,13824,26112
patch_18416.png,14080,26112
patch_18417.png,14336,26112
patch_18418.png,14592,26112
patch_18419.png,14848,26112
patch_18420.png,15104,26112
patch_18421.png,15360,26112
patch_18422.png,15616,26112
patch_18423.png,15872,26112
patch_18424.png,16128,26112
patch_18425.png,16384,26112
patch_18426.png,16640,26112
patch_18427.png,16896,26112
patch_18428.png,17152,26112
patch_18429.png,17408,26112
patch_18430.png,17664,26112
patch_18431.png,17920,26112
patch_18432.png,18176,26112
patch_18433.png,18432,26112
patch_18434.png,18688,26112
patch_18435.png,18944,26112
patch_18436.png,19200,26112
patch_18437.png,19456,26112
patch_18438.png,19712,26112
patch_18439.png,19968,26112
patch_18440.png,20224,26112
patch_18441.png,20480,26112
patch_18442.png,20736,26112
patch_18443.png,20992,26112
patch_18444.png,21248,26112
patch_18445.png,21504,26112
patch_18446.png,21760,26112
patch_18447.png,22016,26112
patch_18448.png,22272,26112
patch_18449.png,22528,26112
patch_18450.png,22784,26112
patch_18451.png,23040,26112
patch_18452.png,23296,26112
patch_18453.png,23552,26112
patch_18454.png,23808,26112
patch_18455.png,24064,26112
patch_18456.png,24320,26112
patch_18457.png,24576,26112
patch_18458.png,24832,26112
patch_18459.png,25088,26112
patch_18460.png,25344,26112
patch_18461.png,25600,26112
patch_18462.png,25856,26112
patch_18463.png,26112,26112
patch_18464.png,26368,26112
patch_18465.png,26624,26112
patch_18466.png,26880,26112
patch_18467.png,27136,26112
patch_18468.png,27392,26112
patch_18469.png,27648,26112
patch_18470.png,27904,26112
patch_18471.png,28160,26112
patch_18472.png,28416,26112
patch_18473.png,28672,26112
patch_18474.png,28928,26112
patch_18475.png,29184,26112
patch_18476.png,29440,26112
patch_18477.png,29696,26112
patch_18478.png,29952,26112
patch_18479.png,30208,26112
patch_18480.png,30464,26112
patch_18481.png,30720,26112
patch_18482.png,30976,26112
patch_18483.png,31232,26112
patch_18484.png,31488,26112
patch_18485.png,31744,26112
patch_18486.png,32000,26112
patch_18487.png,32256,26112
patch_18488.png,32512,26112
patch_18489.png,32768,26112
patch_18490.png,33024,26112
patch_18491.png,33280,26112
patch_18492.png,33536,26112
patch_18493.png,33792,26112
patch_18494.png,34048,26112
patch_18495.png,34304,26112
patch_18496.png,34560,26112
patch_18497.png,34816,26112
patch_18498.png,35072,26112
patch_18499.png,35328,26112
patch_18500.png,35584,26112
patch_18501.png,35840,26112
patch_18502.png,36096,26112
patch_18503.png,36352,26112
patch_18504.png,36608,26112
patch_18505.png,36864,26112
patch_18506.png,37120,26112
patch_18507.png,37376,26112
patch_18508.png,37632,26112
patch_18509.png,37888,26112
patch_18510.png,38144,26112
patch_18511.png,38400,26112
patch_18512.png,38656,26112
patch_18513.png,38912,26112
patch_18514.png,39168,26112
patch_18515.png,39424,26112
patch_18516.png,39680,26112
patch_18517.png,39936,26112
patch_18518.png,40192,26112
patch_18519.png,40448,26112
patch_18520.png,40704,26112
patch_18521.png,40960,26112
patch_18522.png,41216,26112
patch_18523.png,41472,26112
patch_18524.png,41728,26112
patch_18525.png,41984,26112
patch_18526.png,42240,26112
patch_18527.png,42496,26112
patch_18528.png,42752,26112
patch_18529.png,43008,26112
patch_18530.png,43264,26112
patch_18531.png,43520,26112
patch_18532.png,43776,26112
patch_18533.png,44032,26112
patch_18534.png,44288,26112
patch_18535.png,44544,26112
patch_18536.png,44800,26112
patch_18537.png,45056,26112
patch_18538.png,45312,26112
patch_18539.png,45568,26112
patch_18540.png,45824,26112
patch_18541.png,0,26368
patch_18542.png,256,26368
patch_18543.png,512,26368
patch_18544.png,768,26368
patch_18545.png,1024,26368
patch_18546.png,1280,26368
patch_18547.png,1536,26368
patch_18548.png,1792,26368
patch_18549.png,2048,26368
patch_18550.png,2304,26368
patch_18551.png,2560,26368
patch_18552.png,2816,26368
patch_18553.png,3072,26368
patch_18554.png,3328,26368
patch_18555.png,3584,26368
patch_18556.png,3840,26368
patch_18557.png,4096,26368
patch_18558.png,4352,26368
patch_18559.png,4608,26368
patch_18560.png,4864,26368
patch_18561.png,5120,26368
patch_18562.png,5376,26368
patch_18563.png,5632,26368
patch_18564.png,5888,26368
patch_18565.png,6144,26368
patch_18566.png,6400,26368
patch_18567.png,6656,26368
patch_18568.png,6912,26368
patch_18569.png,7168,26368
patch_18570.png,7424,26368
patch_18571.png,7680,26368
patch_18572.png,7936,26368
patch_18573.png,8192,26368
patch_18574.png,8448,26368
patch_18575.png,8704,26368
patch_18576.png,8960,26368
patch_18577.png,9216,26368
patch_18578.png,9472,26368
patch_18579.png,9728,26368
patch_18580.png,9984,26368
patch_18581.png,10240,26368
patch_18582.png,10496,26368
patch_18583.png,10752,26368
patch_18584.png,11008,26368
patch_18585.png,11264,26368
patch_18586.png,11520,26368
patch_18587.png,11776,26368
patch_18588.png,12032,26368
patch_18589.png,12288,26368
patch_18590.png,12544,26368
patch_18591.png,12800,26368
patch_18592.png,13056,26368
patch_18593.png,13312,26368
patch_18594.png,13568,26368
patch_18595.png,13824,26368
patch_18596.png,14080,26368
patch_18597.png,14336,26368
patch_18598.png,14592,26368
patch_18599.png,14848,26368
patch_18600.png,15104,26368
patch_18601.png,15360,26368
patch_18602.png,15616,26368
patch_18603.png,15872,26368
patch_18604.png,16128,26368
patch_18605.png,16384,26368
patch_18606.png,16640,26368
patch_18607.png,16896,26368
patch_18608.png,17152,26368
patch_18609.png,17408,26368
patch_18610.png,17664,26368
patch_18611.png,17920,26368
patch_18612.png,18176,26368
patch_18613.png,18432,26368
patch_18614.png,18688,26368
patch_18615.png,18944,26368
patch_18616.png,19200,26368
patch_18617.png,19456,26368
patch_18618.png,19712,26368
patch_18619.png,19968,26368
patch_18620.png,20224,26368
patch_18621.png,20480,26368
patch_18622.png,20736,26368
patch_18623.png,20992,26368
patch_18624.png,21248,26368
patch_18625.png,21504,26368
patch_18626.png,21760,26368
patch_18627.png,22016,26368
patch_18628.png,22272,26368
patch_18629.png,22528,26368
patch_18630.png,22784,26368
patch_18631.png,23040,26368
patch_18632.png,23296,26368
patch_18633.png,23552,26368
patch_18634.png,23808,26368
patch_18635.png,24064,26368
patch_18636.png,24320,26368
patch_18637.png,24576,26368
patch_18638.png,24832,26368
patch_18639.png,25088,26368
patch_18640.png,25344,26368
patch_18641.png,25600,26368
patch_18642.png,25856,26368
patch_18643.png,26112,26368
patch_18644.png,26368,26368
patch_18645.png,26624,26368
patch_18646.png,26880,26368
patch_18647.png,27136,26368
patch_18648.png,27392,26368
patch_18649.png,27648,26368
patch_18650.png,27904,26368
patch_18651.png,28160,26368
patch_18652.png,28416,26368
patch_18653.png,28672,26368
patch_18654.png,28928,26368
patch_18655.png,29184,26368
patch_18656.png,29440,26368
patch_18657.png,29696,26368
patch_18658.png,29952,26368
patch_18659.png,30208,26368
patch_18660.png,30464,26368
patch_18661.png,30720,26368
patch_18662.png,30976,26368
patch_18663.png,31232,26368
patch_18664.png,31488,26368
patch_18665.png,31744,26368
patch_18666.png,32000,26368
patch_18667.png,32256,26368
patch_18668.png,32512,26368
patch_18669.png,32768,26368
patch_18670.png,33024,26368
patch_18671.png,33280,26368
patch_18672.png,33536,26368
patch_18673.png,33792,26368
patch_18674.png,34048,26368
patch_18675.png,34304,26368
patch_18676.png,34560,26368
patch_18677.png,34816,26368
patch_18678.png,35072,26368
patch_18679.png,35328,26368
patch_18680.png,35584,26368
patch_18681.png,35840,26368
patch_18682.png,36096,26368
patch_18683.png,36352,26368
patch_18684.png,36608,26368
patch_18685.png,36864,26368
patch_18686.png,37120,26368
patch_18687.png,37376,26368
patch_18688.png,37632,26368
patch_18689.png,37888,26368
patch_18690.png,38144,26368
patch_18691.png,38400,26368
patch_18692.png,38656,26368
patch_18693.png,38912,26368
patch_18694.png,39168,26368
patch_18695.png,39424,26368
patch_18696.png,39680,26368
patch_18697.png,39936,26368
patch_18698.png,40192,26368
patch_18699.png,40448,26368
patch_18700.png,40704,26368
patch_18701.png,40960,26368
patch_18702.png,41216,26368
patch_18703.png,41472,26368
patch_18704.png,41728,26368
patch_18705.png,41984,26368
patch_18706.png,42240,26368
patch_18707.png,42496,26368
patch_18708.png,42752,26368
patch_18709.png,43008,26368
patch_18710.png,43264,26368
patch_18711.png,43520,26368
patch_18712.png,43776,26368
patch_18713.png,44032,26368
patch_18714.png,44288,26368
patch_18715.png,44544,26368
patch_18716.png,44800,26368
patch_18717.png,45056,26368
patch_18718.png,45312,26368
patch_18719.png,45568,26368
patch_18720.png,45824,26368
patch_18721.png,0,26624
patch_18722.png,256,26624
patch_18723.png,512,26624
patch_18724.png,768,26624
patch_18725.png,1024,26624
patch_18726.png,1280,26624
patch_18727.png,1536,26624
patch_18728.png,1792,26624
patch_18729.png,2048,26624
patch_18730.png,2304,26624
patch_18731.png,2560,26624
patch_18732.png,2816,26624
patch_18733.png,3072,26624
patch_18734.png,3328,26624
patch_18735.png,3584,26624
patch_18736.png,3840,26624
patch_18737.png,4096,26624
patch_18738.png,4352,26624
patch_18739.png,4608,26624
patch_18740.png,4864,26624
patch_18741.png,5120,26624
patch_18742.png,5376,26624
patch_18743.png,5632,26624
patch_18744.png,5888,26624
patch_18745.png,6144,26624
patch_18746.png,6400,26624
patch_18747.png,6656,26624
patch_18748.png,6912,26624
patch_18749.png,7168,26624
patch_18750.png,7424,26624
patch_18751.png,7680,26624
patch_18752.png,7936,26624
patch_18753.png,8192,26624
patch_18754.png,8448,26624
patch_18755.png,8704,26624
patch_18756.png,8960,26624
patch_18757.png,9216,26624
patch_18758.png,9472,26624
patch_18759.png,9728,26624
patch_18760.png,9984,26624
patch_18761.png,10240,26624
patch_18762.png,10496,26624
patch_18763.png,10752,26624
patch_18764.png,11008,26624
patch_18765.png,11264,26624
patch_18766.png,11520,26624
patch_18767.png,11776,26624
patch_18768.png,12032,26624
patch_18769.png,12288,26624
patch_18770.png,12544,26624
patch_18771.png,12800,26624
patch_18772.png,13056,26624
patch_18773.png,13312,26624
patch_18774.png,13568,26624
patch_18775.png,13824,26624
patch_18776.png,14080,26624
patch_18777.png,14336,26624
patch_18778.png,14592,26624
patch_18779.png,14848,26624
patch_18780.png,15104,26624
patch_18781.png,15360,26624
patch_18782.png,15616,26624
patch_18783.png,15872,26624
patch_18784.png,16128,26624
patch_18785.png,16384,26624
patch_18786.png,16640,26624
patch_18787.png,16896,26624
patch_18788.png,17152,26624
patch_18789.png,17408,26624
patch_18790.png,17664,26624
patch_18791.png,17920,26624
patch_18792.png,18176,26624
patch_18793.png,18432,26624
patch_18794.png,18688,26624
patch_18795.png,18944,26624
patch_18796.png,19200,26624
patch_18797.png,19456,26624
patch_18798.png,19712,26624
patch_18799.png,19968,26624
patch_18800.png,20224,26624
patch_18801.png,20480,26624
patch_18802.png,20736,26624
patch_18803.png,20992,26624
patch_18804.png,21248,26624
patch_18805.png,21504,26624
patch_18806.png,21760,26624
patch_18807.png,22016,26624
patch_18808.png,22272,26624
patch_18809.png,22528,26624
patch_18810.png,22784,26624
patch_18811.png,23040,26624
patch_18812.png,23296,26624
patch_18813.png,23552,26624
patch_18814.png,23808,26624
patch_18815.png,24064,26624
patch_18816.png,24320,26624
patch_18817.png,24576,26624
patch_18818.png,24832,26624
patch_18819.png,25088,26624
patch_18820.png,25344,26624
patch_18821.png,25600,26624
patch_18822.png,25856,26624
patch_18823.png,26112,26624
patch_18824.png,26368,26624
patch_18825.png,26624,26624
patch_18826.png,26880,26624
patch_18827.png,27136,26624
patch_18828.png,27392,26624
patch_18829.png,27648,26624
patch_18830.png,27904,26624
patch_18831.png,28160,26624
patch_18832.png,28416,26624
patch_18833.png,28672,26624
patch_18834.png,28928,26624
patch_18835.png,29184,26624
patch_18836.png,29440,26624
patch_18837.png,29696,26624
patch_18838.png,29952,26624
patch_18839.png,30208,26624
patch_18840.png,30464,26624
patch_18841.png,30720,26624
patch_18842.png,30976,26624
patch_18843.png,31232,26624
patch_18844.png,31488,26624
patch_18845.png,31744,26624
patch_18846.png,32000,26624
patch_18847.png,32256,26624
patch_18848.png,32512,26624
patch_18849.png,32768,26624
patch_18850.png,33024,26624
patch_18851.png,33280,26624
patch_18852.png,33536,26624
patch_18853.png,33792,26624
patch_18854.png,34048,26624
patch_18855.png,34304,26624
patch_18856.png,34560,26624
patch_18857.png,34816,26624
patch_18858.png,35072,26624
patch_18859.png,35328,26624
patch_18860.png,35584,26624
patch_18861.png,35840,26624
patch_18862.png,36096,26624
patch_18863.png,36352,26624
patch_18864.png,36608,26624
patch_18865.png,36864,26624
patch_18866.png,37120,26624
patch_18867.png,37376,26624
patch_18868.png,37632,26624
patch_18869.png,37888,26624
patch_18870.png,38144,26624
patch_18871.png,38400,26624
patch_18872.png,38656,26624
patch_18873.png,38912,26624
patch_18874.png,39168,26624
patch_18875.png,39424,26624
patch_18876.png,39680,26624
patch_18877.png,39936,26624
patch_18878.png,40192,26624
patch_18879.png,40448,26624
patch_18880.png,40704,26624
patch_18881.png,40960,26624
patch_18882.png,41216,26624
patch_18883.png,41472,26624
patch_18884.png,41728,26624
patch_18885.png,41984,26624
patch_18886.png,42240,26624
patch_18887.png,42496,26624
patch_18888.png,42752,26624
patch_18889.png,43008,26624
patch_18890.png,43264,26624
patch_18891.png,43520,26624
patch_18892.png,43776,26624
patch_18893.png,44032,26624
patch_18894.png,44288,26624
patch_18895.png,44544,26624
patch_18896.png,44800,26624
patch_18897.png,45056,26624
patch_18898.png,45312,26624
patch_18899.png,45568,26624
patch_18900.png,45824,26624
patch_18901.png,0,26880
patch_18902.png,256,26880
patch_18903.png,512,26880
patch_18904.png,768,26880
patch_18905.png,1024,26880
patch_18906.png,1280,26880
patch_18907.png,1536,26880
patch_18908.png,1792,26880
patch_18909.png,2048,26880
patch_18910.png,2304,26880
patch_18911.png,2560,26880
patch_18912.png,2816,26880
patch_18913.png,3072,26880
patch_18914.png,3328,26880
patch_18915.png,3584,26880
patch_18916.png,3840,26880
patch_18917.png,4096,26880
patch_18918.png,4352,26880
patch_18919.png,4608,26880
patch_18920.png,4864,26880
patch_18921.png,5120,26880
patch_18922.png,5376,26880
patch_18923.png,5632,26880
patch_18924.png,5888,26880
patch_18925.png,6144,26880
patch_18926.png,6400,26880
patch_18927.png,6656,26880
patch_18928.png,6912,26880
patch_18929.png,7168,26880
patch_18930.png,7424,26880
patch_18931.png,7680,26880
patch_18932.png,7936,26880
patch_18933.png,8192,26880
patch_18934.png,8448,26880
patch_18935.png,8704,26880
patch_18936.png,8960,26880
patch_18937.png,9216,26880
patch_18938.png,9472,26880
patch_18939.png,9728,26880
patch_18940.png,9984,26880
patch_18941.png,10240,26880
patch_18942.png,10496,26880
patch_18943.png,10752,26880
patch_18944.png,11008,26880
patch_18945.png,11264,26880
patch_18946.png,11520,26880
patch_18947.png,11776,26880
patch_18948.png,12032,26880
patch_18949.png,12288,26880
patch_18950.png,12544,26880
patch_18951.png,12800,26880
patch_18952.png,13056,26880
patch_18953.png,13312,26880
patch_18954.png,13568,26880
patch_18955.png,13824,26880
patch_18956.png,14080,26880
patch_18957.png,14336,26880
patch_18958.png,14592,26880
patch_18959.png,14848,26880
patch_18960.png,15104,26880
patch_18961.png,15360,26880
patch_18962.png,15616,26880
patch_18963.png,15872,26880
patch_18964.png,16128,26880
patch_18965.png,16384,26880
patch_18966.png,16640,26880
patch_18967.png,16896,26880
patch_18968.png,17152,26880
patch_18969.png,17408,26880
patch_18970.png,17664,26880
patch_18971.png,17920,26880
patch_18972.png,18176,26880
patch_18973.png,18432,26880
patch_18974.png,18688,26880
patch_18975.png,18944,26880
patch_18976.png,19200,26880
patch_18977.png,19456,26880
patch_18978.png,19712,26880
patch_18979.png,19968,26880
patch_18980.png,20224,26880
patch_18981.png,20480,26880
patch_18982.png,20736,26880
patch_18983.png,20992,26880
patch_18984.png,21248,26880
patch_18985.png,21504,26880
patch_18986.png,21760,26880
patch_18987.png,22016,26880
patch_18988.png,22272,26880
patch_18989.png,22528,26880
patch_18990.png,22784,26880
patch_18991.png,23040,26880
patch_18992.png,23296,26880
patch_18993.png,23552,26880
patch_18994.png,23808,26880
patch_18995.png,24064,26880
patch_18996.png,24320,26880
patch_18997.png,24576,26880
patch_18998.png,24832,26880
patch_18999.png,25088,26880
patch_19000.png,25344,26880
patch_19001.png,25600,26880
patch_19002.png,25856,26880
patch_19003.png,26112,26880
patch_19004.png,26368,26880
patch_19005.png,26624,26880
patch_19006.png,26880,26880
patch_19007.png,27136,26880
patch_19008.png,27392,26880
patch_19009.png,27648,26880
patch_19010.png,27904,26880
patch_19011.png,28160,26880
patch_19012.png,28416,26880
patch_19013.png,28672,26880
patch_19014.png,28928,26880
patch_19015.png,29184,26880
patch_19016.png,29440,26880
patch_19017.png,29696,26880
patch_19018.png,29952,26880
patch_19019.png,30208,26880
patch_19020.png,30464,26880
patch_19021.png,30720,26880
patch_19022.png,30976,26880
patch_19023.png,31232,26880
patch_19024.png,31488,26880
patch_19025.png,31744,26880
patch_19026.png,32000,26880
patch_19027.png,32256,26880
patch_19028.png,32512,26880
patch_19029.png,32768,26880
patch_19030.png,33024,26880
patch_19031.png,33280,26880
patch_19032.png,33536,26880
patch_19033.png,33792,26880
patch_19034.png,34048,26880
patch_19035.png,34304,26880
patch_19036.png,34560,26880
patch_19037.png,34816,26880
patch_19038.png,35072,26880
patch_19039.png,35328,26880
patch_19040.png,35584,26880
patch_19041.png,35840,26880
patch_19042.png,36096,26880
patch_19043.png,36352,26880
patch_19044.png,36608,26880
patch_19045.png,36864,26880
patch_19046.png,37120,26880
patch_19047.png,37376,26880
patch_19048.png,37632,26880
patch_19049.png,37888,26880
patch_19050.png,38144,26880
patch_19051.png,38400,26880
patch_19052.png,38656,26880
patch_19053.png,38912,26880
patch_19054.png,39168,26880
patch_19055.png,39424,26880
patch_19056.png,39680,26880
patch_19057.png,39936,26880
patch_19058.png,40192,26880
patch_19059.png,40448,26880
patch_19060.png,40704,26880
patch_19061.png,40960,26880
patch_19062.png,41216,26880
patch_19063.png,41472,26880
patch_19064.png,41728,26880
patch_19065.png,41984,26880
patch_19066.png,42240,26880
patch_19067.png,42496,26880
patch_19068.png,42752,26880
patch_19069.png,43008,26880
patch_19070.png,43264,26880
patch_19071.png,43520,26880
patch_19072.png,43776,26880
patch_19073.png,44032,26880
patch_19074.png,44288,26880
patch_19075.png,44544,26880
patch_19076.png,44800,26880
patch_19077.png,45056,26880
patch_19078.png,45312,26880
patch_19079.png,45568,26880
patch_19080.png,45824,26880
patch_19081.png,0,27136
patch_19082.png,256,27136
patch_19083.png,512,27136
patch_19084.png,768,27136
patch_19085.png,1024,27136
patch_19086.png,1280,27136
patch_19087.png,1536,27136
patch_19088.png,1792,27136
patch_19089.png,2048,27136
patch_19090.png,2304,27136
patch_19091.png,2560,27136
patch_19092.png,2816,27136
patch_19093.png,3072,27136
patch_19094.png,3328,27136
patch_19095.png,3584,27136
patch_19096.png,3840,27136
patch_19097.png,4096,27136
patch_19098.png,4352,27136
patch_19099.png,4608,27136
patch_19100.png,4864,27136
patch_19101.png,5120,27136
patch_19102.png,5376,27136
patch_19103.png,5632,27136
patch_19104.png,5888,27136
patch_19105.png,6144,27136
patch_19106.png,6400,27136
patch_19107.png,6656,27136
patch_19108.png,6912,27136
patch_19109.png,7168,27136
patch_19110.png,7424,27136
patch_19111.png,7680,27136
patch_19112.png,7936,27136
patch_19113.png,8192,27136
patch_19114.png,8448,27136
patch_19115.png,8704,27136
patch_19116.png,8960,27136
patch_19117.png,9216,27136
patch_19118.png,9472,27136
patch_19119.png,9728,27136
patch_19120.png,9984,27136
patch_19121.png,10240,27136
patch_19122.png,10496,27136
patch_19123.png,10752,27136
patch_19124.png,11008,27136
patch_19125.png,11264,27136
patch_19126.png,11520,27136
patch_19127.png,11776,27136
patch_19128.png,12032,27136
patch_19129.png,12288,27136
patch_19130.png,12544,27136
patch_19131.png,12800,27136
patch_19132.png,13056,27136
patch_19133.png,13312,27136
patch_19134.png,13568,27136
patch_19135.png,13824,27136
patch_19136.png,14080,27136
patch_19137.png,14336,27136
patch_19138.png,14592,27136
patch_19139.png,14848,27136
patch_19140.png,15104,27136
patch_19141.png,15360,27136
patch_19142.png,15616,27136
patch_19143.png,15872,27136
patch_19144.png,16128,27136
patch_19145.png,16384,27136
patch_19146.png,16640,27136
patch_19147.png,16896,27136
patch_19148.png,17152,27136
patch_19149.png,17408,27136
patch_19150.png,17664,27136
patch_19151.png,17920,27136
patch_19152.png,18176,27136
patch_19153.png,18432,27136
patch_19154.png,18688,27136
patch_19155.png,18944,27136
patch_19156.png,19200,27136
patch_19157.png,19456,27136
patch_19158.png,19712,27136
patch_19159.png,19968,27136
patch_19160.png,20224,27136
patch_19161.png,20480,27136
patch_19162.png,20736,27136
patch_19163.png,20992,27136
patch_19164.png,21248,27136
patch_19165.png,21504,27136
patch_19166.png,21760,27136
patch_19167.png,22016,27136
patch_19168.png,22272,27136
patch_19169.png,22528,27136
patch_19170.png,22784,27136
patch_19171.png,23040,27136
patch_19172.png,23296,27136
patch_19173.png,23552,27136
patch_19174.png,23808,27136
patch_19175.png,24064,27136
patch_19176.png,24320,27136
patch_19177.png,24576,27136
patch_19178.png,24832,27136
patch_19179.png,25088,27136
patch_19180.png,25344,27136
patch_19181.png,25600,27136
patch_19182.png,25856,27136
patch_19183.png,26112,27136
patch_19184.png,26368,27136
patch_19185.png,26624,27136
patch_19186.png,26880,27136
patch_19187.png,27136,27136
patch_19188.png,27392,27136
patch_19189.png,27648,27136
patch_19190.png,27904,27136
patch_19191.png,28160,27136
patch_19192.png,28416,27136
patch_19193.png,28672,27136
patch_19194.png,28928,27136
patch_19195.png,29184,27136
patch_19196.png,29440,27136
patch_19197.png,29696,27136
patch_19198.png,29952,27136
patch_19199.png,30208,27136
patch_19200.png,30464,27136
patch_19201.png,30720,27136
patch_19202.png,30976,27136
patch_19203.png,31232,27136
patch_19204.png,31488,27136
patch_19205.png,31744,27136
patch_19206.png,32000,27136
patch_19207.png,32256,27136
patch_19208.png,32512,27136
patch_19209.png,32768,27136
patch_19210.png,33024,27136
patch_19211.png,33280,27136
patch_19212.png,33536,27136
patch_19213.png,33792,27136
patch_19214.png,34048,27136
patch_19215.png,34304,27136
patch_19216.png,34560,27136
patch_19217.png,34816,27136
patch_19218.png,35072,27136
patch_19219.png,35328,27136
patch_19220.png,35584,27136
patch_19221.png,35840,27136
patch_19222.png,36096,27136
patch_19223.png,36352,27136
patch_19224.png,36608,27136
patch_19225.png,36864,27136
patch_19226.png,37120,27136
patch_19227.png,37376,27136
patch_19228.png,37632,27136
patch_19229.png,37888,27136
patch_19230.png,38144,27136
patch_19231.png,38400,27136
patch_19232.png,38656,27136
patch_19233.png,38912,27136
patch_19234.png,39168,27136
patch_19235.png,39424,27136
patch_19236.png,39680,27136
patch_19237.png,39936,27136
patch_19238.png,40192,27136
patch_19239.png,40448,27136
patch_19240.png,40704,27136
patch_19241.png,40960,27136
patch_19242.png,41216,27136
patch_19243.png,41472,27136
patch_19244.png,41728,27136
patch_19245.png,41984,27136
patch_19246.png,42240,27136
patch_19247.png,42496,27136
patch_19248.png,42752,27136
patch_19249.png,43008,27136
patch_19250.png,43264,27136
patch_19251.png,43520,27136
patch_19252.png,43776,27136
patch_19253.png,44032,27136
patch_19254.png,44288,27136
patch_19255.png,44544,27136
patch_19256.png,44800,27136
patch_19257.png,45056,27136
patch_19258.png,45312,27136
patch_19259.png,45568,27136
patch_19260.png,45824,27136
patch_19261.png,0,27392
patch_19262.png,256,27392
patch_19263.png,512,27392
patch_19264.png,768,27392
patch_19265.png,1024,27392
patch_19266.png,1280,27392
patch_19267.png,1536,27392
patch_19268.png,1792,27392
patch_19269.png,2048,27392
patch_19270.png,2304,27392
patch_19271.png,2560,27392
patch_19272.png,2816,27392
patch_19273.png,3072,27392
patch_19274.png,3328,27392
patch_19275.png,3584,27392
patch_19276.png,3840,27392
patch_19277.png,4096,27392
patch_19278.png,4352,27392
patch_19279.png,4608,27392
patch_19280.png,4864,27392
patch_19281.png,5120,27392
patch_19282.png,5376,27392
patch_19283.png,5632,27392
patch_19284.png,5888,27392
patch_19285.png,6144,27392
patch_19286.png,6400,27392
patch_19287.png,6656,27392
patch_19288.png,6912,27392
patch_19289.png,7168,27392
patch_19290.png,7424,27392
patch_19291.png,7680,27392
patch_19292.png,7936,27392
patch_19293.png,8192,27392
patch_19294.png,8448,27392
patch_19295.png,8704,27392
patch_19296.png,8960,27392
patch_19297.png,9216,27392
patch_19298.png,9472,27392
patch_19299.png,9728,27392
patch_19300.png,9984,27392
patch_19301.png,10240,27392
patch_19302.png,10496,27392
patch_19303.png,10752,27392
patch_19304.png,11008,27392
patch_19305.png,11264,27392
patch_19306.png,11520,27392
patch_19307.png,11776,27392
patch_19308.png,12032,27392
patch_19309.png,12288,27392
patch_19310.png,12544,27392
patch_19311.png,12800,27392
patch_19312.png,13056,27392
patch_19313.png,13312,27392
patch_19314.png,13568,27392
patch_19315.png,13824,27392
patch_19316.png,14080,27392
patch_19317.png,14336,27392
patch_19318.png,14592,27392
patch_19319.png,14848,27392
patch_19320.png,15104,27392
patch_19321.png,15360,27392
patch_19322.png,15616,27392
patch_19323.png,15872,27392
patch_19324.png,16128,27392
patch_19325.png,16384,27392
patch_19326.png,16640,27392
patch_19327.png,16896,27392
patch_19328.png,17152,27392
patch_19329.png,17408,27392
patch_19330.png,17664,27392
patch_19331.png,17920,27392
patch_19332.png,18176,27392
patch_19333.png,18432,27392
patch_19334.png,18688,27392
patch_19335.png,18944,27392
patch_19336.png,19200,27392
patch_19337.png,19456,27392
patch_19338.png,19712,27392
patch_19339.png,19968,27392
patch_19340.png,20224,27392
patch_19341.png,20480,27392
patch_19342.png,20736,27392
patch_19343.png,20992,27392
patch_19344.png,21248,27392
patch_19345.png,21504,27392
patch_19346.png,21760,27392
patch_19347.png,22016,27392
patch_19348.png,22272,27392
patch_19349.png,22528,27392
patch_19350.png,22784,27392
patch_19351.png,23040,27392
patch_19352.png,23296,27392
patch_19353.png,23552,27392
patch_19354.png,23808,27392
patch_19355.png,24064,27392
patch_19356.png,24320,27392
patch_19357.png,24576,27392
patch_19358.png,24832,27392
patch_19359.png,25088,27392
patch_19360.png,25344,27392
patch_19361.png,25600,27392
patch_19362.png,25856,27392
patch_19363.png,26112,27392
patch_19364.png,26368,27392
patch_19365.png,26624,27392
patch_19366.png,26880,27392
patch_19367.png,27136,27392
patch_19368.png,27392,27392
patch_19369.png,27648,27392
patch_19370.png,27904,27392
patch_19371.png,28160,27392
patch_19372.png,28416,27392
patch_19373.png,28672,27392
patch_19374.png,28928,27392
patch_19375.png,29184,27392
patch_19376.png,29440,27392
patch_19377.png,29696,27392
patch_19378.png,29952,27392
patch_19379.png,30208,27392
patch_19380.png,30464,27392
patch_19381.png,30720,27392
patch_19382.png,30976,27392
patch_19383.png,31232,27392
patch_19384.png,31488,27392
patch_19385.png,31744,27392
patch_19386.png,32000,27392
patch_19387.png,32256,27392
patch_19388.png,32512,27392
patch_19389.png,32768,27392
patch_19390.png,33024,27392
patch_19391.png,33280,27392
patch_19392.png,33536,27392
patch_19393.png,33792,27392
patch_19394.png,34048,27392
patch_19395.png,34304,27392
patch_19396.png,34560,27392
patch_19397.png,34816,27392
patch_19398.png,35072,27392
patch_19399.png,35328,27392
patch_19400.png,35584,27392
patch_19401.png,35840,27392
patch_19402.png,36096,27392
patch_19403.png,36352,27392
patch_19404.png,36608,27392
patch_19405.png,36864,27392
patch_19406.png,37120,27392
patch_19407.png,37376,27392
patch_19408.png,37632,27392
patch_19409.png,37888,27392
patch_19410.png,38144,27392
patch_19411.png,38400,27392
patch_19412.png,38656,27392
patch_19413.png,38912,27392
patch_19414.png,39168,27392
patch_19415.png,39424,27392
patch_19416.png,39680,27392
patch_19417.png,39936,27392
patch_19418.png,40192,27392
patch_19419.png,40448,27392
patch_19420.png,40704,27392
patch_19421.png,40960,27392
patch_19422.png,41216,27392
patch_19423.png,41472,27392
patch_19424.png,41728,27392
patch_19425.png,41984,27392
patch_19426.png,42240,27392
patch_19427.png,42496,27392
patch_19428.png,42752,27392
patch_19429.png,43008,27392
patch_19430.png,43264,27392
patch_19431.png,43520,27392
patch_19432.png,43776,27392
patch_19433.png,44032,27392
patch_19434.png,44288,27392
patch_19435.png,44544,27392
patch_19436.png,44800,27392
patch_19437.png,45056,27392
patch_19438.png,45312,27392
patch_19439.png,45568,27392
patch_19440.png,45824,27392
patch_19441.png,0,27648
patch_19442.png,256,27648
patch_19443.png,512,27648
patch_19444.png,768,27648
patch_19445.png,1024,27648
patch_19446.png,1280,27648
patch_19447.png,1536,27648
patch_19448.png,1792,27648
patch_19449.png,2048,27648
patch_19450.png,2304,27648
patch_19451.png,2560,27648
patch_19452.png,2816,27648
patch_19453.png,3072,27648
patch_19454.png,3328,27648
patch_19455.png,3584,27648
patch_19456.png,3840,27648
patch_19457.png,4096,27648
patch_19458.png,4352,27648
patch_19459.png,4608,27648
patch_19460.png,4864,27648
patch_19461.png,5120,27648
patch_19462.png,5376,27648
patch_19463.png,5632,27648
patch_19464.png,5888,27648
patch_19465.png,6144,27648
patch_19466.png,6400,27648
patch_19467.png,6656,27648
patch_19468.png,6912,27648
patch_19469.png,7168,27648
patch_19470.png,7424,27648
patch_19471.png,7680,27648
patch_19472.png,7936,27648
patch_19473.png,8192,27648
patch_19474.png,8448,27648
patch_19475.png,8704,27648
patch_19476.png,8960,27648
patch_19477.png,9216,27648
patch_19478.png,9472,27648
patch_19479.png,9728,27648
patch_19480.png,9984,27648
patch_19481.png,10240,27648
patch_19482.png,10496,27648
patch_19483.png,10752,27648
patch_19484.png,11008,27648
patch_19485.png,11264,27648
patch_19486.png,11520,27648
patch_19487.png,11776,27648
patch_19488.png,12032,27648
patch_19489.png,12288,27648
patch_19490.png,12544,27648
patch_19491.png,12800,27648
patch_19492.png,13056,27648
patch_19493.png,13312,27648
patch_19494.png,13568,27648
patch_19495.png,13824,27648
patch_19496.png,14080,27648
patch_19497.png,14336,27648
patch_19498.png,14592,27648
patch_19499.png,14848,27648
patch_19500.png,15104,27648
patch_19501.png,15360,27648
patch_19502.png,15616,27648
patch_19503.png,15872,27648
patch_19504.png,16128,27648
patch_19505.png,16384,27648
patch_19506.png,16640,27648
patch_19507.png,16896,27648
patch_19508.png,17152,27648
patch_19509.png,17408,27648
patch_19510.png,17664,27648
patch_19511.png,17920,27648
patch_19512.png,18176,27648
patch_19513.png,18432,27648
patch_19514.png,18688,27648
patch_19515.png,18944,27648
patch_19516.png,19200,27648
patch_19517.png,19456,27648
patch_19518.png,19712,27648
patch_19519.png,19968,27648
patch_19520.png,20224,27648
patch_19521.png,20480,27648
patch_19522.png,20736,27648
patch_19523.png,20992,27648
patch_19524.png,21248,27648
patch_19525.png,21504,27648
patch_19526.png,21760,27648
patch_19527.png,22016,27648
patch_19528.png,22272,27648
patch_19529.png,22528,27648
patch_19530.png,22784,27648
patch_19531.png,23040,27648
patch_19532.png,23296,27648
patch_19533.png,23552,27648
patch_19534.png,23808,27648
patch_19535.png,24064,27648
patch_19536.png,24320,27648
patch_19537.png,24576,27648
patch_19538.png,24832,27648
patch_19539.png,25088,27648
patch_19540.png,25344,27648
patch_19541.png,25600,27648
patch_19542.png,25856,27648
patch_19543.png,26112,27648
patch_19544.png,26368,27648
patch_19545.png,26624,27648
patch_19546.png,26880,27648
patch_19547.png,27136,27648
patch_19548.png,27392,27648
patch_19549.png,27648,27648
patch_19550.png,27904,27648
patch_19551.png,28160,27648
patch_19552.png,28416,27648
patch_19553.png,28672,27648
patch_19554.png,28928,27648
patch_19555.png,29184,27648
patch_19556.png,29440,27648
patch_19557.png,29696,27648
patch_19558.png,29952,27648
patch_19559.png,30208,27648
patch_19560.png,30464,27648
patch_19561.png,30720,27648
patch_19562.png,30976,27648
patch_19563.png,31232,27648
patch_19564.png,31488,27648
patch_19565.png,31744,27648
patch_19566.png,32000,27648
patch_19567.png,32256,27648
patch_19568.png,32512,27648
patch_19569.png,32768,27648
patch_19570.png,33024,27648
patch_19571.png,33280,27648
patch_19572.png,33536,27648
patch_19573.png,33792,27648
patch_19574.png,34048,27648
patch_19575.png,34304,27648
patch_19576.png,34560,27648
patch_19577.png,34816,27648
patch_19578.png,35072,27648
patch_19579.png,35328,27648
patch_19580.png,35584,27648
patch_19581.png,35840,27648
patch_19582.png,36096,27648
patch_19583.png,36352,27648
patch_19584.png,36608,27648
patch_19585.png,36864,27648
patch_19586.png,37120,27648
patch_19587.png,37376,27648
patch_19588.png,37632,27648
patch_19589.png,37888,27648
patch_19590.png,38144,27648
patch_19591.png,38400,27648
patch_19592.png,38656,27648
patch_19593.png,38912,27648
patch_19594.png,39168,27648
patch_19595.png,39424,27648
patch_19596.png,39680,27648
patch_19597.png,39936,27648
patch_19598.png,40192,27648
patch_19599.png,40448,27648
patch_19600.png,40704,27648
patch_19601.png,40960,27648
patch_19602.png,41216,27648
patch_19603.png,41472,27648
patch_19604.png,41728,27648
patch_19605.png,41984,27648
patch_19606.png,42240,27648
patch_19607.png,42496,27648
patch_19608.png,42752,27648
patch_19609.png,43008,27648
patch_19610.png,43264,27648
patch_19611.png,43520,27648
patch_19612.png,43776,27648
patch_19613.png,44032,27648
patch_19614.png,44288,27648
patch_19615.png,44544,27648
patch_19616.png,44800,27648
patch_19617.png,45056,27648
patch_19618.png,45312,27648
patch_19619.png,45568,27648
patch_19620.png,45824,27648
patch_19621.png,0,27904
patch_19622.png,256,27904
patch_19623.png,512,27904
patch_19624.png,768,27904
patch_19625.png,1024,27904
patch_19626.png,1280,27904
patch_19627.png,1536,27904
patch_19628.png,1792,27904
patch_19629.png,2048,27904
patch_19630.png,2304,27904
patch_19631.png,2560,27904
patch_19632.png,2816,27904
patch_19633.png,3072,27904
patch_19634.png,3328,27904
patch_19635.png,3584,27904
patch_19636.png,3840,27904
patch_19637.png,4096,27904
patch_19638.png,4352,27904
patch_19639.png,4608,27904
patch_19640.png,4864,27904
patch_19641.png,5120,27904
patch_19642.png,5376,27904
patch_19643.png,5632,27904
patch_19644.png,5888,27904
patch_19645.png,6144,27904
patch_19646.png,6400,27904
patch_19647.png,6656,27904
patch_19648.png,6912,27904
patch_19649.png,7168,27904
patch_19650.png,7424,27904
patch_19651.png,7680,27904
patch_19652.png,7936,27904
patch_19653.png,8192,27904
patch_19654.png,8448,27904
patch_19655.png,8704,27904
patch_19656.png,8960,27904
patch_19657.png,9216,27904
patch_19658.png,9472,27904
patch_19659.png,9728,27904
patch_19660.png,9984,27904
patch_19661.png,10240,27904
patch_19662.png,10496,27904
patch_19663.png,10752,27904
patch_19664.png,11008,27904
patch_19665.png,11264,27904
patch_19666.png,11520,27904
patch_19667.png,11776,27904
patch_19668.png,12032,27904
patch_19669.png,12288,27904
patch_19670.png,12544,27904
patch_19671.png,12800,27904
patch_19672.png,13056,27904
patch_19673.png,13312,27904
patch_19674.png,13568,27904
patch_19675.png,13824,27904
patch_19676.png,14080,27904
patch_19677.png,14336,27904
patch_19678.png,14592,27904
patch_19679.png,14848,27904
patch_19680.png,15104,27904
patch_19681.png,15360,27904
patch_19682.png,15616,27904
patch_19683.png,15872,27904
patch_19684.png,16128,27904
patch_19685.png,16384,27904
patch_19686.png,16640,27904
patch_19687.png,16896,27904
patch_19688.png,17152,27904
patch_19689.png,17408,27904
patch_19690.png,17664,27904
patch_19691.png,17920,27904
patch_19692.png,18176,27904
patch_19693.png,18432,27904
patch_19694.png,18688,27904
patch_19695.png,18944,27904
patch_19696.png,19200,27904
patch_19697.png,19456,27904
patch_19698.png,19712,27904
patch_19699.png,19968,27904
patch_19700.png,20224,27904
patch_19701.png,20480,27904
patch_19702.png,20736,27904
patch_19703.png,20992,27904
patch_19704.png,21248,27904
patch_19705.png,21504,27904
patch_19706.png,21760,27904
patch_19707.png,22016,27904
patch_19708.png,22272,27904
patch_19709.png,22528,27904
patch_19710.png,22784,27904
patch_19711.png,23040,27904
patch_19712.png,23296,27904
patch_19713.png,23552,27904
patch_19714.png,23808,27904
patch_19715.png,24064,27904
patch_19716.png,24320,27904
patch_19717.png,24576,27904
patch_19718.png,24832,27904
patch_19719.png,25088,27904
patch_19720.png,25344,27904
patch_19721.png,25600,27904
patch_19722.png,25856,27904
patch_19723.png,26112,27904
patch_19724.png,26368,27904
patch_19725.png,26624,27904
patch_19726.png,26880,27904
patch_19727.png,27136,27904
patch_19728.png,27392,27904
patch_19729.png,27648,27904
patch_19730.png,27904,27904
patch_19731.png,28160,27904
patch_19732.png,28416,27904
patch_19733.png,28672,27904
patch_19734.png,28928,27904
patch_19735.png,29184,27904
patch_19736.png,29440,27904
patch_19737.png,29696,27904
patch_19738.png,29952,27904
patch_19739.png,30208,27904
patch_19740.png,30464,27904
patch_19741.png,30720,27904
patch_19742.png,30976,27904
patch_19743.png,31232,27904
patch_19744.png,31488,27904
patch_19745.png,31744,27904
patch_19746.png,32000,27904
patch_19747.png,32256,27904
patch_19748.png,32512,27904
patch_19749.png,32768,27904
patch_19750.png,33024,27904
patch_19751.png,33280,27904
patch_19752.png,33536,27904
patch_19753.png,33792,27904
patch_19754.png,34048,27904
patch_19755.png,34304,27904
patch_19756.png,34560,27904
patch_19757.png,34816,27904
patch_19758.png,35072,27904
patch_19759.png,35328,27904
patch_19760.png,35584,27904
patch_19761.png,35840,27904
patch_19762.png,36096,27904
patch_19763.png,36352,27904
patch_19764.png,36608,27904
patch_19765.png,36864,27904
patch_19766.png,37120,27904
patch_19767.png,37376,27904
patch_19768.png,37632,27904
patch_19769.png,37888,27904
patch_19770.png,38144,27904
patch_19771.png,38400,27904
patch_19772.png,38656,27904
patch_19773.png,38912,27904
patch_19774.png,39168,27904
patch_19775.png,39424,27904
patch_19776.png,39680,27904
patch_19777.png,39936,27904
patch_19778.png,40192,27904
patch_19779.png,40448,27904
patch_19780.png,40704,27904
patch_19781.png,40960,27904
patch_19782.png,41216,27904
patch_19783.png,41472,27904
patch_19784.png,41728,27904
patch_19785.png,41984,27904
patch_19786.png,42240,27904
patch_19787.png,42496,27904
patch_19788.png,42752,27904
patch_19789.png,43008,27904
patch_19790.png,43264,27904
patch_19791.png,43520,27904
patch_19792.png,43776,27904
patch_19793.png,44032,27904
patch_19794.png,44288,27904
patch_19795.png,44544,27904
patch_19796.png,44800,27904
patch_19797.png,45056,27904
patch_19798.png,45312,27904
patch_19799.png,45568,27904
patch_19800.png,45824,27904
patch_19801.png,0,28160
patch_19802.png,256,28160
patch_19803.png,512,28160
patch_19804.png,768,28160
patch_19805.png,1024,28160
patch_19806.png,1280,28160
patch_19807.png,1536,28160
patch_19808.png,1792,28160
patch_19809.png,2048,28160
patch_19810.png,2304,28160
patch_19811.png,2560,28160
patch_19812.png,2816,28160
patch_19813.png,3072,28160
patch_19814.png,3328,28160
patch_19815.png,3584,28160
patch_19816.png,3840,28160
patch_19817.png,4096,28160
patch_19818.png,4352,28160
patch_19819.png,4608,28160
patch_19820.png,4864,28160
patch_19821.png,5120,28160
patch_19822.png,5376,28160
patch_19823.png,5632,28160
patch_19824.png,5888,28160
patch_19825.png,6144,28160
patch_19826.png,6400,28160
patch_19827.png,6656,28160
patch_19828.png,6912,28160
patch_19829.png,7168,28160
patch_19830.png,7424,28160
patch_19831.png,7680,28160
patch_19832.png,7936,28160
patch_19833.png,8192,28160
patch_19834.png,8448,28160
patch_19835.png,8704,28160
patch_19836.png,8960,28160
patch_19837.png,9216,28160
patch_19838.png,9472,28160
patch_19839.png,9728,28160
patch_19840.png,9984,28160
patch_19841.png,10240,28160
patch_19842.png,10496,28160
patch_19843.png,10752,28160
patch_19844.png,11008,28160
patch_19845.png,11264,28160
patch_19846.png,11520,28160
patch_19847.png,11776,28160
patch_19848.png,12032,28160
patch_19849.png,12288,28160
patch_19850.png,12544,28160
patch_19851.png,12800,28160
patch_19852.png,13056,28160
patch_19853.png,13312,28160
patch_19854.png,13568,28160
patch_19855.png,13824,28160
patch_19856.png,14080,28160
patch_19857.png,14336,28160
patch_19858.png,14592,28160
patch_19859.png,14848,28160
patch_19860.png,15104,28160
patch_19861.png,15360,28160
patch_19862.png,15616,28160
patch_19863.png,15872,28160
patch_19864.png,16128,28160
patch_19865.png,16384,28160
patch_19866.png,16640,28160
patch_19867.png,16896,28160
patch_19868.png,17152,28160
patch_19869.png,17408,28160
patch_19870.png,17664,28160
patch_19871.png,17920,28160
patch_19872.png,18176,28160
patch_19873.png,18432,28160
patch_19874.png,18688,28160
patch_19875.png,18944,28160
patch_19876.png,19200,28160
patch_19877.png,19456,28160
patch_19878.png,19712,28160
patch_19879.png,19968,28160
patch_19880.png,20224,28160
patch_19881.png,20480,28160
patch_19882.png,20736,28160
patch_19883.png,20992,28160
patch_19884.png,21248,28160
patch_19885.png,21504,28160
patch_19886.png,21760,28160
patch_19887.png,22016,28160
patch_19888.png,22272,28160
patch_19889.png,22528,28160
patch_19890.png,22784,28160
patch_19891.png,23040,28160
patch_19892.png,23296,28160
patch_19893.png,23552,28160
patch_19894.png,23808,28160
patch_19895.png,24064,28160
patch_19896.png,24320,28160
patch_19897.png,24576,28160
patch_19898.png,24832,28160
patch_19899.png,25088,28160
patch_19900.png,25344,28160
patch_19901.png,25600,28160
patch_19902.png,25856,28160
patch_19903.png,26112,28160
patch_19904.png,26368,28160
patch_19905.png,26624,28160
patch_19906.png,26880,28160
patch_19907.png,27136,28160
patch_19908.png,27392,28160
patch_19909.png,27648,28160
patch_19910.png,27904,28160
patch_19911.png,28160,28160
patch_19912.png,28416,28160
patch_19913.png,28672,28160
patch_19914.png,28928,28160
patch_19915.png,29184,28160
patch_19916.png,29440,28160
patch_19917.png,29696,28160
patch_19918.png,29952,28160
patch_19919.png,30208,28160
patch_19920.png,30464,28160
patch_19921.png,30720,28160
patch_19922.png,30976,28160
patch_19923.png,31232,28160
patch_19924.png,31488,28160
patch_19925.png,31744,28160
patch_19926.png,32000,28160
patch_19927.png,32256,28160
patch_19928.png,32512,28160
patch_19929.png,32768,28160
patch_19930.png,33024,28160
patch_19931.png,33280,28160
patch_19932.png,33536,28160
patch_19933.png,33792,28160
patch_19934.png,34048,28160
patch_19935.png,34304,28160
patch_19936.png,34560,28160
patch_19937.png,34816,28160
patch_19938.png,35072,28160
patch_19939.png,35328,28160
patch_19940.png,35584,28160
patch_19941.png,35840,28160
patch_19942.png,36096,28160
patch_19943.png,36352,28160
patch_19944.png,36608,28160
patch_19945.png,36864,28160
patch_19946.png,37120,28160
patch_19947.png,37376,28160
patch_19948.png,37632,28160
patch_19949.png,37888,28160
patch_19950.png,38144,28160
patch_19951.png,38400,28160
patch_19952.png,38656,28160
patch_19953.png,38912,28160
patch_19954.png,39168,28160
patch_19955.png,39424,28160
patch_19956.png,39680,28160
patch_19957.png,39936,28160
patch_19958.png,40192,28160
patch_19959.png,40448,28160
patch_19960.png,40704,28160
patch_19961.png,40960,28160
patch_19962.png,41216,28160
patch_19963.png,41472,28160
patch_19964.png,41728,28160
patch_19965.png,41984,28160
patch_19966.png,42240,28160
patch_19967.png,42496,28160
patch_19968.png,42752,28160
patch_19969.png,43008,28160
patch_19970.png,43264,28160
patch_19971.png,43520,28160
patch_19972.png,43776,28160
patch_19973.png,44032,28160
patch_19974.png,44288,28160
patch_19975.png,44544,28160
patch_19976.png,44800,28160
patch_19977.png,45056,28160
patch_19978.png,45312,28160
patch_19979.png,45568,28160
patch_19980.png,45824,28160
patch_19981.png,0,28416
patch_19982.png,256,28416
patch_19983.png,512,28416
patch_19984.png,768,28416
patch_19985.png,1024,28416
patch_19986.png,1280,28416
patch_19987.png,1536,28416
patch_19988.png,1792,28416
patch_19989.png,2048,28416
patch_19990.png,2304,28416
patch_19991.png,2560,28416
patch_19992.png,2816,28416
patch_19993.png,3072,28416
patch_19994.png,3328,28416
patch_19995.png,3584,28416
patch_19996.png,3840,28416
patch_19997.png,4096,28416
patch_19998.png,4352,28416
patch_19999.png,4608,28416
patch_20000.png,4864,28416
patch_20001.png,5120,28416
patch_20002.png,5376,28416
patch_20003.png,5632,28416
patch_20004.png,5888,28416
patch_20005.png,6144,28416
patch_20006.png,6400,28416
patch_20007.png,6656,28416
patch_20008.png,6912,28416
patch_20009.png,7168,28416
patch_20010.png,7424,28416
patch_20011.png,7680,28416
patch_20012.png,7936,28416
patch_20013.png,8192,28416
patch_20014.png,8448,28416
patch_20015.png,8704,28416
patch_20016.png,8960,28416
patch_20017.png,9216,28416
patch_20018.png,9472,28416
patch_20019.png,9728,28416
patch_20020.png,9984,28416
patch_20021.png,10240,28416
patch_20022.png,10496,28416
patch_20023.png,10752,28416
patch_20024.png,11008,28416
patch_20025.png,11264,28416
patch_20026.png,11520,28416
patch_20027.png,11776,28416
patch_20028.png,12032,28416
patch_20029.png,12288,28416
patch_20030.png,12544,28416
patch_20031.png,12800,28416
patch_20032.png,13056,28416
patch_20033.png,13312,28416
patch_20034.png,13568,28416
patch_20035.png,13824,28416
patch_20036.png,14080,28416
patch_20037.png,14336,28416
patch_20038.png,14592,28416
patch_20039.png,14848,28416
patch_20040.png,15104,28416
patch_20041.png,15360,28416
patch_20042.png,15616,28416
patch_20043.png,15872,28416
patch_20044.png,16128,28416
patch_20045.png,16384,28416
patch_20046.png,16640,28416
patch_20047.png,16896,28416
patch_20048.png,17152,28416
patch_20049.png,17408,28416
patch_20050.png,17664,28416
patch_20051.png,17920,28416
patch_20052.png,18176,28416
patch_20053.png,18432,28416
patch_20054.png,18688,28416
patch_20055.png,18944,28416
patch_20056.png,19200,28416
patch_20057.png,19456,28416
patch_20058.png,19712,28416
patch_20059.png,19968,28416
patch_20060.png,20224,28416
patch_20061.png,20480,28416
patch_20062.png,20736,28416
patch_20063.png,20992,28416
patch_20064.png,21248,28416
patch_20065.png,21504,28416
patch_20066.png,21760,28416
patch_20067.png,22016,28416
patch_20068.png,22272,28416
patch_20069.png,22528,28416
patch_20070.png,22784,28416
patch_20071.png,23040,28416
patch_20072.png,23296,28416
patch_20073.png,23552,28416
patch_20074.png,23808,28416
patch_20075.png,24064,28416
patch_20076.png,24320,28416
patch_20077.png,24576,28416
patch_20078.png,24832,28416
patch_20079.png,25088,28416
patch_20080.png,25344,28416
patch_20081.png,25600,28416
patch_20082.png,25856,28416
patch_20083.png,26112,28416
patch_20084.png,26368,28416
patch_20085.png,26624,28416
patch_20086.png,26880,28416
patch_20087.png,27136,28416
patch_20088.png,27392,28416
patch_20089.png,27648,28416
patch_20090.png,27904,28416
patch_20091.png,28160,28416
patch_20092.png,28416,28416
patch_20093.png,28672,28416
patch_20094.png,28928,28416
patch_20095.png,29184,28416
patch_20096.png,29440,28416
patch_20097.png,29696,28416
patch_20098.png,29952,28416
patch_20099.png,30208,28416
patch_20100.png,30464,28416
patch_20101.png,30720,28416
patch_20102.png,30976,28416
patch_20103.png,31232,28416
patch_20104.png,31488,28416
patch_20105.png,31744,28416
patch_20106.png,32000,28416
patch_20107.png,32256,28416
patch_20108.png,32512,28416
patch_20109.png,32768,28416
patch_20110.png,33024,28416
patch_20111.png,33280,28416
patch_20112.png,33536,28416
patch_20113.png,33792,28416
patch_20114.png,34048,28416
patch_20115.png,34304,28416
patch_20116.png,34560,28416
patch_20117.png,34816,28416
patch_20118.png,35072,28416
patch_20119.png,35328,28416
patch_20120.png,35584,28416
patch_20121.png,35840,28416
patch_20122.png,36096,28416
patch_20123.png,36352,28416
patch_20124.png,36608,28416
patch_20125.png,36864,28416
patch_20126.png,37120,28416
patch_20127.png,37376,28416
patch_20128.png,37632,28416
patch_20129.png,37888,28416
patch_20130.png,38144,28416
patch_20131.png,38400,28416
patch_20132.png,38656,28416
patch_20133.png,38912,28416
patch_20134.png,39168,28416
patch_20135.png,39424,28416
patch_20136.png,39680,28416
patch_20137.png,39936,28416
patch_20138.png,40192,28416
patch_20139.png,40448,28416
patch_20140.png,40704,28416
patch_20141.png,40960,28416
patch_20142.png,41216,28416
patch_20143.png,41472,28416
patch_20144.png,41728,28416
patch_20145.png,41984,28416
patch_20146.png,42240,28416
patch_20147.png,42496,28416
patch_20148.png,42752,28416
patch_20149.png,43008,28416
patch_20150.png,43264,28416
patch_20151.png,43520,28416
patch_20152.png,43776,28416
patch_20153.png,44032,28416
patch_20154.png,44288,28416
patch_20155.png,44544,28416
patch_20156.png,44800,28416
patch_20157.png,45056,28416
patch_20158.png,45312,28416
patch_20159.png,45568,28416
patch_20160.png,45824,28416
patch_20161.png,0,28672
patch_20162.png,256,28672
patch_20163.png,512,28672
patch_20164.png,768,28672
patch_20165.png,1024,28672
patch_20166.png,1280,28672
patch_20167.png,1536,28672
patch_20168.png,1792,28672
patch_20169.png,2048,28672
patch_20170.png,2304,28672
patch_20171.png,2560,28672
patch_20172.png,2816,28672
patch_20173.png,3072,28672
patch_20174.png,3328,28672
patch_20175.png,3584,28672
patch_20176.png,3840,28672
patch_20177.png,4096,28672
patch_20178.png,4352,28672
patch_20179.png,4608,28672
patch_20180.png,4864,28672
patch_20181.png,5120,28672
patch_20182.png,5376,28672
patch_20183.png,5632,28672
patch_20184.png,5888,28672
patch_20185.png,6144,28672
patch_20186.png,6400,28672
patch_20187.png,6656,28672
patch_20188.png,6912,28672
patch_20189.png,7168,28672
patch_20190.png,7424,28672
patch_20191.png,7680,28672
patch_20192.png,7936,28672
patch_20193.png,8192,28672
patch_20194.png,8448,28672
patch_20195.png,8704,28672
patch_20196.png,8960,28672
patch_20197.png,9216,28672
patch_20198.png,9472,28672
patch_20199.png,9728,28672
patch_20200.png,9984,28672
patch_20201.png,10240,28672
patch_20202.png,10496,28672
patch_20203.png,10752,28672
patch_20204.png,11008,28672
patch_20205.png,11264,28672
patch_20206.png,11520,28672
patch_20207.png,11776,28672
patch_20208.png,12032,28672
patch_20209.png,12288,28672
patch_20210.png,12544,28672
patch_20211.png,12800,28672
patch_20212.png,13056,28672
patch_20213.png,13312,28672
patch_20214.png,13568,28672
patch_20215.png,13824,28672
patch_20216.png,14080,28672
patch_20217.png,14336,28672
patch_20218.png,14592,28672
patch_20219.png,14848,28672
patch_20220.png,15104,28672
patch_20221.png,15360,28672
patch_20222.png,15616,28672
patch_20223.png,15872,28672
patch_20224.png,16128,28672
patch_20225.png,16384,28672
patch_20226.png,16640,28672
patch_20227.png,16896,28672
patch_20228.png,17152,28672
patch_20229.png,17408,28672
patch_20230.png,17664,28672
patch_20231.png,17920,28672
patch_20232.png,18176,28672
patch_20233.png,18432,28672
patch_20234.png,18688,28672
patch_20235.png,18944,28672
patch_20236.png,19200,28672
patch_20237.png,19456,28672
patch_20238.png,19712,28672
patch_20239.png,19968,28672
patch_20240.png,20224,28672
patch_20241.png,20480,28672
patch_20242.png,20736,28672
patch_20243.png,20992,28672
patch_20244.png,21248,28672
patch_20245.png,21504,28672
patch_20246.png,21760,28672
patch_20247.png,22016,28672
patch_20248.png,22272,28672
patch_20249.png,22528,28672
patch_20250.png,22784,28672
patch_20251.png,23040,28672
patch_20252.png,23296,28672
patch_20253.png,23552,28672
patch_20254.png,23808,28672
patch_20255.png,24064,28672
patch_20256.png,24320,28672
patch_20257.png,24576,28672
patch_20258.png,24832,28672
patch_20259.png,25088,28672
patch_20260.png,25344,28672
patch_20261.png,25600,28672
patch_20262.png,25856,28672
patch_20263.png,26112,28672
patch_20264.png,26368,28672
patch_20265.png,26624,28672
patch_20266.png,26880,28672
patch_20267.png,27136,28672
patch_20268.png,27392,28672
patch_20269.png,27648,28672
patch_20270.png,27904,28672
patch_20271.png,28160,28672
patch_20272.png,28416,28672
patch_20273.png,28672,28672
patch_20274.png,28928,28672
patch_20275.png,29184,28672
patch_20276.png,29440,28672
patch_20277.png,29696,28672
patch_20278.png,29952,28672
patch_20279.png,30208,28672
patch_20280.png,30464,28672
patch_20281.png,30720,28672
patch_20282.png,30976,28672
patch_20283.png,31232,28672
patch_20284.png,31488,28672
patch_20285.png,31744,28672
patch_20286.png,32000,28672
patch_20287.png,32256,28672
patch_20288.png,32512,28672
patch_20289.png,32768,28672
patch_20290.png,33024,28672
patch_20291.png,33280,28672
patch_20292.png,33536,28672
patch_20293.png,33792,28672
patch_20294.png,34048,28672
patch_20295.png,34304,28672
patch_20296.png,34560,28672
patch_20297.png,34816,28672
patch_20298.png,35072,28672
patch_20299.png,35328,28672
patch_20300.png,35584,28672
patch_20301.png,35840,28672
patch_20302.png,36096,28672
patch_20303.png,36352,28672
patch_20304.png,36608,28672
patch_20305.png,36864,28672
patch_20306.png,37120,28672
patch_20307.png,37376,28672
patch_20308.png,37632,28672
patch_20309.png,37888,28672
patch_20310.png,38144,28672
patch_20311.png,38400,28672
patch_20312.png,38656,28672
patch_20313.png,38912,28672
patch_20314.png,39168,28672
patch_20315.png,39424,28672
patch_20316.png,39680,28672
patch_20317.png,39936,28672
patch_20318.png,40192,28672
patch_20319.png,40448,28672
patch_20320.png,40704,28672
patch_20321.png,40960,28672
patch_20322.png,41216,28672
patch_20323.png,41472,28672
patch_20324.png,41728,28672
patch_20325.png,41984,28672
patch_20326.png,42240,28672
patch_20327.png,42496,28672
patch_20328.png,42752,28672
patch_20329.png,43008,28672
patch_20330.png,43264,28672
patch_20331.png,43520,28672
patch_20332.png,43776,28672
patch_20333.png,44032,28672
patch_20334.png,44288,28672
patch_20335.png,44544,28672
patch_20336.png,44800,28672
patch_20337.png,45056,28672
patch_20338.png,45312,28672
patch_20339.png,45568,28672
patch_20340.png,45824,28672
patch_20341.png,0,28928
patch_20342.png,256,28928
patch_20343.png,512,28928
patch_20344.png,768,28928
patch_20345.png,1024,28928
patch_20346.png,1280,28928
patch_20347.png,1536,28928
patch_20348.png,1792,28928
patch_20349.png,2048,28928
patch_20350.png,2304,28928
patch_20351.png,2560,28928
patch_20352.png,2816,28928
patch_20353.png,3072,28928
patch_20354.png,3328,28928
patch_20355.png,3584,28928
patch_20356.png,3840,28928
patch_20357.png,4096,28928
patch_20358.png,4352,28928
patch_20359.png,4608,28928
patch_20360.png,4864,28928
patch_20361.png,5120,28928
patch_20362.png,5376,28928
patch_20363.png,5632,28928
patch_20364.png,5888,28928
patch_20365.png,6144,28928
patch_20366.png,6400,28928
patch_20367.png,6656,28928
patch_20368.png,6912,28928
patch_20369.png,7168,28928
patch_20370.png,7424,28928
patch_20371.png,7680,28928
patch_20372.png,7936,28928
patch_20373.png,8192,28928
patch_20374.png,8448,28928
patch_20375.png,8704,28928
patch_20376.png,8960,28928
patch_20377.png,9216,28928
patch_20378.png,9472,28928
patch_20379.png,9728,28928
patch_20380.png,9984,28928
patch_20381.png,10240,28928
patch_20382.png,10496,28928
patch_20383.png,10752,28928
patch_20384.png,11008,28928
patch_20385.png,11264,28928
patch_20386.png,11520,28928
patch_20387.png,11776,28928
patch_20388.png,12032,28928
patch_20389.png,12288,28928
patch_20390.png,12544,28928
patch_20391.png,12800,28928
patch_20392.png,13056,28928
patch_20393.png,13312,28928
patch_20394.png,13568,28928
patch_20395.png,13824,28928
patch_20396.png,14080,28928
patch_20397.png,14336,28928
patch_20398.png,14592,28928
patch_20399.png,14848,28928
patch_20400.png,15104,28928
patch_20401.png,15360,28928
patch_20402.png,15616,28928
patch_20403.png,15872,28928
patch_20404.png,16128,28928
patch_20405.png,16384,28928
patch_20406.png,16640,28928
patch_20407.png,16896,28928
patch_20408.png,17152,28928
patch_20409.png,17408,28928
patch_20410.png,17664,28928
patch_20411.png,17920,28928
patch_20412.png,18176,28928
patch_20413.png,18432,28928
patch_20414.png,18688,28928
patch_20415.png,18944,28928
patch_20416.png,19200,28928
patch_20417.png,19456,28928
patch_20418.png,19712,28928
patch_20419.png,19968,28928
patch_20420.png,20224,28928
patch_20421.png,20480,28928
patch_20422.png,20736,28928
patch_20423.png,20992,28928
patch_20424.png,21248,28928
patch_20425.png,21504,28928
patch_20426.png,21760,28928
patch_20427.png,22016,28928
patch_20428.png,22272,28928
patch_20429.png,22528,28928
patch_20430.png,22784,28928
patch_20431.png,23040,28928
patch_20432.png,23296,28928
patch_20433.png,23552,28928
patch_20434.png,23808,28928
patch_20435.png,24064,28928
patch_20436.png,24320,28928
patch_20437.png,24576,28928
patch_20438.png,24832,28928
patch_20439.png,25088,28928
patch_20440.png,25344,28928
patch_20441.png,25600,28928
patch_20442.png,25856,28928
patch_20443.png,26112,28928
patch_20444.png,26368,28928
patch_20445.png,26624,28928
patch_20446.png,26880,28928
patch_20447.png,27136,28928
patch_20448.png,27392,28928
patch_20449.png,27648,28928
patch_20450.png,27904,28928
patch_20451.png,28160,28928
patch_20452.png,28416,28928
patch_20453.png,28672,28928
patch_20454.png,28928,28928
patch_20455.png,29184,28928
patch_20456.png,29440,28928
patch_20457.png,29696,28928
patch_20458.png,29952,28928
patch_20459.png,30208,28928
patch_20460.png,30464,28928
patch_20461.png,30720,28928
patch_20462.png,30976,28928
patch_20463.png,31232,28928
patch_20464.png,31488,28928
patch_20465.png,31744,28928
patch_20466.png,32000,28928
patch_20467.png,32256,28928
patch_20468.png,32512,28928
patch_20469.png,32768,28928
patch_20470.png,33024,28928
patch_20471.png,33280,28928
patch_20472.png,33536,28928
patch_20473.png,33792,28928
patch_20474.png,34048,28928
patch_20475.png,34304,28928
patch_20476.png,34560,28928
patch_20477.png,34816,28928
patch_20478.png,35072,28928
patch_20479.png,35328,28928
patch_20480.png,35584,28928
patch_20481.png,35840,28928
patch_20482.png,36096,28928
patch_20483.png,36352,28928
patch_20484.png,36608,28928
patch_20485.png,36864,28928
patch_20486.png,37120,28928
patch_20487.png,37376,28928
patch_20488.png,37632,28928
patch_20489.png,37888,28928
patch_20490.png,38144,28928
patch_20491.png,38400,28928
patch_20492.png,38656,28928
patch_20493.png,38912,28928
patch_20494.png,39168,28928
patch_20495.png,39424,28928
patch_20496.png,39680,28928
patch_20497.png,39936,28928
patch_20498.png,40192,28928
patch_20499.png,40448,28928
patch_20500.png,40704,28928
patch_20501.png,40960,28928
patch_20502.png,41216,28928
patch_20503.png,41472,28928
patch_20504.png,41728,28928
patch_20505.png,41984,28928
patch_20506.png,42240,28928
patch_20507.png,42496,28928
patch_20508.png,42752,28928
patch_20509.png,43008,28928
patch_20510.png,43264,28928
patch_20511.png,43520,28928
patch_20512.png,43776,28928
patch_20513.png,44032,28928
patch_20514.png,44288,28928
patch_20515.png,44544,28928
patch_20516.png,44800,28928
patch_20517.png,45056,28928
patch_20518.png,45312,28928
patch_20519.png,45568,28928
patch_20520.png,45824,28928
patch_20521.png,0,29184
patch_20522.png,256,29184
patch_20523.png,512,29184
patch_20524.png,768,29184
patch_20525.png,1024,29184
patch_20526.png,1280,29184
patch_20527.png,1536,29184
patch_20528.png,1792,29184
patch_20529.png,2048,29184
patch_20530.png,2304,29184
patch_20531.png,2560,29184
patch_20532.png,2816,29184
patch_20533.png,3072,29184
patch_20534.png,3328,29184
patch_20535.png,3584,29184
patch_20536.png,3840,29184
patch_20537.png,4096,29184
patch_20538.png,4352,29184
patch_20539.png,4608,29184
patch_20540.png,4864,29184
patch_20541.png,5120,29184
patch_20542.png,5376,29184
patch_20543.png,5632,29184
patch_20544.png,5888,29184
patch_20545.png,6144,29184
patch_20546.png,6400,29184
patch_20547.png,6656,29184
patch_20548.png,6912,29184
patch_20549.png,7168,29184
patch_20550.png,7424,29184
patch_20551.png,7680,29184
patch_20552.png,7936,29184
patch_20553.png,8192,29184
patch_20554.png,8448,29184
patch_20555.png,8704,29184
patch_20556.png,8960,29184
patch_20557.png,9216,29184
patch_20558.png,9472,29184
patch_20559.png,9728,29184
patch_20560.png,9984,29184
patch_20561.png,10240,29184
patch_20562.png,10496,29184
patch_20563.png,10752,29184
patch_20564.png,11008,29184
patch_20565.png,11264,29184
patch_20566.png,11520,29184
patch_20567.png,11776,29184
patch_20568.png,12032,29184
patch_20569.png,12288,29184
patch_20570.png,12544,29184
patch_20571.png,12800,29184
patch_20572.png,13056,29184
patch_20573.png,13312,29184
patch_20574.png,13568,29184
patch_20575.png,13824,29184
patch_20576.png,14080,29184
patch_20577.png,14336,29184
patch_20578.png,14592,29184
patch_20579.png,14848,29184
patch_20580.png,15104,29184
patch_20581.png,15360,29184
patch_20582.png,15616,29184
patch_20583.png,15872,29184
patch_20584.png,16128,29184
patch_20585.png,16384,29184
patch_20586.png,16640,29184
patch_20587.png,16896,29184
patch_20588.png,17152,29184
patch_20589.png,17408,29184
patch_20590.png,17664,29184
patch_20591.png,17920,29184
patch_20592.png,18176,29184
patch_20593.png,18432,29184
patch_20594.png,18688,29184
patch_20595.png,18944,29184
patch_20596.png,19200,29184
patch_20597.png,19456,29184
patch_20598.png,19712,29184
patch_20599.png,19968,29184
patch_20600.png,20224,29184
patch_20601.png,20480,29184
patch_20602.png,20736,29184
patch_20603.png,20992,29184
patch_20604.png,21248,29184
patch_20605.png,21504,29184
patch_20606.png,21760,29184
patch_20607.png,22016,29184
patch_20608.png,22272,29184
patch_20609.png,22528,29184
patch_20610.png,22784,29184
patch_20611.png,23040,29184
patch_20612.png,23296,29184
patch_20613.png,23552,29184
patch_20614.png,23808,29184
patch_20615.png,24064,29184
patch_20616.png,24320,29184
patch_20617.png,24576,29184
patch_20618.png,24832,29184
patch_20619.png,25088,29184
patch_20620.png,25344,29184
patch_20621.png,25600,29184
patch_20622.png,25856,29184
patch_20623.png,26112,29184
patch_20624.png,26368,29184
patch_20625.png,26624,29184
patch_20626.png,26880,29184
patch_20627.png,27136,29184
patch_20628.png,27392,29184
patch_20629.png,27648,29184
patch_20630.png,27904,29184
patch_20631.png,28160,29184
patch_20632.png,28416,29184
patch_20633.png,28672,29184
patch_20634.png,28928,29184
patch_20635.png,29184,29184
patch_20636.png,29440,29184
patch_20637.png,29696,29184
patch_20638.png,29952,29184
patch_20639.png,30208,29184
patch_20640.png,30464,29184
patch_20641.png,30720,29184
patch_20642.png,30976,29184
patch_20643.png,31232,29184
patch_20644.png,31488,29184
patch_20645.png,31744,29184
patch_20646.png,32000,29184
patch_20647.png,32256,29184
patch_20648.png,32512,29184
patch_20649.png,32768,29184
patch_20650.png,33024,29184
patch_20651.png,33280,29184
patch_20652.png,33536,29184
patch_20653.png,33792,29184
patch_20654.png,34048,29184
patch_20655.png,34304,29184
patch_20656.png,34560,29184
patch_20657.png,34816,29184
patch_20658.png,35072,29184
patch_20659.png,35328,29184
patch_20660.png,35584,29184
patch_20661.png,35840,29184
patch_20662.png,36096,29184
patch_20663.png,36352,29184
patch_20664.png,36608,29184
patch_20665.png,36864,29184
patch_20666.png,37120,29184
patch_20667.png,37376,29184
patch_20668.png,37632,29184
patch_20669.png,37888,29184
patch_20670.png,38144,29184
patch_20671.png,38400,29184
patch_20672.png,38656,29184
patch_20673.png,38912,29184
patch_20674.png,39168,29184
patch_20675.png,39424,29184
patch_20676.png,39680,29184
patch_20677.png,39936,29184
patch_20678.png,40192,29184
patch_20679.png,40448,29184
patch_20680.png,40704,29184
patch_20681.png,40960,29184
patch_20682.png,41216,29184
patch_20683.png,41472,29184
patch_20684.png,41728,29184
patch_20685.png,41984,29184
patch_20686.png,42240,29184
patch_20687.png,42496,29184
patch_20688.png,42752,29184
patch_20689.png,43008,29184
patch_20690.png,43264,29184
patch_20691.png,43520,29184
patch_20692.png,43776,29184
patch_20693.png,44032,29184
patch_20694.png,44288,29184
patch_20695.png,44544,29184
patch_20696.png,44800,29184
patch_20697.png,45056,29184
patch_20698.png,45312,29184
patch_20699.png,45568,29184
patch_20700.png,45824,29184
patch_20701.png,0,29440
patch_20702.png,256,29440
patch_20703.png,512,29440
patch_20704.png,768,29440
patch_20705.png,1024,29440
patch_20706.png,1280,29440
patch_20707.png,1536,29440
patch_20708.png,1792,29440
patch_20709.png,2048,29440
patch_20710.png,2304,29440
patch_20711.png,2560,29440
patch_20712.png,2816,29440
patch_20713.png,3072,29440
patch_20714.png,3328,29440
patch_20715.png,3584,29440
patch_20716.png,3840,29440
patch_20717.png,4096,29440
patch_20718.png,4352,29440
patch_20719.png,4608,29440
patch_20720.png,4864,29440
patch_20721.png,5120,29440
patch_20722.png,5376,29440
patch_20723.png,5632,29440
patch_20724.png,5888,29440
patch_20725.png,6144,29440
patch_20726.png,6400,29440
patch_20727.png,6656,29440
patch_20728.png,6912,29440
patch_20729.png,7168,29440
patch_20730.png,7424,29440
patch_20731.png,7680,29440
patch_20732.png,7936,29440
patch_20733.png,8192,29440
patch_20734.png,8448,29440
patch_20735.png,8704,29440
patch_20736.png,8960,29440
patch_20737.png,9216,29440
patch_20738.png,9472,29440
patch_20739.png,9728,29440
patch_20740.png,9984,29440
patch_20741.png,10240,29440
patch_20742.png,10496,29440
patch_20743.png,10752,29440
patch_20744.png,11008,29440
patch_20745.png,11264,29440
patch_20746.png,11520,29440
patch_20747.png,11776,29440
patch_20748.png,12032,29440
patch_20749.png,12288,29440
patch_20750.png,12544,29440
patch_20751.png,12800,29440
patch_20752.png,13056,29440
patch_20753.png,13312,29440
patch_20754.png,13568,29440
patch_20755.png,13824,29440
patch_20756.png,14080,29440
patch_20757.png,14336,29440
patch_20758.png,14592,29440
patch_20759.png,14848,29440
patch_20760.png,15104,29440
patch_20761.png,15360,29440
patch_20762.png,15616,29440
patch_20763.png,15872,29440
patch_20764.png,16128,29440
patch_20765.png,16384,29440
patch_20766.png,16640,29440
patch_20767.png,16896,29440
patch_20768.png,17152,29440
patch_20769.png,17408,29440
patch_20770.png,17664,29440
patch_20771.png,17920,29440
patch_20772.png,18176,29440
patch_20773.png,18432,29440
patch_20774.png,18688,29440
patch_20775.png,18944,29440
patch_20776.png,19200,29440
patch_20777.png,19456,29440
patch_20778.png,19712,29440
patch_20779.png,19968,29440
patch_20780.png,20224,29440
patch_20781.png,20480,29440
patch_20782.png,20736,29440
patch_20783.png,20992,29440
patch_20784.png,21248,29440
patch_20785.png,21504,29440
patch_20786.png,21760,29440
patch_20787.png,22016,29440
patch_20788.png,22272,29440
patch_20789.png,22528,29440
patch_20790.png,22784,29440
patch_20791.png,23040,29440
patch_20792.png,23296,29440
patch_20793.png,23552,29440
patch_20794.png,23808,29440
patch_20795.png,24064,29440
patch_20796.png,24320,29440
patch_20797.png,24576,29440
patch_20798.png,24832,29440
patch_20799.png,25088,29440
patch_20800.png,25344,29440
patch_20801.png,25600,29440
patch_20802.png,25856,29440
patch_20803.png,26112,29440
patch_20804.png,26368,29440
patch_20805.png,26624,29440
patch_20806.png,26880,29440
patch_20807.png,27136,29440
patch_20808.png,27392,29440
patch_20809.png,27648,29440
patch_20810.png,27904,29440
patch_20811.png,28160,29440
patch_20812.png,28416,29440
patch_20813.png,28672,29440
patch_20814.png,28928,29440
patch_20815.png,29184,29440
patch_20816.png,29440,29440
patch_20817.png,29696,29440
patch_20818.png,29952,29440
patch_20819.png,30208,29440
patch_20820.png,30464,29440
patch_20821.png,30720,29440
patch_20822.png,30976,29440
patch_20823.png,31232,29440
patch_20824.png,31488,29440
patch_20825.png,31744,29440
patch_20826.png,32000,29440
patch_20827.png,32256,29440
patch_20828.png,32512,29440
patch_20829.png,32768,29440
patch_20830.png,33024,29440
patch_20831.png,33280,29440
patch_20832.png,33536,29440
patch_20833.png,33792,29440
patch_20834.png,34048,29440
patch_20835.png,34304,29440
patch_20836.png,34560,29440
patch_20837.png,34816,29440
patch_20838.png,35072,29440
patch_20839.png,35328,29440
patch_20840.png,35584,29440
patch_20841.png,35840,29440
patch_20842.png,36096,29440
patch_20843.png,36352,29440
patch_20844.png,36608,29440
patch_20845.png,36864,29440
patch_20846.png,37120,29440
patch_20847.png,37376,29440
patch_20848.png,37632,29440
patch_20849.png,37888,29440
patch_20850.png,38144,29440
patch_20851.png,38400,29440
patch_20852.png,38656,29440
patch_20853.png,38912,29440
patch_20854.png,39168,29440
patch_20855.png,39424,29440
patch_20856.png,39680,29440
patch_20857.png,39936,29440
patch_20858.png,40192,29440
patch_20859.png,40448,29440
patch_20860.png,40704,29440
patch_20861.png,40960,29440
patch_20862.png,41216,29440
patch_20863.png,41472,29440
patch_20864.png,41728,29440
patch_20865.png,41984,29440
patch_20866.png,42240,29440
patch_20867.png,42496,29440
patch_20868.png,42752,29440
patch_20869.png,43008,29440
patch_20870.png,43264,29440
patch_20871.png,43520,29440
patch_20872.png,43776,29440
patch_20873.png,44032,29440
patch_20874.png,44288,29440
patch_20875.png,44544,29440
patch_20876.png,44800,29440
patch_20877.png,45056,29440
patch_20878.png,45312,29440
patch_20879.png,45568,29440
patch_20880.png,45824,29440
patch_20881.png,0,29696
patch_20882.png,256,29696
patch_20883.png,512,29696
patch_20884.png,768,29696
patch_20885.png,1024,29696
patch_20886.png,1280,29696
patch_20887.png,1536,29696
patch_20888.png,1792,29696
patch_20889.png,2048,29696
patch_20890.png,2304,29696
patch_20891.png,2560,29696
patch_20892.png,2816,29696
patch_20893.png,3072,29696
patch_20894.png,3328,29696
patch_20895.png,3584,29696
patch_20896.png,3840,29696
patch_20897.png,4096,29696
patch_20898.png,4352,29696
patch_20899.png,4608,29696
patch_20900.png,4864,29696
patch_20901.png,5120,29696
patch_20902.png,5376,29696
patch_20903.png,5632,29696
patch_20904.png,5888,29696
patch_20905.png,6144,29696
patch_20906.png,6400,29696
patch_20907.png,6656,29696
patch_20908.png,6912,29696
patch_20909.png,7168,29696
patch_20910.png,7424,29696
patch_20911.png,7680,29696
patch_20912.png,7936,29696
patch_20913.png,8192,29696
patch_20914.png,8448,29696
patch_20915.png,8704,29696
patch_20916.png,8960,29696
patch_20917.png,9216,29696
patch_20918.png,9472,29696
patch_20919.png,9728,29696
patch_20920.png,9984,29696
patch_20921.png,10240,29696
patch_20922.png,10496,29696
patch_20923.png,10752,29696
patch_20924.png,11008,29696
patch_20925.png,11264,29696
patch_20926.png,11520,29696
patch_20927.png,11776,29696
patch_20928.png,12032,29696
patch_20929.png,12288,29696
patch_20930.png,12544,29696
patch_20931.png,12800,29696
patch_20932.png,13056,29696
patch_20933.png,13312,29696
patch_20934.png,13568,29696
patch_20935.png,13824,29696
patch_20936.png,14080,29696
patch_20937.png,14336,29696
patch_20938.png,14592,29696
patch_20939.png,14848,29696
patch_20940.png,15104,29696
patch_20941.png,15360,29696
patch_20942.png,15616,29696
patch_20943.png,15872,29696
patch_20944.png,16128,29696
patch_20945.png,16384,29696
patch_20946.png,16640,29696
patch_20947.png,16896,29696
patch_20948.png,17152,29696
patch_20949.png,17408,29696
patch_20950.png,17664,29696
patch_20951.png,17920,29696
patch_20952.png,18176,29696
patch_20953.png,18432,29696
patch_20954.png,18688,29696
patch_20955.png,18944,29696
patch_20956.png,19200,29696
patch_20957.png,19456,29696
patch_20958.png,19712,29696
patch_20959.png,19968,29696
patch_20960.png,20224,29696
patch_20961.png,20480,29696
patch_20962.png,20736,29696
patch_20963.png,20992,29696
patch_20964.png,21248,29696
patch_20965.png,21504,29696
patch_20966.png,21760,29696
patch_20967.png,22016,29696
patch_20968.png,22272,29696
patch_20969.png,22528,29696
patch_20970.png,22784,29696
patch_20971.png,23040,29696
patch_20972.png,23296,29696
patch_20973.png,23552,29696
patch_20974.png,23808,29696
patch_20975.png,24064,29696
patch_20976.png,24320,29696
patch_20977.png,24576,29696
patch_20978.png,24832,29696
patch_20979.png,25088,29696
patch_20980.png,25344,29696
patch_20981.png,25600,29696
patch_20982.png,25856,29696
patch_20983.png,26112,29696
patch_20984.png,26368,29696
patch_20985.png,26624,29696
patch_20986.png,26880,29696
patch_20987.png,27136,29696
patch_20988.png,27392,29696
patch_20989.png,27648,29696
patch_20990.png,27904,29696
patch_20991.png,28160,29696
patch_20992.png,28416,29696
patch_20993.png,28672,29696
patch_20994.png,28928,29696
patch_20995.png,29184,29696
patch_20996.png,29440,29696
patch_20997.png,29696,29696
patch_20998.png,29952,29696
patch_20999.png,30208,29696
patch_21000.png,30464,29696
patch_21001.png,30720,29696
patch_21002.png,30976,29696
patch_21003.png,31232,29696
patch_21004.png,31488,29696
patch_21005.png,31744,29696
patch_21006.png,32000,29696
patch_21007.png,32256,29696
patch_21008.png,32512,29696
patch_21009.png,32768,29696
patch_21010.png,33024,29696
patch_21011.png,33280,29696
patch_21012.png,33536,29696
patch_21013.png,33792,29696
patch_21014.png,34048,29696
patch_21015.png,34304,29696
patch_21016.png,34560,29696
patch_21017.png,34816,29696
patch_21018.png,35072,29696
patch_21019.png,35328,29696
patch_21020.png,35584,29696
patch_21021.png,35840,29696
patch_21022.png,36096,29696
patch_21023.png,36352,29696
patch_21024.png,36608,29696
patch_21025.png,36864,29696
patch_21026.png,37120,29696
patch_21027.png,37376,29696
patch_21028.png,37632,29696
patch_21029.png,37888,29696
patch_21030.png,38144,29696
patch_21031.png,38400,29696
patch_21032.png,38656,29696
patch_21033.png,38912,29696
patch_21034.png,39168,29696
patch_21035.png,39424,29696
patch_21036.png,39680,29696
patch_21037.png,39936,29696
patch_21038.png,40192,29696
patch_21039.png,40448,29696
patch_21040.png,40704,29696
patch_21041.png,40960,29696
patch_21042.png,41216,29696
patch_21043.png,41472,29696
patch_21044.png,41728,29696
patch_21045.png,41984,29696
patch_21046.png,42240,29696
patch_21047.png,42496,29696
patch_21048.png,42752,29696
patch_21049.png,43008,29696
patch_21050.png,43264,29696
patch_21051.png,43520,29696
patch_21052.png,43776,29696
patch_21053.png,44032,29696
patch_21054.png,44288,29696
patch_21055.png,44544,29696
patch_21056.png,44800,29696
patch_21057.png,45056,29696
patch_21058.png,45312,29696
patch_21059.png,45568,29696
patch_21060.png,45824,29696
patch_21061.png,0,29952
patch_21062.png,256,29952
patch_21063.png,512,29952
patch_21064.png,768,29952
patch_21065.png,1024,29952
patch_21066.png,1280,29952
patch_21067.png,1536,29952
patch_21068.png,1792,29952
patch_21069.png,2048,29952
patch_21070.png,2304,29952
patch_21071.png,2560,29952
patch_21072.png,2816,29952
patch_21073.png,3072,29952
patch_21074.png,3328,29952
patch_21075.png,3584,29952
patch_21076.png,3840,29952
patch_21077.png,4096,29952
patch_21078.png,4352,29952
patch_21079.png,4608,29952
patch_21080.png,4864,29952
patch_21081.png,5120,29952
patch_21082.png,5376,29952
patch_21083.png,5632,29952
patch_21084.png,5888,29952
patch_21085.png,6144,29952
patch_21086.png,6400,29952
patch_21087.png,6656,29952
patch_21088.png,6912,29952
patch_21089.png,7168,29952
patch_21090.png,7424,29952
patch_21091.png,7680,29952
patch_21092.png,7936,29952
patch_21093.png,8192,29952
patch_21094.png,8448,29952
patch_21095.png,8704,29952
patch_21096.png,8960,29952
patch_21097.png,9216,29952
patch_21098.png,9472,29952
patch_21099.png,9728,29952
patch_21100.png,9984,29952
patch_21101.png,10240,29952
patch_21102.png,10496,29952
patch_21103.png,10752,29952
patch_21104.png,11008,29952
patch_21105.png,11264,29952
patch_21106.png,11520,29952
patch_21107.png,11776,29952
patch_21108.png,12032,29952
patch_21109.png,12288,29952
patch_21110.png,12544,29952
patch_21111.png,12800,29952
patch_21112.png,13056,29952
patch_21113.png,13312,29952
patch_21114.png,13568,29952
patch_21115.png,13824,29952
patch_21116.png,14080,29952
patch_21117.png,14336,29952
patch_21118.png,14592,29952
patch_21119.png,14848,29952
patch_21120.png,15104,29952
patch_21121.png,15360,29952
patch_21122.png,15616,29952
patch_21123.png,15872,29952
patch_21124.png,16128,29952
patch_21125.png,16384,29952
patch_21126.png,16640,29952
patch_21127.png,16896,29952
patch_21128.png,17152,29952
patch_21129.png,17408,29952
patch_21130.png,17664,29952
patch_21131.png,17920,29952
patch_21132.png,18176,29952
patch_21133.png,18432,29952
patch_21134.png,18688,29952
patch_21135.png,18944,29952
patch_21136.png,19200,29952
patch_21137.png,19456,29952
patch_21138.png,19712,29952
patch_21139.png,19968,29952
patch_21140.png,20224,29952
patch_21141.png,20480,29952
patch_21142.png,20736,29952
patch_21143.png,20992,29952
patch_21144.png,21248,29952
patch_21145.png,21504,29952
patch_21146.png,21760,29952
patch_21147.png,22016,29952
patch_21148.png,22272,29952
patch_21149.png,22528,29952
patch_21150.png,22784,29952
patch_21151.png,23040,29952
patch_21152.png,23296,29952
patch_21153.png,23552,29952
patch_21154.png,23808,29952
patch_21155.png,24064,29952
patch_21156.png,24320,29952
patch_21157.png,24576,29952
patch_21158.png,24832,29952
patch_21159.png,25088,29952
patch_21160.png,25344,29952
patch_21161.png,25600,29952
patch_21162.png,25856,29952
patch_21163.png,26112,29952
patch_21164.png,26368,29952
patch_21165.png,26624,29952
patch_21166.png,26880,29952
patch_21167.png,27136,29952
patch_21168.png,27392,29952
patch_21169.png,27648,29952
patch_21170.png,27904,29952
patch_21171.png,28160,29952
patch_21172.png,28416,29952
patch_21173.png,28672,29952
patch_21174.png,28928,29952
patch_21175.png,29184,29952
patch_21176.png,29440,29952
patch_21177.png,29696,29952
patch_21178.png,29952,29952
patch_21179.png,30208,29952
patch_21180.png,30464,29952
patch_21181.png,30720,29952
patch_21182.png,30976,29952
patch_21183.png,31232,29952
patch_21184.png,31488,29952
patch_21185.png,31744,29952
patch_21186.png,32000,29952
patch_21187.png,32256,29952
patch_21188.png,32512,29952
patch_21189.png,32768,29952
patch_21190.png,33024,29952
patch_21191.png,33280,29952
patch_21192.png,33536,29952
patch_21193.png,33792,29952
patch_21194.png,34048,29952
patch_21195.png,34304,29952
patch_21196.png,34560,29952
patch_21197.png,34816,29952
patch_21198.png,35072,29952
patch_21199.png,35328,29952
patch_21200.png,35584,29952
patch_21201.png,35840,29952
patch_21202.png,36096,29952
patch_21203.png,36352,29952
patch_21204.png,36608,29952
patch_21205.png,36864,29952
patch_21206.png,37120,29952
patch_21207.png,37376,29952
patch_21208.png,37632,29952
patch_21209.png,37888,29952
patch_21210.png,38144,29952
patch_21211.png,38400,29952
patch_21212.png,38656,29952
patch_21213.png,38912,29952
patch_21214.png,39168,29952
patch_21215.png,39424,29952
patch_21216.png,39680,29952
patch_21217.png,39936,29952
patch_21218.png,40192,29952
patch_21219.png,40448,29952
patch_21220.png,40704,29952
patch_21221.png,40960,29952
patch_21222.png,41216,29952
patch_21223.png,41472,29952
patch_21224.png,41728,29952
patch_21225.png,41984,29952
patch_21226.png,42240,29952
patch_21227.png,42496,29952
patch_21228.png,42752,29952
patch_21229.png,43008,29952
patch_21230.png,43264,29952
patch_21231.png,43520,29952
patch_21232.png,43776,29952
patch_21233.png,44032,29952
patch_21234.png,44288,29952
patch_21235.png,44544,29952
patch_21236.png,44800,29952
patch_21237.png,45056,29952
patch_21238.png,45312,29952
patch_21239.png,45568,29952
patch_21240.png,45824,29952
patch_21241.png,0,30208
patch_21242.png,256,30208
patch_21243.png,512,30208
patch_21244.png,768,30208
patch_21245.png,1024,30208
patch_21246.png,1280,30208
patch_21247.png,1536,30208
patch_21248.png,1792,30208
patch_21249.png,2048,30208
patch_21250.png,2304,30208
patch_21251.png,2560,30208
patch_21252.png,2816,30208
patch_21253.png,3072,30208
patch_21254.png,3328,30208
patch_21255.png,3584,30208
patch_21256.png,3840,30208
patch_21257.png,4096,30208
patch_21258.png,4352,30208
patch_21259.png,4608,30208
patch_21260.png,4864,30208
patch_21261.png,5120,30208
patch_21262.png,5376,30208
patch_21263.png,5632,30208
patch_21264.png,5888,30208
patch_21265.png,6144,30208
patch_21266.png,6400,30208
patch_21267.png,6656,30208
patch_21268.png,6912,30208
patch_21269.png,7168,30208
patch_21270.png,7424,30208
patch_21271.png,7680,30208
patch_21272.png,7936,30208
patch_21273.png,8192,30208
patch_21274.png,8448,30208
patch_21275.png,8704,30208
patch_21276.png,8960,30208
patch_21277.png,9216,30208
patch_21278.png,9472,30208
patch_21279.png,9728,30208
patch_21280.png,9984,30208
patch_21281.png,10240,30208
patch_21282.png,10496,30208
patch_21283.png,10752,30208
patch_21284.png,11008,30208
patch_21285.png,11264,30208
patch_21286.png,11520,30208
patch_21287.png,11776,30208
patch_21288.png,12032,30208
patch_21289.png,12288,30208
patch_21290.png,12544,30208
patch_21291.png,12800,30208
patch_21292.png,13056,30208
patch_21293.png,13312,30208
patch_21294.png,13568,30208
patch_21295.png,13824,30208
patch_21296.png,14080,30208
patch_21297.png,14336,30208
patch_21298.png,14592,30208
patch_21299.png,14848,30208
patch_21300.png,15104,30208
patch_21301.png,15360,30208
patch_21302.png,15616,30208
patch_21303.png,15872,30208
patch_21304.png,16128,30208
patch_21305.png,16384,30208
patch_21306.png,16640,30208
patch_21307.png,16896,30208
patch_21308.png,17152,30208
patch_21309.png,17408,30208
patch_21310.png,17664,30208
patch_21311.png,17920,30208
patch_21312.png,18176,30208
patch_21313.png,18432,30208
patch_21314.png,18688,30208
patch_21315.png,18944,30208
patch_21316.png,19200,30208
patch_21317.png,19456,30208
patch_21318.png,19712,30208
patch_21319.png,19968,30208
patch_21320.png,20224,30208
patch_21321.png,20480,30208
patch_21322.png,20736,30208
patch_21323.png,20992,30208
patch_21324.png,21248,30208
patch_21325.png,21504,30208
patch_21326.png,21760,30208
patch_21327.png,22016,30208
patch_21328.png,22272,30208
patch_21329.png,22528,30208
patch_21330.png,22784,30208
patch_21331.png,23040,30208
patch_21332.png,23296,30208
patch_21333.png,23552,30208
patch_21334.png,23808,30208
patch_21335.png,24064,30208
patch_21336.png,24320,30208
patch_21337.png,24576,30208
patch_21338.png,24832,30208
patch_21339.png,25088,30208
patch_21340.png,25344,30208
patch_21341.png,25600,30208
patch_21342.png,25856,30208
patch_21343.png,26112,30208
patch_21344.png,26368,30208
patch_21345.png,26624,30208
patch_21346.png,26880,30208
patch_21347.png,27136,30208
patch_21348.png,27392,30208
patch_21349.png,27648,30208
patch_21350.png,27904,30208
patch_21351.png,28160,30208
patch_21352.png,28416,30208
patch_21353.png,28672,30208
patch_21354.png,28928,30208
patch_21355.png,29184,30208
patch_21356.png,29440,30208
patch_21357.png,29696,30208
patch_21358.png,29952,30208
patch_21359.png,30208,30208
patch_21360.png,30464,30208
patch_21361.png,30720,30208
patch_21362.png,30976,30208
patch_21363.png,31232,30208
patch_21364.png,31488,30208
patch_21365.png,31744,30208
patch_21366.png,32000,30208
patch_21367.png,32256,30208
patch_21368.png,32512,30208
patch_21369.png,32768,30208
patch_21370.png,33024,30208
patch_21371.png,33280,30208
patch_21372.png,33536,30208
patch_21373.png,33792,30208
patch_21374.png,34048,30208
patch_21375.png,34304,30208
patch_21376.png,34560,30208
patch_21377.png,34816,30208
patch_21378.png,35072,30208
patch_21379.png,35328,30208
patch_21380.png,35584,30208
patch_21381.png,35840,30208
patch_21382.png,36096,30208
patch_21383.png,36352,30208
patch_21384.png,36608,30208
patch_21385.png,36864,30208
patch_21386.png,37120,30208
patch_21387.png,37376,30208
patch_21388.png,37632,30208
patch_21389.png,37888,30208
patch_21390.png,38144,30208
patch_21391.png,38400,30208
patch_21392.png,38656,30208
patch_21393.png,38912,30208
patch_21394.png,39168,30208
patch_21395.png,39424,30208
patch_21396.png,39680,30208
patch_21397.png,39936,30208
patch_21398.png,40192,30208
patch_21399.png,40448,30208
patch_21400.png,40704,30208
patch_21401.png,40960,30208
patch_21402.png,41216,30208
patch_21403.png,41472,30208
patch_21404.png,41728,30208
patch_21405.png,41984,30208
patch_21406.png,42240,30208
patch_21407.png,42496,30208
patch_21408.png,42752,30208
patch_21409.png,43008,30208
patch_21410.png,43264,30208
patch_21411.png,43520,30208
patch_21412.png,43776,30208
patch_21413.png,44032,30208
patch_21414.png,44288,30208
patch_21415.png,44544,30208
patch_21416.png,44800,30208
patch_21417.png,45056,30208
patch_21418.png,45312,30208
patch_21419.png,45568,30208
patch_21420.png,45824,30208
patch_21421.png,0,30464
patch_21422.png,256,30464
patch_21423.png,512,30464
patch_21424.png,768,30464
patch_21425.png,1024,30464
patch_21426.png,1280,30464
patch_21427.png,1536,30464
patch_21428.png,1792,30464
patch_21429.png,2048,30464
patch_21430.png,2304,30464
patch_21431.png,2560,30464
patch_21432.png,2816,30464
patch_21433.png,3072,30464
patch_21434.png,3328,30464
patch_21435.png,3584,30464
patch_21436.png,3840,30464
patch_21437.png,4096,30464
patch_21438.png,4352,30464
patch_21439.png,4608,30464
patch_21440.png,4864,30464
patch_21441.png,5120,30464
patch_21442.png,5376,30464
patch_21443.png,5632,30464
patch_21444.png,5888,30464
patch_21445.png,6144,30464
patch_21446.png,6400,30464
patch_21447.png,6656,30464
patch_21448.png,6912,30464
patch_21449.png,7168,30464
patch_21450.png,7424,30464
patch_21451.png,7680,30464
patch_21452.png,7936,30464
patch_21453.png,8192,30464
patch_21454.png,8448,30464
patch_21455.png,8704,30464
patch_21456.png,8960,30464
patch_21457.png,9216,30464
patch_21458.png,9472,30464
patch_21459.png,9728,30464
patch_21460.png,9984,30464
patch_21461.png,10240,30464
patch_21462.png,10496,30464
patch_21463.png,10752,30464
patch_21464.png,11008,30464
patch_21465.png,11264,30464
patch_21466.png,11520,30464
patch_21467.png,11776,30464
patch_21468.png,12032,30464
patch_21469.png,12288,30464
patch_21470.png,12544,30464
patch_21471.png,12800,30464
patch_21472.png,13056,30464
patch_21473.png,13312,30464
patch_21474.png,13568,30464
patch_21475.png,13824,30464
patch_21476.png,14080,30464
patch_21477.png,14336,30464
patch_21478.png,14592,30464
patch_21479.png,14848,30464
patch_21480.png,15104,30464
patch_21481.png,15360,30464
patch_21482.png,15616,30464
patch_21483.png,15872,30464
patch_21484.png,16128,30464
patch_21485.png,16384,30464
patch_21486.png,16640,30464
patch_21487.png,16896,30464
patch_21488.png,17152,30464
patch_21489.png,17408,30464
patch_21490.png,17664,30464
patch_21491.png,17920,30464
patch_21492.png,18176,30464
patch_21493.png,18432,30464
patch_21494.png,18688,30464
patch_21495.png,18944,30464
patch_21496.png,19200,30464
patch_21497.png,19456,30464
patch_21498.png,19712,30464
patch_21499.png,19968,30464
patch_21500.png,20224,30464
patch_21501.png,20480,30464
patch_21502.png,20736,30464
patch_21503.png,20992,30464
patch_21504.png,21248,30464
patch_21505.png,21504,30464
patch_21506.png,21760,30464
patch_21507.png,22016,30464
patch_21508.png,22272,30464
patch_21509.png,22528,30464
patch_21510.png,22784,30464
patch_21511.png,23040,30464
patch_21512.png,23296,30464
patch_21513.png,23552,30464
patch_21514.png,23808,30464
patch_21515.png,24064,30464
patch_21516.png,24320,30464
patch_21517.png,24576,30464
patch_21518.png,24832,30464
patch_21519.png,25088,30464
patch_21520.png,25344,30464
patch_21521.png,25600,30464
patch_21522.png,25856,30464
patch_21523.png,26112,30464
patch_21524.png,26368,30464
patch_21525.png,26624,30464
patch_21526.png,26880,30464
patch_21527.png,27136,30464
patch_21528.png,27392,30464
patch_21529.png,27648,30464
patch_21530.png,27904,30464
patch_21531.png,28160,30464
patch_21532.png,28416,30464
patch_21533.png,28672,30464
patch_21534.png,28928,30464
patch_21535.png,29184,30464
patch_21536.png,29440,30464
patch_21537.png,29696,30464
patch_21538.png,29952,30464
patch_21539.png,30208,30464
patch_21540.png,30464,30464
patch_21541.png,30720,30464
patch_21542.png,30976,30464
patch_21543.png,31232,30464
patch_21544.png,31488,30464
patch_21545.png,31744,30464
patch_21546.png,32000,30464
patch_21547.png,32256,30464
patch_21548.png,32512,30464
patch_21549.png,32768,30464
patch_21550.png,33024,30464
patch_21551.png,33280,30464
patch_21552.png,33536,30464
patch_21553.png,33792,30464
patch_21554.png,34048,30464
patch_21555.png,34304,30464
patch_21556.png,34560,30464
patch_21557.png,34816,30464
patch_21558.png,35072,30464
patch_21559.png,35328,30464
patch_21560.png,35584,30464
patch_21561.png,35840,30464
patch_21562.png,36096,30464
patch_21563.png,36352,30464
patch_21564.png,36608,30464
patch_21565.png,36864,30464
patch_21566.png,37120,30464
patch_21567.png,37376,30464
patch_21568.png,37632,30464
patch_21569.png,37888,30464
patch_21570.png,38144,30464
patch_21571.png,38400,30464
patch_21572.png,38656,30464
patch_21573.png,38912,30464
patch_21574.png,39168,30464
patch_21575.png,39424,30464
patch_21576.png,39680,30464
patch_21577.png,39936,30464
patch_21578.png,40192,30464
patch_21579.png,40448,30464
patch_21580.png,40704,30464
patch_21581.png,40960,30464
patch_21582.png,41216,30464
patch_21583.png,41472,30464
patch_21584.png,41728,30464
patch_21585.png,41984,30464
patch_21586.png,42240,30464
patch_21587.png,42496,30464
patch_21588.png,42752,30464
patch_21589.png,43008,30464
patch_21590.png,43264,30464
patch_21591.png,43520,30464
patch_21592.png,43776,30464
patch_21593.png,44032,30464
patch_21594.png,44288,30464
patch_21595.png,44544,30464
patch_21596.png,44800,30464
patch_21597.png,45056,30464
patch_21598.png,45312,30464
patch_21599.png,45568,30464
patch_21600.png,45824,30464
patch_21601.png,0,30720
patch_21602.png,256,30720
patch_21603.png,512,30720
patch_21604.png,768,30720
patch_21605.png,1024,30720
patch_21606.png,1280,30720
patch_21607.png,1536,30720
patch_21608.png,1792,30720
patch_21609.png,2048,30720
patch_21610.png,2304,30720
patch_21611.png,2560,30720
patch_21612.png,2816,30720
patch_21613.png,3072,30720
patch_21614.png,3328,30720
patch_21615.png,3584,30720
patch_21616.png,3840,30720
patch_21617.png,4096,30720
patch_21618.png,4352,30720
patch_21619.png,4608,30720
patch_21620.png,4864,30720
patch_21621.png,5120,30720
patch_21622.png,5376,30720
patch_21623.png,5632,30720
patch_21624.png,5888,30720
patch_21625.png,6144,30720
patch_21626.png,6400,30720
patch_21627.png,6656,30720
patch_21628.png,6912,30720
patch_21629.png,7168,30720
patch_21630.png,7424,30720
patch_21631.png,7680,30720
patch_21632.png,7936,30720
patch_21633.png,8192,30720
patch_21634.png,8448,30720
patch_21635.png,8704,30720
patch_21636.png,8960,30720
patch_21637.png,9216,30720
patch_21638.png,9472,30720
patch_21639.png,9728,30720
patch_21640.png,9984,30720
patch_21641.png,10240,30720
patch_21642.png,10496,30720
patch_21643.png,10752,30720
patch_21644.png,11008,30720
patch_21645.png,11264,30720
patch_21646.png,11520,30720
patch_21647.png,11776,30720
patch_21648.png,12032,30720
patch_21649.png,12288,30720
patch_21650.png,12544,30720
patch_21651.png,12800,30720
patch_21652.png,13056,30720
patch_21653.png,13312,30720
patch_21654.png,13568,30720
patch_21655.png,13824,30720
patch_21656.png,14080,30720
patch_21657.png,14336,30720
patch_21658.png,14592,30720
patch_21659.png,14848,30720
patch_21660.png,15104,30720
patch_21661.png,15360,30720
patch_21662.png,15616,30720
patch_21663.png,15872,30720
patch_21664.png,16128,30720
patch_21665.png,16384,30720
patch_21666.png,16640,30720
patch_21667.png,16896,30720
patch_21668.png,17152,30720
patch_21669.png,17408,30720
patch_21670.png,17664,30720
patch_21671.png,17920,30720
patch_21672.png,18176,30720
patch_21673.png,18432,30720
patch_21674.png,18688,30720
patch_21675.png,18944,30720
patch_21676.png,19200,30720
patch_21677.png,19456,30720
patch_21678.png,19712,30720
patch_21679.png,19968,30720
patch_21680.png,20224,30720
patch_21681.png,20480,30720
patch_21682.png,20736,30720
patch_21683.png,20992,30720
patch_21684.png,21248,30720
patch_21685.png,21504,30720
patch_21686.png,21760,30720
patch_21687.png,22016,30720
patch_21688.png,22272,30720
patch_21689.png,22528,30720
patch_21690.png,22784,30720
patch_21691.png,23040,30720
patch_21692.png,23296,30720
patch_21693.png,23552,30720
patch_21694.png,23808,30720
patch_21695.png,24064,30720
patch_21696.png,24320,30720
patch_21697.png,24576,30720
patch_21698.png,24832,30720
patch_21699.png,25088,30720
patch_21700.png,25344,30720
patch_21701.png,25600,30720
patch_21702.png,25856,30720
patch_21703.png,26112,30720
patch_21704.png,26368,30720
patch_21705.png,26624,30720
patch_21706.png,26880,30720
patch_21707.png,27136,30720
patch_21708.png,27392,30720
patch_21709.png,27648,30720
patch_21710.png,27904,30720
patch_21711.png,28160,30720
patch_21712.png,28416,30720
patch_21713.png,28672,30720
patch_21714.png,28928,30720
patch_21715.png,29184,30720
patch_21716.png,29440,30720
patch_21717.png,29696,30720
patch_21718.png,29952,30720
patch_21719.png,30208,30720
patch_21720.png,30464,30720
patch_21721.png,30720,30720
patch_21722.png,30976,30720
patch_21723.png,31232,30720
patch_21724.png,31488,30720
patch_21725.png,31744,30720
patch_21726.png,32000,30720
patch_21727.png,32256,30720
patch_21728.png,32512,30720
patch_21729.png,32768,30720
patch_21730.png,33024,30720
patch_21731.png,33280,30720
patch_21732.png,33536,30720
patch_21733.png,33792,30720
patch_21734.png,34048,30720
patch_21735.png,34304,30720
patch_21736.png,34560,30720
patch_21737.png,34816,30720
patch_21738.png,35072,30720
patch_21739.png,35328,30720
patch_21740.png,35584,30720
patch_21741.png,35840,30720
patch_21742.png,36096,30720
patch_21743.png,36352,30720
patch_21744.png,36608,30720
patch_21745.png,36864,30720
patch_21746.png,37120,30720
patch_21747.png,37376,30720
patch_21748.png,37632,30720
patch_21749.png,37888,30720
patch_21750.png,38144,30720
patch_21751.png,38400,30720
patch_21752.png,38656,30720
patch_21753.png,38912,30720
patch_21754.png,39168,30720
patch_21755.png,39424,30720
patch_21756.png,39680,30720
patch_21757.png,39936,30720
patch_21758.png,40192,30720
patch_21759.png,40448,30720
patch_21760.png,40704,30720
patch_21761.png,40960,30720
patch_21762.png,41216,30720
patch_21763.png,41472,30720
patch_21764.png,41728,30720
patch_21765.png,41984,30720
patch_21766.png,42240,30720
patch_21767.png,42496,30720
patch_21768.png,42752,30720
patch_21769.png,43008,30720
patch_21770.png,43264,30720
patch_21771.png,43520,30720
patch_21772.png,43776,30720
patch_21773.png,44032,30720
patch_21774.png,44288,30720
patch_21775.png,44544,30720
patch_21776.png,44800,30720
patch_21777.png,45056,30720
patch_21778.png,45312,30720
patch_21779.png,45568,30720
patch_21780.png,45824,30720
patch_21781.png,0,30976
patch_21782.png,256,30976
patch_21783.png,512,30976
patch_21784.png,768,30976
patch_21785.png,1024,30976
patch_21786.png,1280,30976
patch_21787.png,1536,30976
patch_21788.png,1792,30976
patch_21789.png,2048,30976
patch_21790.png,2304,30976
patch_21791.png,2560,30976
patch_21792.png,2816,30976
patch_21793.png,3072,30976
patch_21794.png,3328,30976
patch_21795.png,3584,30976
patch_21796.png,3840,30976
patch_21797.png,4096,30976
patch_21798.png,4352,30976
patch_21799.png,4608,30976
patch_21800.png,4864,30976
patch_21801.png,5120,30976
patch_21802.png,5376,30976
patch_21803.png,5632,30976
patch_21804.png,5888,30976
patch_21805.png,6144,30976
patch_21806.png,6400,30976
patch_21807.png,6656,30976
patch_21808.png,6912,30976
patch_21809.png,7168,30976
patch_21810.png,7424,30976
patch_21811.png,7680,30976
patch_21812.png,7936,30976
patch_21813.png,8192,30976
patch_21814.png,8448,30976
patch_21815.png,8704,30976
patch_21816.png,8960,30976
patch_21817.png,9216,30976
patch_21818.png,9472,30976
patch_21819.png,9728,30976
patch_21820.png,9984,30976
patch_21821.png,10240,30976
patch_21822.png,10496,30976
patch_21823.png,10752,30976
patch_21824.png,11008,30976
patch_21825.png,11264,30976
patch_21826.png,11520,30976
patch_21827.png,11776,30976
patch_21828.png,12032,30976
patch_21829.png,12288,30976
patch_21830.png,12544,30976
patch_21831.png,12800,30976
patch_21832.png,13056,30976
patch_21833.png,13312,30976
patch_21834.png,13568,30976
patch_21835.png,13824,30976
patch_21836.png,14080,30976
patch_21837.png,14336,30976
patch_21838.png,14592,30976
patch_21839.png,14848,30976
patch_21840.png,15104,30976
patch_21841.png,15360,30976
patch_21842.png,15616,30976
patch_21843.png,15872,30976
patch_21844.png,16128,30976
patch_21845.png,16384,30976
patch_21846.png,16640,30976
patch_21847.png,16896,30976
patch_21848.png,17152,30976
patch_21849.png,17408,30976
patch_21850.png,17664,30976
patch_21851.png,17920,30976
patch_21852.png,18176,30976
patch_21853.png,18432,30976
patch_21854.png,18688,30976
patch_21855.png,18944,30976
patch_21856.png,19200,30976
patch_21857.png,19456,30976
patch_21858.png,19712,30976
patch_21859.png,19968,30976
patch_21860.png,20224,30976
patch_21861.png,20480,30976
patch_21862.png,20736,30976
patch_21863.png,20992,30976
patch_21864.png,21248,30976
patch_21865.png,21504,30976
patch_21866.png,21760,30976
patch_21867.png,22016,30976
patch_21868.png,22272,30976
patch_21869.png,22528,30976
patch_21870.png,22784,30976
patch_21871.png,23040,30976
patch_21872.png,23296,30976
patch_21873.png,23552,30976
patch_21874.png,23808,30976
patch_21875.png,24064,30976
patch_21876.png,24320,30976
patch_21877.png,24576,30976
patch_21878.png,24832,30976
patch_21879.png,25088,30976
patch_21880.png,25344,30976
patch_21881.png,25600,30976
patch_21882.png,25856,30976
patch_21883.png,26112,30976
patch_21884.png,26368,30976
patch_21885.png,26624,30976
patch_21886.png,26880,30976
patch_21887.png,27136,30976
patch_21888.png,27392,30976
patch_21889.png,27648,30976
patch_21890.png,27904,30976
patch_21891.png,28160,30976
patch_21892.png,28416,30976
patch_21893.png,28672,30976
patch_21894.png,28928,30976
patch_21895.png,29184,30976
patch_21896.png,29440,30976
patch_21897.png,29696,30976
patch_21898.png,29952,30976
patch_21899.png,30208,30976
patch_21900.png,30464,30976
patch_21901.png,30720,30976
patch_21902.png,30976,30976
patch_21903.png,31232,30976
patch_21904.png,31488,30976
patch_21905.png,31744,30976
patch_21906.png,32000,30976
patch_21907.png,32256,30976
patch_21908.png,32512,30976
patch_21909.png,32768,30976
patch_21910.png,33024,30976
patch_21911.png,33280,30976
patch_21912.png,33536,30976
patch_21913.png,33792,30976
patch_21914.png,34048,30976
patch_21915.png,34304,30976
patch_21916.png,34560,30976
patch_21917.png,34816,30976
patch_21918.png,35072,30976
patch_21919.png,35328,30976
patch_21920.png,35584,30976
patch_21921.png,35840,30976
patch_21922.png,36096,30976
patch_21923.png,36352,30976
patch_21924.png,36608,30976
patch_21925.png,36864,30976
patch_21926.png,37120,30976
patch_21927.png,37376,30976
patch_21928.png,37632,30976
patch_21929.png,37888,30976
patch_21930.png,38144,30976
patch_21931.png,38400,30976
patch_21932.png,38656,30976
patch_21933.png,38912,30976
patch_21934.png,39168,30976
patch_21935.png,39424,30976
patch_21936.png,39680,30976
patch_21937.png,39936,30976
patch_21938.png,40192,30976
patch_21939.png,40448,30976
patch_21940.png,40704,30976
patch_21941.png,40960,30976
patch_21942.png,41216,30976
patch_21943.png,41472,30976
patch_21944.png,41728,30976
patch_21945.png,41984,30976
patch_21946.png,42240,30976
patch_21947.png,42496,30976
patch_21948.png,42752,30976
patch_21949.png,43008,30976
patch_21950.png,43264,30976
patch_21951.png,43520,30976
patch_21952.png,43776,30976
patch_21953.png,44032,30976
patch_21954.png,44288,30976
patch_21955.png,44544,30976
patch_21956.png,44800,30976
patch_21957.png,45056,30976
patch_21958.png,45312,30976
patch_21959.png,45568,30976
patch_21960.png,45824,30976
patch_21961.png,0,31232
patch_21962.png,256,31232
patch_21963.png,512,31232
patch_21964.png,768,31232
patch_21965.png,1024,31232
patch_21966.png,1280,31232
patch_21967.png,1536,31232
patch_21968.png,1792,31232
patch_21969.png,2048,31232
patch_21970.png,2304,31232
patch_21971.png,2560,31232
patch_21972.png,2816,31232
patch_21973.png,3072,31232
patch_21974.png,3328,31232
patch_21975.png,3584,31232
patch_21976.png,3840,31232
patch_21977.png,4096,31232
patch_21978.png,4352,31232
patch_21979.png,4608,31232
patch_21980.png,4864,31232
patch_21981.png,5120,31232
patch_21982.png,5376,31232
patch_21983.png,5632,31232
patch_21984.png,5888,31232
patch_21985.png,6144,31232
patch_21986.png,6400,31232
patch_21987.png,6656,31232
patch_21988.png,6912,31232
patch_21989.png,7168,31232
patch_21990.png,7424,31232
patch_21991.png,7680,31232
patch_21992.png,7936,31232
patch_21993.png,8192,31232
patch_21994.png,8448,31232
patch_21995.png,8704,31232
patch_21996.png,8960,31232
patch_21997.png,9216,31232
patch_21998.png,9472,31232
patch_21999.png,9728,31232
patch_22000.png,9984,31232
patch_22001.png,10240,31232
patch_22002.png,10496,31232
patch_22003.png,10752,31232
patch_22004.png,11008,31232
patch_22005.png,11264,31232
patch_22006.png,11520,31232
patch_22007.png,11776,31232
patch_22008.png,12032,31232
patch_22009.png,12288,31232
patch_22010.png,12544,31232
patch_22011.png,12800,31232
patch_22012.png,13056,31232
patch_22013.png,13312,31232
patch_22014.png,13568,31232
patch_22015.png,13824,31232
patch_22016.png,14080,31232
patch_22017.png,14336,31232
patch_22018.png,14592,31232
patch_22019.png,14848,31232
patch_22020.png,15104,31232
patch_22021.png,15360,31232
patch_22022.png,15616,31232
patch_22023.png,15872,31232
patch_22024.png,16128,31232
patch_22025.png,16384,31232
patch_22026.png,16640,31232
patch_22027.png,16896,31232
patch_22028.png,17152,31232
patch_22029.png,17408,31232
patch_22030.png,17664,31232
patch_22031.png,17920,31232
patch_22032.png,18176,31232
patch_22033.png,18432,31232
patch_22034.png,18688,31232
patch_22035.png,18944,31232
patch_22036.png,19200,31232
patch_22037.png,19456,31232
patch_22038.png,19712,31232
patch_22039.png,19968,31232
patch_22040.png,20224,31232
patch_22041.png,20480,31232
patch_22042.png,20736,31232
patch_22043.png,20992,31232
patch_22044.png,21248,31232
patch_22045.png,21504,31232
patch_22046.png,21760,31232
patch_22047.png,22016,31232
patch_22048.png,22272,31232
patch_22049.png,22528,31232
patch_22050.png,22784,31232
patch_22051.png,23040,31232
patch_22052.png,23296,31232
patch_22053.png,23552,31232
patch_22054.png,23808,31232
patch_22055.png,24064,31232
patch_22056.png,24320,31232
patch_22057.png,24576,31232
patch_22058.png,24832,31232
patch_22059.png,25088,31232
patch_22060.png,25344,31232
patch_22061.png,25600,31232
patch_22062.png,25856,31232
patch_22063.png,26112,31232
patch_22064.png,26368,31232
patch_22065.png,26624,31232
patch_22066.png,26880,31232
patch_22067.png,27136,31232
patch_22068.png,27392,31232
patch_22069.png,27648,31232
patch_22070.png,27904,31232
patch_22071.png,28160,31232
patch_22072.png,28416,31232
patch_22073.png,28672,31232
patch_22074.png,28928,31232
patch_22075.png,29184,31232
patch_22076.png,29440,31232
patch_22077.png,29696,31232
patch_22078.png,29952,31232
patch_22079.png,30208,31232
patch_22080.png,30464,31232
patch_22081.png,30720,31232
patch_22082.png,30976,31232
patch_22083.png,31232,31232
patch_22084.png,31488,31232
patch_22085.png,31744,31232
patch_22086.png,32000,31232
patch_22087.png,32256,31232
patch_22088.png,32512,31232
patch_22089.png,32768,31232
patch_22090.png,33024,31232
patch_22091.png,33280,31232
patch_22092.png,33536,31232
patch_22093.png,33792,31232
patch_22094.png,34048,31232
patch_22095.png,34304,31232
patch_22096.png,34560,31232
patch_22097.png,34816,31232
patch_22098.png,35072,31232
patch_22099.png,35328,31232
patch_22100.png,35584,31232
patch_22101.png,35840,31232
patch_22102.png,36096,31232
patch_22103.png,36352,31232
patch_22104.png,36608,31232
patch_22105.png,36864,31232
patch_22106.png,37120,31232
patch_22107.png,37376,31232
patch_22108.png,37632,31232
patch_22109.png,37888,31232
patch_22110.png,38144,31232
patch_22111.png,38400,31232
patch_22112.png,38656,31232
patch_22113.png,38912,31232
patch_22114.png,39168,31232
patch_22115.png,39424,31232
patch_22116.png,39680,31232
patch_22117.png,39936,31232
patch_22118.png,40192,31232
patch_22119.png,40448,31232
patch_22120.png,40704,31232
patch_22121.png,40960,31232
patch_22122.png,41216,31232
patch_22123.png,41472,31232
patch_22124.png,41728,31232
patch_22125.png,41984,31232
patch_22126.png,42240,31232
patch_22127.png,42496,31232
patch_22128.png,42752,31232
patch_22129.png,43008,31232
patch_22130.png,43264,31232
patch_22131.png,43520,31232
patch_22132.png,43776,31232
patch_22133.png,44032,31232
patch_22134.png,44288,31232
patch_22135.png,44544,31232
patch_22136.png,44800,31232
patch_22137.png,45056,31232
patch_22138.png,45312,31232
patch_22139.png,45568,31232
patch_22140.png,45824,31232
patch_22141.png,0,31488
patch_22142.png,256,31488
patch_22143.png,512,31488
patch_22144.png,768,31488
patch_22145.png,1024,31488
patch_22146.png,1280,31488
patch_22147.png,1536,31488
patch_22148.png,1792,31488
patch_22149.png,2048,31488
patch_22150.png,2304,31488
patch_22151.png,2560,31488
patch_22152.png,2816,31488
patch_22153.png,3072,31488
patch_22154.png,3328,31488
patch_22155.png,3584,31488
patch_22156.png,3840,31488
patch_22157.png,4096,31488
patch_22158.png,4352,31488
patch_22159.png,4608,31488
patch_22160.png,4864,31488
patch_22161.png,5120,31488
patch_22162.png,5376,31488
patch_22163.png,5632,31488
patch_22164.png,5888,31488
patch_22165.png,6144,31488
patch_22166.png,6400,31488
patch_22167.png,6656,31488
patch_22168.png,6912,31488
patch_22169.png,7168,31488
patch_22170.png,7424,31488
patch_22171.png,7680,31488
patch_22172.png,7936,31488
patch_22173.png,8192,31488
patch_22174.png,8448,31488
patch_22175.png,8704,31488
patch_22176.png,8960,31488
patch_22177.png,9216,31488
patch_22178.png,9472,31488
patch_22179.png,9728,31488
patch_22180.png,9984,31488
patch_22181.png,10240,31488
patch_22182.png,10496,31488
patch_22183.png,10752,31488
patch_22184.png,11008,31488
patch_22185.png,11264,31488
patch_22186.png,11520,31488
patch_22187.png,11776,31488
patch_22188.png,12032,31488
patch_22189.png,12288,31488
patch_22190.png,12544,31488
patch_22191.png,12800,31488
patch_22192.png,13056,31488
patch_22193.png,13312,31488
patch_22194.png,13568,31488
patch_22195.png,13824,31488
patch_22196.png,14080,31488
patch_22197.png,14336,31488
patch_22198.png,14592,31488
patch_22199.png,14848,31488
patch_22200.png,15104,31488
patch_22201.png,15360,31488
patch_22202.png,15616,31488
patch_22203.png,15872,31488
patch_22204.png,16128,31488
patch_22205.png,16384,31488
patch_22206.png,16640,31488
patch_22207.png,16896,31488
patch_22208.png,17152,31488
patch_22209.png,17408,31488
patch_22210.png,17664,31488
patch_22211.png,17920,31488
patch_22212.png,18176,31488
patch_22213.png,18432,31488
patch_22214.png,18688,31488
patch_22215.png,18944,31488
patch_22216.png,19200,31488
patch_22217.png,19456,31488
patch_22218.png,19712,31488
patch_22219.png,19968,31488
patch_22220.png,20224,31488
patch_22221.png,20480,31488
patch_22222.png,20736,31488
patch_22223.png,20992,31488
patch_22224.png,21248,31488
patch_22225.png,21504,31488
patch_22226.png,21760,31488
patch_22227.png,22016,31488
patch_22228.png,22272,31488
patch_22229.png,22528,31488
patch_22230.png,22784,31488
patch_22231.png,23040,31488
patch_22232.png,23296,31488
patch_22233.png,23552,31488
patch_22234.png,23808,31488
patch_22235.png,24064,31488
patch_22236.png,24320,31488
patch_22237.png,24576,31488
patch_22238.png,24832,31488
patch_22239.png,25088,31488
patch_22240.png,25344,31488
patch_22241.png,25600,31488
patch_22242.png,25856,31488
patch_22243.png,26112,31488
patch_22244.png,26368,31488
patch_22245.png,26624,31488
patch_22246.png,26880,31488
patch_22247.png,27136,31488
patch_22248.png,27392,31488
patch_22249.png,27648,31488
patch_22250.png,27904,31488
patch_22251.png,28160,31488
patch_22252.png,28416,31488
patch_22253.png,28672,31488
patch_22254.png,28928,31488
patch_22255.png,29184,31488
patch_22256.png,29440,31488
patch_22257.png,29696,31488
patch_22258.png,29952,31488
patch_22259.png,30208,31488
patch_22260.png,30464,31488
patch_22261.png,30720,31488
patch_22262.png,30976,31488
patch_22263.png,31232,31488
patch_22264.png,31488,31488
patch_22265.png,31744,31488
patch_22266.png,32000,31488
patch_22267.png,32256,31488
patch_22268.png,32512,31488
patch_22269.png,32768,31488
patch_22270.png,33024,31488
patch_22271.png,33280,31488
patch_22272.png,33536,31488
patch_22273.png,33792,31488
patch_22274.png,34048,31488
patch_22275.png,34304,31488
patch_22276.png,34560,31488
patch_22277.png,34816,31488
patch_22278.png,35072,31488
patch_22279.png,35328,31488
patch_22280.png,35584,31488
patch_22281.png,35840,31488
patch_22282.png,36096,31488
patch_22283.png,36352,31488
patch_22284.png,36608,31488
patch_22285.png,36864,31488
patch_22286.png,37120,31488
patch_22287.png,37376,31488
patch_22288.png,37632,31488
patch_22289.png,37888,31488
patch_22290.png,38144,31488
patch_22291.png,38400,31488
patch_22292.png,38656,31488
patch_22293.png,38912,31488
patch_22294.png,39168,31488
patch_22295.png,39424,31488
patch_22296.png,39680,31488
patch_22297.png,39936,31488
patch_22298.png,40192,31488
patch_22299.png,40448,31488
patch_22300.png,40704,31488
patch_22301.png,40960,31488
patch_22302.png,41216,31488
patch_22303.png,41472,31488
patch_22304.png,41728,31488
patch_22305.png,41984,31488
patch_22306.png,42240,31488
patch_22307.png,42496,31488
patch_22308.png,42752,31488
patch_22309.png,43008,31488
patch_22310.png,43264,31488
patch_22311.png,43520,31488
patch_22312.png,43776,31488
patch_22313.png,44032,31488
patch_22314.png,44288,31488
patch_22315.png,44544,31488
patch_22316.png,44800,31488
patch_22317.png,45056,31488
patch_22318.png,45312,31488
patch_22319.png,45568,31488
patch_22320.png,45824,31488
patch_22321.png,0,31744
patch_22322.png,256,31744
patch_22323.png,512,31744
patch_22324.png,768,31744
patch_22325.png,1024,31744
patch_22326.png,1280,31744
patch_22327.png,1536,31744
patch_22328.png,1792,31744
patch_22329.png,2048,31744
patch_22330.png,2304,31744
patch_22331.png,2560,31744
patch_22332.png,2816,31744
patch_22333.png,3072,31744
patch_22334.png,3328,31744
patch_22335.png,3584,31744
patch_22336.png,3840,31744
patch_22337.png,4096,31744
patch_22338.png,4352,31744
patch_22339.png,4608,31744
patch_22340.png,4864,31744
patch_22341.png,5120,31744
patch_22342.png,5376,31744
patch_22343.png,5632,31744
patch_22344.png,5888,31744
patch_22345.png,6144,31744
patch_22346.png,6400,31744
patch_22347.png,6656,31744
patch_22348.png,6912,31744
patch_22349.png,7168,31744
patch_22350.png,7424,31744
patch_22351.png,7680,31744
patch_22352.png,7936,31744
patch_22353.png,8192,31744
patch_22354.png,8448,31744
patch_22355.png,8704,31744
patch_22356.png,8960,31744
patch_22357.png,9216,31744
patch_22358.png,9472,31744
patch_22359.png,9728,31744
patch_22360.png,9984,31744
patch_22361.png,10240,31744
patch_22362.png,10496,31744
patch_22363.png,10752,31744
patch_22364.png,11008,31744
patch_22365.png,11264,31744
patch_22366.png,11520,31744
patch_22367.png,11776,31744
patch_22368.png,12032,31744
patch_22369.png,12288,31744
patch_22370.png,12544,31744
patch_22371.png,12800,31744
patch_22372.png,13056,31744
patch_22373.png,13312,31744
patch_22374.png,13568,31744
patch_22375.png,13824,31744
patch_22376.png,14080,31744
patch_22377.png,14336,31744
patch_22378.png,14592,31744
patch_22379.png,14848,31744
patch_22380.png,15104,31744
patch_22381.png,15360,31744
patch_22382.png,15616,31744
patch_22383.png,15872,31744
patch_22384.png,16128,31744
patch_22385.png,16384,31744
patch_22386.png,16640,31744
patch_22387.png,16896,31744
patch_22388.png,17152,31744
patch_22389.png,17408,31744
patch_22390.png,17664,31744
patch_22391.png,17920,31744
patch_22392.png,18176,31744
patch_22393.png,18432,31744
patch_22394.png,18688,31744
patch_22395.png,18944,31744
patch_22396.png,19200,31744
patch_22397.png,19456,31744
patch_22398.png,19712,31744
patch_22399.png,19968,31744
patch_22400.png,20224,31744
patch_22401.png,20480,31744
patch_22402.png,20736,31744
patch_22403.png,20992,31744
patch_22404.png,21248,31744
patch_22405.png,21504,31744
patch_22406.png,21760,31744
patch_22407.png,22016,31744
patch_22408.png,22272,31744
patch_22409.png,22528,31744
patch_22410.png,22784,31744
patch_22411.png,23040,31744
patch_22412.png,23296,31744
patch_22413.png,23552,31744
patch_22414.png,23808,31744
patch_22415.png,24064,31744
patch_22416.png,24320,31744
patch_22417.png,24576,31744
patch_22418.png,24832,31744
patch_22419.png,25088,31744
patch_22420.png,25344,31744
patch_22421.png,25600,31744
patch_22422.png,25856,31744
patch_22423.png,26112,31744
patch_22424.png,26368,31744
patch_22425.png,26624,31744
patch_22426.png,26880,31744
patch_22427.png,27136,31744
patch_22428.png,27392,31744
patch_22429.png,27648,31744
patch_22430.png,27904,31744
patch_22431.png,28160,31744
patch_22432.png,28416,31744
patch_22433.png,28672,31744
patch_22434.png,28928,31744
patch_22435.png,29184,31744
patch_22436.png,29440,31744
patch_22437.png,29696,31744
patch_22438.png,29952,31744
patch_22439.png,30208,31744
patch_22440.png,30464,31744
patch_22441.png,30720,31744
patch_22442.png,30976,31744
patch_22443.png,31232,31744
patch_22444.png,31488,31744
patch_22445.png,31744,31744
patch_22446.png,32000,31744
patch_22447.png,32256,31744
patch_22448.png,32512,31744
patch_22449.png,32768,31744
patch_22450.png,33024,31744
patch_22451.png,33280,31744
patch_22452.png,33536,31744
patch_22453.png,33792,31744
patch_22454.png,34048,31744
patch_22455.png,34304,31744
patch_22456.png,34560,31744
patch_22457.png,34816,31744
patch_22458.png,35072,31744
patch_22459.png,35328,31744
patch_22460.png,35584,31744
patch_22461.png,35840,31744
patch_22462.png,36096,31744
patch_22463.png,36352,31744
patch_22464.png,36608,31744
patch_22465.png,36864,31744
patch_22466.png,37120,31744
patch_22467.png,37376,31744
patch_22468.png,37632,31744
patch_22469.png,37888,31744
patch_22470.png,38144,31744
patch_22471.png,38400,31744
patch_22472.png,38656,31744
patch_22473.png,38912,31744
patch_22474.png,39168,31744
patch_22475.png,39424,31744
patch_22476.png,39680,31744
patch_22477.png,39936,31744
patch_22478.png,40192,31744
patch_22479.png,40448,31744
patch_22480.png,40704,31744
patch_22481.png,40960,31744
patch_22482.png,41216,31744
patch_22483.png,41472,31744
patch_22484.png,41728,31744
patch_22485.png,41984,31744
patch_22486.png,42240,31744
patch_22487.png,42496,31744
patch_22488.png,42752,31744
patch_22489.png,43008,31744
patch_22490.png,43264,31744
patch_22491.png,43520,31744
patch_22492.png,43776,31744
patch_22493.png,44032,31744
patch_22494.png,44288,31744
patch_22495.png,44544,31744
patch_22496.png,44800,31744
patch_22497.png,45056,31744
patch_22498.png,45312,31744
patch_22499.png,45568,31744
patch_22500.png,45824,31744
patch_22501.png,0,32000
patch_22502.png,256,32000
patch_22503.png,512,32000
patch_22504.png,768,32000
patch_22505.png,1024,32000
patch_22506.png,1280,32000
patch_22507.png,1536,32000
patch_22508.png,1792,32000
patch_22509.png,2048,32000
patch_22510.png,2304,32000
patch_22511.png,2560,32000
patch_22512.png,2816,32000
patch_22513.png,3072,32000
patch_22514.png,3328,32000
patch_22515.png,3584,32000
patch_22516.png,3840,32000
patch_22517.png,4096,32000
patch_22518.png,4352,32000
patch_22519.png,4608,32000
patch_22520.png,4864,32000
patch_22521.png,5120,32000
patch_22522.png,5376,32000
patch_22523.png,5632,32000
patch_22524.png,5888,32000
patch_22525.png,6144,32000
patch_22526.png,6400,32000
patch_22527.png,6656,32000
patch_22528.png,6912,32000
patch_22529.png,7168,32000
patch_22530.png,7424,32000
patch_22531.png,7680,32000
patch_22532.png,7936,32000
patch_22533.png,8192,32000
patch_22534.png,8448,32000
patch_22535.png,8704,32000
patch_22536.png,8960,32000
patch_22537.png,9216,32000
patch_22538.png,9472,32000
patch_22539.png,9728,32000
patch_22540.png,9984,32000
patch_22541.png,10240,32000
patch_22542.png,10496,32000
patch_22543.png,10752,32000
patch_22544.png,11008,32000
patch_22545.png,11264,32000
patch_22546.png,11520,32000
patch_22547.png,11776,32000
patch_22548.png,12032,32000
patch_22549.png,12288,32000
patch_22550.png,12544,32000
patch_22551.png,12800,32000
patch_22552.png,13056,32000
patch_22553.png,13312,32000
patch_22554.png,13568,32000
patch_22555.png,13824,32000
patch_22556.png,14080,32000
patch_22557.png,14336,32000
patch_22558.png,14592,32000
patch_22559.png,14848,32000
patch_22560.png,15104,32000
patch_22561.png,15360,32000
patch_22562.png,15616,32000
patch_22563.png,15872,32000
patch_22564.png,16128,32000
patch_22565.png,16384,32000
patch_22566.png,16640,32000
patch_22567.png,16896,32000
patch_22568.png,17152,32000
patch_22569.png,17408,32000
patch_22570.png,17664,32000
patch_22571.png,17920,32000
patch_22572.png,18176,32000
patch_22573.png,18432,32000
patch_22574.png,18688,32000
patch_22575.png,18944,32000
patch_22576.png,19200,32000
patch_22577.png,19456,32000
patch_22578.png,19712,32000
patch_22579.png,19968,32000
patch_22580.png,20224,32000
patch_22581.png,20480,32000
patch_22582.png,20736,32000
patch_22583.png,20992,32000
patch_22584.png,21248,32000
patch_22585.png,21504,32000
patch_22586.png,21760,32000
patch_22587.png,22016,32000
patch_22588.png,22272,32000
patch_22589.png,22528,32000
patch_22590.png,22784,32000
patch_22591.png,23040,32000
patch_22592.png,23296,32000
patch_22593.png,23552,32000
patch_22594.png,23808,32000
patch_22595.png,24064,32000
patch_22596.png,24320,32000
patch_22597.png,24576,32000
patch_22598.png,24832,32000
patch_22599.png,25088,32000
patch_22600.png,25344,32000
patch_22601.png,25600,32000
patch_22602.png,25856,32000
patch_22603.png,26112,32000
patch_22604.png,26368,32000
patch_22605.png,26624,32000
patch_22606.png,26880,32000
patch_22607.png,27136,32000
patch_22608.png,27392,32000
patch_22609.png,27648,32000
patch_22610.png,27904,32000
patch_22611.png,28160,32000
patch_22612.png,28416,32000
patch_22613.png,28672,32000
patch_22614.png,28928,32000
patch_22615.png,29184,32000
patch_22616.png,29440,32000
patch_22617.png,29696,32000
patch_22618.png,29952,32000
patch_22619.png,30208,32000
patch_22620.png,30464,32000
patch_22621.png,30720,32000
patch_22622.png,30976,32000
patch_22623.png,31232,32000
patch_22624.png,31488,32000
patch_22625.png,31744,32000
patch_22626.png,32000,32000
patch_22627.png,32256,32000
patch_22628.png,32512,32000
patch_22629.png,32768,32000
patch_22630.png,33024,32000
patch_22631.png,33280,32000
patch_22632.png,33536,32000
patch_22633.png,33792,32000
patch_22634.png,34048,32000
patch_22635.png,34304,32000
patch_22636.png,34560,32000
patch_22637.png,34816,32000
patch_22638.png,35072,32000
patch_22639.png,35328,32000
patch_22640.png,35584,32000
patch_22641.png,35840,32000
patch_22642.png,36096,32000
patch_22643.png,36352,32000
patch_22644.png,36608,32000
patch_22645.png,36864,32000
patch_22646.png,37120,32000
patch_22647.png,37376,32000
patch_22648.png,37632,32000
patch_22649.png,37888,32000
patch_22650.png,38144,32000
patch_22651.png,38400,32000
patch_22652.png,38656,32000
patch_22653.png,38912,32000
patch_22654.png,39168,32000
patch_22655.png,39424,32000
patch_22656.png,39680,32000
patch_22657.png,39936,32000
patch_22658.png,40192,32000
patch_22659.png,40448,32000
patch_22660.png,40704,32000
patch_22661.png,40960,32000
patch_22662.png,41216,32000
patch_22663.png,41472,32000
patch_22664.png,41728,32000
patch_22665.png,41984,32000
patch_22666.png,42240,32000
patch_22667.png,42496,32000
patch_22668.png,42752,32000
patch_22669.png,43008,32000
patch_22670.png,43264,32000
patch_22671.png,43520,32000
patch_22672.png,43776,32000
patch_22673.png,44032,32000
patch_22674.png,44288,32000
patch_22675.png,44544,32000
patch_22676.png,44800,32000
patch_22677.png,45056,32000
patch_22678.png,45312,32000
patch_22679.png,45568,32000
patch_22680.png,45824,32000
patch_22681.png,0,32256
patch_22682.png,256,32256
patch_22683.png,512,32256
patch_22684.png,768,32256
patch_22685.png,1024,32256
patch_22686.png,1280,32256
patch_22687.png,1536,32256
patch_22688.png,1792,32256
patch_22689.png,2048,32256
patch_22690.png,2304,32256
patch_22691.png,2560,32256
patch_22692.png,2816,32256
patch_22693.png,3072,32256
patch_22694.png,3328,32256
patch_22695.png,3584,32256
patch_22696.png,3840,32256
patch_22697.png,4096,32256
patch_22698.png,4352,32256
patch_22699.png,4608,32256
patch_22700.png,4864,32256
patch_22701.png,5120,32256
patch_22702.png,5376,32256
patch_22703.png,5632,32256
patch_22704.png,5888,32256
patch_22705.png,6144,32256
patch_22706.png,6400,32256
patch_22707.png,6656,32256
patch_22708.png,6912,32256
patch_22709.png,7168,32256
patch_22710.png,7424,32256
patch_22711.png,7680,32256
patch_22712.png,7936,32256
patch_22713.png,8192,32256
patch_22714.png,8448,32256
patch_22715.png,8704,32256
patch_22716.png,8960,32256
patch_22717.png,9216,32256
patch_22718.png,9472,32256
patch_22719.png,9728,32256
patch_22720.png,9984,32256
patch_22721.png,10240,32256
patch_22722.png,10496,32256
patch_22723.png,10752,32256
patch_22724.png,11008,32256
patch_22725.png,11264,32256
patch_22726.png,11520,32256
patch_22727.png,11776,32256
patch_22728.png,12032,32256
patch_22729.png,12288,32256
patch_22730.png,12544,32256
patch_22731.png,12800,32256
patch_22732.png,13056,32256
patch_22733.png,13312,32256
patch_22734.png,13568,32256
patch_22735.png,13824,32256
patch_22736.png,14080,32256
patch_22737.png,14336,32256
patch_22738.png,14592,32256
patch_22739.png,14848,32256
patch_22740.png,15104,32256
patch_22741.png,15360,32256
patch_22742.png,15616,32256
patch_22743.png,15872,32256
patch_22744.png,16128,32256
patch_22745.png,16384,32256
patch_22746.png,16640,32256
patch_22747.png,16896,32256
patch_22748.png,17152,32256
patch_22749.png,17408,32256
patch_22750.png,17664,32256
patch_22751.png,17920,32256
patch_22752.png,18176,32256
patch_22753.png,18432,32256
patch_22754.png,18688,32256
patch_22755.png,18944,32256
patch_22756.png,19200,32256
patch_22757.png,19456,32256
patch_22758.png,19712,32256
patch_22759.png,19968,32256
patch_22760.png,20224,32256
patch_22761.png,20480,32256
patch_22762.png,20736,32256
patch_22763.png,20992,32256
patch_22764.png,21248,32256
patch_22765.png,21504,32256
patch_22766.png,21760,32256
patch_22767.png,22016,32256
patch_22768.png,22272,32256
patch_22769.png,22528,32256
patch_22770.png,22784,32256
patch_22771.png,23040,32256
patch_22772.png,23296,32256
patch_22773.png,23552,32256
patch_22774.png,23808,32256
patch_22775.png,24064,32256
patch_22776.png,24320,32256
patch_22777.png,24576,32256
patch_22778.png,24832,32256
patch_22779.png,25088,32256
patch_22780.png,25344,32256
patch_22781.png,25600,32256
patch_22782.png,25856,32256
patch_22783.png,26112,32256
patch_22784.png,26368,32256
patch_22785.png,26624,32256
patch_22786.png,26880,32256
patch_22787.png,27136,32256
patch_22788.png,27392,32256
patch_22789.png,27648,32256
patch_22790.png,27904,32256
patch_22791.png,28160,32256
patch_22792.png,28416,32256
patch_22793.png,28672,32256
patch_22794.png,28928,32256
patch_22795.png,29184,32256
patch_22796.png,29440,32256
patch_22797.png,29696,32256
patch_22798.png,29952,32256
patch_22799.png,30208,32256
patch_22800.png,30464,32256
patch_22801.png,30720,32256
patch_22802.png,30976,32256
patch_22803.png,31232,32256
patch_22804.png,31488,32256
patch_22805.png,31744,32256
patch_22806.png,32000,32256
patch_22807.png,32256,32256
patch_22808.png,32512,32256
patch_22809.png,32768,32256
patch_22810.png,33024,32256
patch_22811.png,33280,32256
patch_22812.png,33536,32256
patch_22813.png,33792,32256
patch_22814.png,34048,32256
patch_22815.png,34304,32256
patch_22816.png,34560,32256
patch_22817.png,34816,32256
patch_22818.png,35072,32256
patch_22819.png,35328,32256
patch_22820.png,35584,32256
patch_22821.png,35840,32256
patch_22822.png,36096,32256
patch_22823.png,36352,32256
patch_22824.png,36608,32256
patch_22825.png,36864,32256
patch_22826.png,37120,32256
patch_22827.png,37376,32256
patch_22828.png,37632,32256
patch_22829.png,37888,32256
patch_22830.png,38144,32256
patch_22831.png,38400,32256
patch_22832.png,38656,32256
patch_22833.png,38912,32256
patch_22834.png,39168,32256
patch_22835.png,39424,32256
patch_22836.png,39680,32256
patch_22837.png,39936,32256
patch_22838.png,40192,32256
patch_22839.png,40448,32256
patch_22840.png,40704,32256
patch_22841.png,40960,32256
patch_22842.png,41216,32256
patch_22843.png,41472,32256
patch_22844.png,41728,32256
patch_22845.png,41984,32256
patch_22846.png,42240,32256
patch_22847.png,42496,32256
patch_22848.png,42752,32256
patch_22849.png,43008,32256
patch_22850.png,43264,32256
patch_22851.png,43520,32256
patch_22852.png,43776,32256
patch_22853.png,44032,32256
patch_22854.png,44288,32256
patch_22855.png,44544,32256
patch_22856.png,44800,32256
patch_22857.png,45056,32256
patch_22858.png,45312,32256
patch_22859.png,45568,32256
patch_22860.png,45824,32256
patch_22861.png,0,32512
patch_22862.png,256,32512
patch_22863.png,512,32512
patch_22864.png,768,32512
patch_22865.png,1024,32512
patch_22866.png,1280,32512
patch_22867.png,1536,32512
patch_22868.png,1792,32512
patch_22869.png,2048,32512
patch_22870.png,2304,32512
patch_22871.png,2560,32512
patch_22872.png,2816,32512
patch_22873.png,3072,32512
patch_22874.png,3328,32512
patch_22875.png,3584,32512
patch_22876.png,3840,32512
patch_22877.png,4096,32512
patch_22878.png,4352,32512
patch_22879.png,4608,32512
patch_22880.png,4864,32512
patch_22881.png,5120,32512
patch_22882.png,5376,32512
patch_22883.png,5632,32512
patch_22884.png,5888,32512
patch_22885.png,6144,32512
patch_22886.png,6400,32512
patch_22887.png,6656,32512
patch_22888.png,6912,32512
patch_22889.png,7168,32512
patch_22890.png,7424,32512
patch_22891.png,7680,32512
patch_22892.png,7936,32512
patch_22893.png,8192,32512
patch_22894.png,8448,32512
patch_22895.png,8704,32512
patch_22896.png,8960,32512
patch_22897.png,9216,32512
patch_22898.png,9472,32512
patch_22899.png,9728,32512
patch_22900.png,9984,32512
patch_22901.png,10240,32512
patch_22902.png,10496,32512
patch_22903.png,10752,32512
patch_22904.png,11008,32512
patch_22905.png,11264,32512
patch_22906.png,11520,32512
patch_22907.png,11776,32512
patch_22908.png,12032,32512
patch_22909.png,12288,32512
patch_22910.png,12544,32512
patch_22911.png,12800,32512
patch_22912.png,13056,32512
patch_22913.png,13312,32512
patch_22914.png,13568,32512
patch_22915.png,13824,32512
patch_22916.png,14080,32512
patch_22917.png,14336,32512
patch_22918.png,14592,32512
patch_22919.png,14848,32512
patch_22920.png,15104,32512
patch_22921.png,15360,32512
patch_22922.png,15616,32512
patch_22923.png,15872,32512
patch_22924.png,16128,32512
patch_22925.png,16384,32512
patch_22926.png,16640,32512
patch_22927.png,16896,32512
patch_22928.png,17152,32512
patch_22929.png,17408,32512
patch_22930.png,17664,32512
patch_22931.png,17920,32512
patch_22932.png,18176,32512
patch_22933.png,18432,32512
patch_22934.png,18688,32512
patch_22935.png,18944,32512
patch_22936.png,19200,32512
patch_22937.png,19456,32512
patch_22938.png,19712,32512
patch_22939.png,19968,32512
patch_22940.png,20224,32512
patch_22941.png,20480,32512
patch_22942.png,20736,32512
patch_22943.png,20992,32512
patch_22944.png,21248,32512
patch_22945.png,21504,32512
patch_22946.png,21760,32512
patch_22947.png,22016,32512
patch_22948.png,22272,32512
patch_22949.png,22528,32512
patch_22950.png,22784,32512
patch_22951.png,23040,32512
patch_22952.png,23296,32512
patch_22953.png,23552,32512
patch_22954.png,23808,32512
patch_22955.png,24064,32512
patch_22956.png,24320,32512
patch_22957.png,24576,32512
patch_22958.png,24832,32512
patch_22959.png,25088,32512
patch_22960.png,25344,32512
patch_22961.png,25600,32512
patch_22962.png,25856,32512
patch_22963.png,26112,32512
patch_22964.png,26368,32512
patch_22965.png,26624,32512
patch_22966.png,26880,32512
patch_22967.png,27136,32512
patch_22968.png,27392,32512
patch_22969.png,27648,32512
patch_22970.png,27904,32512
patch_22971.png,28160,32512
patch_22972.png,28416,32512
patch_22973.png,28672,32512
patch_22974.png,28928,32512
patch_22975.png,29184,32512
patch_22976.png,29440,32512
patch_22977.png,29696,32512
patch_22978.png,29952,32512
patch_22979.png,30208,32512
patch_22980.png,30464,32512
patch_22981.png,30720,32512
patch_22982.png,30976,32512
patch_22983.png,31232,32512
patch_22984.png,31488,32512
patch_22985.png,31744,32512
patch_22986.png,32000,32512
patch_22987.png,32256,32512
patch_22988.png,32512,32512
patch_22989.png,32768,32512
patch_22990.png,33024,32512
patch_22991.png,33280,32512
patch_22992.png,33536,32512
patch_22993.png,33792,32512
patch_22994.png,34048,32512
patch_22995.png,34304,32512
patch_22996.png,34560,32512
patch_22997.png,34816,32512
patch_22998.png,35072,32512
patch_22999.png,35328,32512
patch_23000.png,35584,32512
patch_23001.png,35840,32512
patch_23002.png,36096,32512
patch_23003.png,36352,32512
patch_23004.png,36608,32512
patch_23005.png,36864,32512
patch_23006.png,37120,32512
patch_23007.png,37376,32512
patch_23008.png,37632,32512
patch_23009.png,37888,32512
patch_23010.png,38144,32512
patch_23011.png,38400,32512
patch_23012.png,38656,32512
patch_23013.png,38912,32512
patch_23014.png,39168,32512
patch_23015.png,39424,32512
patch_23016.png,39680,32512
patch_23017.png,39936,32512
patch_23018.png,40192,32512
patch_23019.png,40448,32512
patch_23020.png,40704,32512
patch_23021.png,40960,32512
patch_23022.png,41216,32512
patch_23023.png,41472,32512
patch_23024.png,41728,32512
patch_23025.png,41984,32512
patch_23026.png,42240,32512
patch_23027.png,42496,32512
patch_23028.png,42752,32512
patch_23029.png,43008,32512
patch_23030.png,43264,32512
patch_23031.png,43520,32512
patch_23032.png,43776,32512
patch_23033.png,44032,32512
patch_23034.png,44288,32512
patch_23035.png,44544,32512
patch_23036.png,44800,32512
patch_23037.png,45056,32512
patch_23038.png,45312,32512
patch_23039.png,45568,32512
patch_23040.png,45824,32512
patch_23041.png,0,32768
patch_23042.png,256,32768
patch_23043.png,512,32768
patch_23044.png,768,32768
patch_23045.png,1024,32768
patch_23046.png,1280,32768
patch_23047.png,1536,32768
patch_23048.png,1792,32768
patch_23049.png,2048,32768
patch_23050.png,2304,32768
patch_23051.png,2560,32768
patch_23052.png,2816,32768
patch_23053.png,3072,32768
patch_23054.png,3328,32768
patch_23055.png,3584,32768
patch_23056.png,3840,32768
patch_23057.png,4096,32768
patch_23058.png,4352,32768
patch_23059.png,4608,32768
patch_23060.png,4864,32768
patch_23061.png,5120,32768
patch_23062.png,5376,32768
patch_23063.png,5632,32768
patch_23064.png,5888,32768
patch_23065.png,6144,32768
patch_23066.png,6400,32768
patch_23067.png,6656,32768
patch_23068.png,6912,32768
patch_23069.png,7168,32768
patch_23070.png,7424,32768
patch_23071.png,7680,32768
patch_23072.png,7936,32768
patch_23073.png,8192,32768
patch_23074.png,8448,32768
patch_23075.png,8704,32768
patch_23076.png,8960,32768
patch_23077.png,9216,32768
patch_23078.png,9472,32768
patch_23079.png,9728,32768
patch_23080.png,9984,32768
patch_23081.png,10240,32768
patch_23082.png,10496,32768
patch_23083.png,10752,32768
patch_23084.png,11008,32768
patch_23085.png,11264,32768
patch_23086.png,11520,32768
patch_23087.png,11776,32768
patch_23088.png,12032,32768
patch_23089.png,12288,32768
patch_23090.png,12544,32768
patch_23091.png,12800,32768
patch_23092.png,13056,32768
patch_23093.png,13312,32768
patch_23094.png,13568,32768
patch_23095.png,13824,32768
patch_23096.png,14080,32768
patch_23097.png,14336,32768
patch_23098.png,14592,32768
patch_23099.png,14848,32768
patch_23100.png,15104,32768
patch_23101.png,15360,32768
patch_23102.png,15616,32768
patch_23103.png,15872,32768
patch_23104.png,16128,32768
patch_23105.png,16384,32768
patch_23106.png,16640,32768
patch_23107.png,16896,32768
patch_23108.png,17152,32768
patch_23109.png,17408,32768
patch_23110.png,17664,32768
patch_23111.png,17920,32768
patch_23112.png,18176,32768
patch_23113.png,18432,32768
patch_23114.png,18688,32768
patch_23115.png,18944,32768
patch_23116.png,19200,32768
patch_23117.png,19456,32768
patch_23118.png,19712,32768
patch_23119.png,19968,32768
patch_23120.png,20224,32768
patch_23121.png,20480,32768
patch_23122.png,20736,32768
patch_23123.png,20992,32768
patch_23124.png,21248,32768
patch_23125.png,21504,32768
patch_23126.png,21760,32768
patch_23127.png,22016,32768
patch_23128.png,22272,32768
patch_23129.png,22528,32768
patch_23130.png,22784,32768
patch_23131.png,23040,32768
patch_23132.png,23296,32768
patch_23133.png,23552,32768
patch_23134.png,23808,32768
patch_23135.png,24064,32768
patch_23136.png,24320,32768
patch_23137.png,24576,32768
patch_23138.png,24832,32768
patch_23139.png,25088,32768
patch_23140.png,25344,32768
patch_23141.png,25600,32768
patch_23142.png,25856,32768
patch_23143.png,26112,32768
patch_23144.png,26368,32768
patch_23145.png,26624,32768
patch_23146.png,26880,32768
patch_23147.png,27136,32768
patch_23148.png,27392,32768
patch_23149.png,27648,32768
patch_23150.png,27904,32768
patch_23151.png,28160,32768
patch_23152.png,28416,32768
patch_23153.png,28672,32768
patch_23154.png,28928,32768
patch_23155.png,29184,32768
patch_23156.png,29440,32768
patch_23157.png,29696,32768
patch_23158.png,29952,32768
patch_23159.png,30208,32768
patch_23160.png,30464,32768
patch_23161.png,30720,32768
patch_23162.png,30976,32768
patch_23163.png,31232,32768
patch_23164.png,31488,32768
patch_23165.png,31744,32768
patch_23166.png,32000,32768
patch_23167.png,32256,32768
patch_23168.png,32512,32768
patch_23169.png,32768,32768
patch_23170.png,33024,32768
patch_23171.png,33280,32768
patch_23172.png,33536,32768
patch_23173.png,33792,32768
patch_23174.png,34048,32768
patch_23175.png,34304,32768
patch_23176.png,34560,32768
patch_23177.png,34816,32768
patch_23178.png,35072,32768
patch_23179.png,35328,32768
patch_23180.png,35584,32768
patch_23181.png,35840,32768
patch_23182.png,36096,32768
patch_23183.png,36352,32768
patch_23184.png,36608,32768
patch_23185.png,36864,32768
patch_23186.png,37120,32768
patch_23187.png,37376,32768
patch_23188.png,37632,32768
patch_23189.png,37888,32768
patch_23190.png,38144,32768
patch_23191.png,38400,32768
patch_23192.png,38656,32768
patch_23193.png,38912,32768
patch_23194.png,39168,32768
patch_23195.png,39424,32768
patch_23196.png,39680,32768
patch_23197.png,39936,32768
patch_23198.png,40192,32768
patch_23199.png,40448,32768
patch_23200.png,40704,32768
patch_23201.png,40960,32768
patch_23202.png,41216,32768
patch_23203.png,41472,32768
patch_23204.png,41728,32768
patch_23205.png,41984,32768
patch_23206.png,42240,32768
patch_23207.png,42496,32768
patch_23208.png,42752,32768
patch_23209.png,43008,32768
patch_23210.png,43264,32768
patch_23211.png,43520,32768
patch_23212.png,43776,32768
patch_23213.png,44032,32768
patch_23214.png,44288,32768
patch_23215.png,44544,32768
patch_23216.png,44800,32768
patch_23217.png,45056,32768
patch_23218.png,45312,32768
patch_23219.png,45568,32768
patch_23220.png,45824,32768
